ISO-10303-21;
HEADER;
/* Generated by software containing ST-Developer
 * from STEP Tools, Inc. (www.steptools.com) 
 */
/* OPTION: using custom renumber hook */

FILE_DESCRIPTION(
/* description */ ('STEP AP214'),
/* implementation_level */ '2;1');

FILE_NAME(
/* name */ 'GEP2010IL-00-B(01CSTE008461)',
/* time_stamp */ '2026-05-08T09:22:03+02:00',
/* author */ ('License CC BY-ND 4.0'),
/* organization */ ('CADENAS'),
/* preprocessor_version */ 'ST-DEVELOPER v20',
/* originating_system */ 'PARTsolutions',
/* authorisation */ '  ');

FILE_SCHEMA (('AUTOMOTIVE_DESIGN {1 0 10303 214 3 1 1}'));
ENDSEC;

DATA;
#10=PROPERTY_DEFINITION_REPRESENTATION(#14,#12);
#11=PROPERTY_DEFINITION_REPRESENTATION(#15,#13);
#12=REPRESENTATION('',(#16),#14863);
#13=REPRESENTATION('',(#17),#14863);
#14=PROPERTY_DEFINITION('pmi validation property','',#14876);
#15=PROPERTY_DEFINITION('pmi validation property','',#14876);
#16=VALUE_REPRESENTATION_ITEM('number of annotations',COUNT_MEASURE(0.));
#17=VALUE_REPRESENTATION_ITEM('number of views',COUNT_MEASURE(0.));
#18=B_SPLINE_SURFACE_WITH_KNOTS('',1,1,((#14755,#14756),(#14757,#14758)),
 .RULED_SURF.,.F.,.F.,.F.,(2,2),(2,2),(0.,1.),(0.,1.),
 .PIECEWISE_BEZIER_KNOTS.);
#19=B_SPLINE_SURFACE_WITH_KNOTS('',1,1,((#14760,#14761),(#14762,#14763)),
 .RULED_SURF.,.F.,.F.,.F.,(2,2),(2,2),(0.,1.),(0.,1.),
 .PIECEWISE_BEZIER_KNOTS.);
#20=B_SPLINE_SURFACE_WITH_KNOTS('',1,1,((#14781,#14782),(#14783,#14784)),
 .RULED_SURF.,.F.,.F.,.F.,(2,2),(2,2),(0.,1.),(0.,1.),
 .PIECEWISE_BEZIER_KNOTS.);
#21=B_SPLINE_SURFACE_WITH_KNOTS('',1,1,((#14786,#14787),(#14788,#14789)),
 .RULED_SURF.,.F.,.F.,.F.,(2,2),(2,2),(0.,1.),(0.,1.),
 .PIECEWISE_BEZIER_KNOTS.);
#22=B_SPLINE_SURFACE_WITH_KNOTS('',1,1,((#14823,#14824),(#14825,#14826)),
 .RULED_SURF.,.F.,.F.,.F.,(2,2),(2,2),(0.,1.),(0.,1.),
 .PIECEWISE_BEZIER_KNOTS.);
#23=B_SPLINE_SURFACE_WITH_KNOTS('',1,1,((#14828,#14829),(#14830,#14831)),
 .RULED_SURF.,.F.,.F.,.F.,(2,2),(2,2),(0.,1.),(0.,1.),
 .PIECEWISE_BEZIER_KNOTS.);
#24=B_SPLINE_SURFACE_WITH_KNOTS('',1,1,((#14849,#14850),(#14851,#14852)),
 .RULED_SURF.,.F.,.F.,.F.,(2,2),(2,2),(0.,1.),(0.,1.),
 .PIECEWISE_BEZIER_KNOTS.);
#25=B_SPLINE_SURFACE_WITH_KNOTS('',1,1,((#14854,#14855),(#14856,#14857)),
 .RULED_SURF.,.F.,.F.,.F.,(2,2),(2,2),(0.,1.),(0.,1.),
 .PIECEWISE_BEZIER_KNOTS.);
#26=MANIFOLD_SOLID_BREP('CSTE00846_Stecker-',#8700);
#27=MANIFOLD_SOLID_BREP('CTYP00096_Etikett',#8701);
#28=MANIFOLD_SOLID_BREP('GEP2010IL-00-B_bac 1',#8702);
#29=CONTEXT_DEPENDENT_SHAPE_REPRESENTATION(#39,#14878);
#30=CONTEXT_DEPENDENT_SHAPE_REPRESENTATION(#40,#14880);
#31=CONTEXT_DEPENDENT_SHAPE_REPRESENTATION(#41,#14882);
#32=CONTEXT_DEPENDENT_SHAPE_REPRESENTATION(#42,#14884);
#33=CONTEXT_DEPENDENT_SHAPE_REPRESENTATION(#43,#14885);
#34=NEXT_ASSEMBLY_USAGE_OCCURRENCE('NAUO1','GEP2010IL-00-B1_ZYL',
'GEP2010IL-00-B1_ZYL',#14886,#14887,'');
#35=NEXT_ASSEMBLY_USAGE_OCCURRENCE('NAUO2','CSTE00846_Stecker-',
'CSTE00846_Stecker-',#14886,#14888,'');
#36=NEXT_ASSEMBLY_USAGE_OCCURRENCE('NAUO3','CTYP00096_Etikett',
'CTYP00096_Etikett',#14886,#14889,'');
#37=NEXT_ASSEMBLY_USAGE_OCCURRENCE('NAUO4','GEP2010IL-00-B_bac 1',
'GEP2010IL-00-B_bac 1',#14886,#14890,'');
#38=NEXT_ASSEMBLY_USAGE_OCCURRENCE('NAUO5','GEP2010IL-00-B_bac 1',
'GEP2010IL-00-B_bac 1',#14886,#14890,'');
#39=(
REPRESENTATION_RELATIONSHIP(' ',' ',#8740,#8739)
REPRESENTATION_RELATIONSHIP_WITH_TRANSFORMATION(#44)
SHAPE_REPRESENTATION_RELATIONSHIP()
);
#40=(
REPRESENTATION_RELATIONSHIP(' ',' ',#8741,#8739)
REPRESENTATION_RELATIONSHIP_WITH_TRANSFORMATION(#45)
SHAPE_REPRESENTATION_RELATIONSHIP()
);
#41=(
REPRESENTATION_RELATIONSHIP(' ',' ',#8742,#8739)
REPRESENTATION_RELATIONSHIP_WITH_TRANSFORMATION(#46)
SHAPE_REPRESENTATION_RELATIONSHIP()
);
#42=(
REPRESENTATION_RELATIONSHIP(' ',' ',#8743,#8739)
REPRESENTATION_RELATIONSHIP_WITH_TRANSFORMATION(#47)
SHAPE_REPRESENTATION_RELATIONSHIP()
);
#43=(
REPRESENTATION_RELATIONSHIP(' ',' ',#8743,#8739)
REPRESENTATION_RELATIONSHIP_WITH_TRANSFORMATION(#48)
SHAPE_REPRESENTATION_RELATIONSHIP()
);
#44=ITEM_DEFINED_TRANSFORMATION(' ',' ',#8744,#9025);
#45=ITEM_DEFINED_TRANSFORMATION(' ',' ',#8744,#9176);
#46=ITEM_DEFINED_TRANSFORMATION(' ',' ',#8744,#9507);
#47=ITEM_DEFINED_TRANSFORMATION(' ',' ',#8744,#9608);
#48=ITEM_DEFINED_TRANSFORMATION(' ',' ',#8744,#9609);
#49=SHAPE_REPRESENTATION_RELATIONSHIP('','',#8740,#53);
#50=SHAPE_REPRESENTATION_RELATIONSHIP('','',#8741,#54);
#51=SHAPE_REPRESENTATION_RELATIONSHIP('','',#8742,#55);
#52=SHAPE_REPRESENTATION_RELATIONSHIP('','',#8743,#56);
#53=ADVANCED_BREP_SHAPE_REPRESENTATION('',(#8733),#14864);
#54=ADVANCED_BREP_SHAPE_REPRESENTATION('',(#26),#14865);
#55=ADVANCED_BREP_SHAPE_REPRESENTATION('',(#27),#14866);
#56=ADVANCED_BREP_SHAPE_REPRESENTATION('',(#28),#14867);
#57=ORIENTED_CLOSED_SHELL('',*,#8698,.F.);
#58=ORIENTED_CLOSED_SHELL('',*,#8699,.F.);
#59=(
BOUNDED_SURFACE()
B_SPLINE_SURFACE(3,2,((#12859,#12860,#12861),(#12862,#12863,#12864),(#12865,
#12866,#12867),(#12868,#12869,#12870)),.UNSPECIFIED.,.F.,.F.,.F.)
B_SPLINE_SURFACE_WITH_KNOTS((4,4),(3,3),(0.,0.00619614700919128),(0.,1.),
 .PIECEWISE_BEZIER_KNOTS.)
GEOMETRIC_REPRESENTATION_ITEM()
RATIONAL_B_SPLINE_SURFACE(((1.,0.954735613587242,1.),(1.,0.952606111417377,
1.),(1.,0.950532337718855,1.),(1.,0.948510118769187,1.)))
REPRESENTATION_ITEM('')
SURFACE()
);
#60=(
BOUNDED_SURFACE()
B_SPLINE_SURFACE(3,2,((#12878,#12879,#12880),(#12881,#12882,#12883),(#12884,
#12885,#12886),(#12887,#12888,#12889)),.UNSPECIFIED.,.F.,.F.,.F.)
B_SPLINE_SURFACE_WITH_KNOTS((4,4),(3,3),(-2.08166817117217E-17,0.00619614700919129),
(0.,1.),.PIECEWISE_BEZIER_KNOTS.)
GEOMETRIC_REPRESENTATION_ITEM()
RATIONAL_B_SPLINE_SURFACE(((1.,0.954735613587242,1.),(1.,0.952606111417377,
1.),(1.,0.950532337718855,1.),(1.,0.948510118769187,1.)))
REPRESENTATION_ITEM('')
SURFACE()
);
#61=(
BOUNDED_SURFACE()
B_SPLINE_SURFACE(3,2,((#12890,#12891,#12892),(#12893,#12894,#12895),(#12896,
#12897,#12898),(#12899,#12900,#12901)),.UNSPECIFIED.,.F.,.F.,.F.)
B_SPLINE_SURFACE_WITH_KNOTS((4,4),(3,3),(0.,0.00619614700919128),(0.,1.),
 .PIECEWISE_BEZIER_KNOTS.)
GEOMETRIC_REPRESENTATION_ITEM()
RATIONAL_B_SPLINE_SURFACE(((1.,0.954735613587242,1.),(1.,0.952606111419326,
1.),(1.,0.950532337717135,1.),(1.,0.948510118769187,1.)))
REPRESENTATION_ITEM('')
SURFACE()
);
#62=(
BOUNDED_SURFACE()
B_SPLINE_SURFACE(3,2,((#12909,#12910,#12911),(#12912,#12913,#12914),(#12915,
#12916,#12917),(#12918,#12919,#12920)),.UNSPECIFIED.,.F.,.F.,.F.)
B_SPLINE_SURFACE_WITH_KNOTS((4,4),(3,3),(-2.08166817117217E-17,0.00619614700919129),
(0.,1.),.PIECEWISE_BEZIER_KNOTS.)
GEOMETRIC_REPRESENTATION_ITEM()
RATIONAL_B_SPLINE_SURFACE(((1.,0.954735613587242,1.),(1.,0.952606111419326,
1.),(1.,0.950532337717135,1.),(1.,0.948510118769187,1.)))
REPRESENTATION_ITEM('')
SURFACE()
);
#63=VERTEX_LOOP('',#5591);
#64=VERTEX_LOOP('',#5593);
#65=ELLIPSE('',#8778,2.29244018460678,1.62099999999999);
#66=ELLIPSE('',#8779,2.29244018460678,1.62099999999999);
#67=ELLIPSE('',#8780,2.29244018460678,1.62099999999999);
#68=ELLIPSE('',#8783,2.29244018460678,1.62099999999999);
#69=ELLIPSE('',#8784,2.29244018460678,1.62099999999999);
#70=ELLIPSE('',#8785,2.29244018460678,1.62099999999999);
#71=ELLIPSE('',#8788,2.29244018460676,1.62099999999998);
#72=ELLIPSE('',#8789,2.29244018460676,1.62099999999998);
#73=ELLIPSE('',#8790,2.29244018460676,1.62099999999998);
#74=ELLIPSE('',#8793,2.29244018460676,1.62099999999998);
#75=ELLIPSE('',#8794,2.29244018460676,1.62099999999998);
#76=ELLIPSE('',#8795,2.29244018460676,1.62099999999998);
#77=CYLINDRICAL_SURFACE('',#8776,1.62099999999999);
#78=CYLINDRICAL_SURFACE('',#8781,1.62099999999999);
#79=CYLINDRICAL_SURFACE('',#8786,1.62099999999996);
#80=CYLINDRICAL_SURFACE('',#8791,1.62099999999996);
#81=CYLINDRICAL_SURFACE('',#8809,2.);
#82=CYLINDRICAL_SURFACE('',#8813,2.);
#83=CYLINDRICAL_SURFACE('',#8817,2.);
#84=CYLINDRICAL_SURFACE('',#8821,2.);
#85=CYLINDRICAL_SURFACE('',#8829,2.);
#86=CYLINDRICAL_SURFACE('',#8833,2.);
#87=CYLINDRICAL_SURFACE('',#8841,2.);
#88=CYLINDRICAL_SURFACE('',#8845,2.);
#89=CYLINDRICAL_SURFACE('',#8862,0.5);
#90=CYLINDRICAL_SURFACE('',#8869,0.5);
#91=CYLINDRICAL_SURFACE('',#8871,0.5);
#92=CYLINDRICAL_SURFACE('',#8877,0.5);
#93=CYLINDRICAL_SURFACE('',#8879,0.199999999999999);
#94=CYLINDRICAL_SURFACE('',#8882,0.200000000000002);
#95=CYLINDRICAL_SURFACE('',#8886,1.89999999999999);
#96=CYLINDRICAL_SURFACE('',#8890,0.200000000000002);
#97=CYLINDRICAL_SURFACE('',#8891,0.199999999999999);
#98=CYLINDRICAL_SURFACE('',#8895,1.89999999999999);
#99=CYLINDRICAL_SURFACE('',#8921,3.5);
#100=CYLINDRICAL_SURFACE('',#8922,3.5);
#101=CYLINDRICAL_SURFACE('',#8927,3.5);
#102=CYLINDRICAL_SURFACE('',#8936,3.5);
#103=CYLINDRICAL_SURFACE('',#8940,1.621);
#104=CYLINDRICAL_SURFACE('',#8941,1.621);
#105=CYLINDRICAL_SURFACE('',#8942,1.621);
#106=CYLINDRICAL_SURFACE('',#8948,1.621);
#107=CYLINDRICAL_SURFACE('',#8949,1.621);
#108=CYLINDRICAL_SURFACE('',#8950,1.621);
#109=CYLINDRICAL_SURFACE('',#8955,2.65);
#110=CYLINDRICAL_SURFACE('',#8963,3.50000000000003);
#111=CYLINDRICAL_SURFACE('',#8966,2.65);
#112=CYLINDRICAL_SURFACE('',#8974,3.50000000000003);
#113=CYLINDRICAL_SURFACE('',#8975,2.55);
#114=CYLINDRICAL_SURFACE('',#8986,0.950000000000006);
#115=CYLINDRICAL_SURFACE('',#8989,0.950000000000001);
#116=CYLINDRICAL_SURFACE('',#8992,0.949999999999996);
#117=CYLINDRICAL_SURFACE('',#8995,0.950000000000008);
#118=CYLINDRICAL_SURFACE('',#9018,3.5);
#119=CYLINDRICAL_SURFACE('',#9024,3.5);
#120=CYLINDRICAL_SURFACE('',#9035,6.);
#121=CYLINDRICAL_SURFACE('',#9038,6.);
#122=CYLINDRICAL_SURFACE('',#9065,7.19999999999999);
#123=CYLINDRICAL_SURFACE('',#9067,7.19999999999999);
#124=CYLINDRICAL_SURFACE('',#9069,7.19999999999999);
#125=CYLINDRICAL_SURFACE('',#9071,7.19999999999999);
#126=CYLINDRICAL_SURFACE('',#9073,7.19999999999999);
#127=CYLINDRICAL_SURFACE('',#9075,7.19999999999999);
#128=CYLINDRICAL_SURFACE('',#9083,0.199999999999988);
#129=CYLINDRICAL_SURFACE('',#9095,5.25);
#130=CYLINDRICAL_SURFACE('',#9103,4.40000000000012);
#131=CYLINDRICAL_SURFACE('',#9111,5.10000000000003);
#132=CYLINDRICAL_SURFACE('',#9119,5.99999999999992);
#133=CYLINDRICAL_SURFACE('',#9129,4.19999999999999);
#134=CYLINDRICAL_SURFACE('',#9134,7.5);
#135=CYLINDRICAL_SURFACE('',#9139,5.25);
#136=CYLINDRICAL_SURFACE('',#9145,4.15);
#137=CYLINDRICAL_SURFACE('',#9154,4.15000000000003);
#138=CYLINDRICAL_SURFACE('',#9157,0.6);
#139=CYLINDRICAL_SURFACE('',#9161,0.5);
#140=CYLINDRICAL_SURFACE('',#9164,0.5);
#141=CYLINDRICAL_SURFACE('',#9167,0.5);
#142=CYLINDRICAL_SURFACE('',#9170,0.5);
#143=CYLINDRICAL_SURFACE('',#9173,0.5);
#144=CYLINDRICAL_SURFACE('',#9184,1.);
#145=CYLINDRICAL_SURFACE('',#9187,1.);
#146=CYLINDRICAL_SURFACE('',#9190,1.);
#147=CYLINDRICAL_SURFACE('',#9193,1.);
#148=CYLINDRICAL_SURFACE('',#9208,1.9);
#149=CYLINDRICAL_SURFACE('',#9214,1.9);
#150=CYLINDRICAL_SURFACE('',#9221,1.60100000000107);
#151=CYLINDRICAL_SURFACE('',#9225,0.43400000000007);
#152=CYLINDRICAL_SURFACE('',#9228,0.554000000000043);
#153=CYLINDRICAL_SURFACE('',#9231,0.802000000000058);
#154=CYLINDRICAL_SURFACE('',#9237,0.509000000000026);
#155=CYLINDRICAL_SURFACE('',#9240,0.211999999999928);
#156=CYLINDRICAL_SURFACE('',#9243,0.371999999999894);
#157=CYLINDRICAL_SURFACE('',#9246,0.555999999999967);
#158=CYLINDRICAL_SURFACE('',#9249,0.889999999999892);
#159=CYLINDRICAL_SURFACE('',#9268,1.9);
#160=CYLINDRICAL_SURFACE('',#9275,1.12999999999988);
#161=CYLINDRICAL_SURFACE('',#9278,0.887999999999654);
#162=CYLINDRICAL_SURFACE('',#9281,0.817999999999922);
#163=CYLINDRICAL_SURFACE('',#9284,1.44100000000004);
#164=CYLINDRICAL_SURFACE('',#9287,0.818000000000092);
#165=CYLINDRICAL_SURFACE('',#9290,0.888000000000163);
#166=CYLINDRICAL_SURFACE('',#9293,1.13000000000032);
#167=CYLINDRICAL_SURFACE('',#9296,1.54599999999998);
#168=CYLINDRICAL_SURFACE('',#9299,1.14599999999995);
#169=CYLINDRICAL_SURFACE('',#9302,0.870000000000062);
#170=CYLINDRICAL_SURFACE('',#9305,1.07099999999995);
#171=CYLINDRICAL_SURFACE('',#9308,1.8499999999994);
#172=CYLINDRICAL_SURFACE('',#9311,1.52400000000018);
#173=CYLINDRICAL_SURFACE('',#9314,0.761999999998257);
#174=CYLINDRICAL_SURFACE('',#9317,0.761999999998746);
#175=CYLINDRICAL_SURFACE('',#9320,1.52400000000055);
#176=CYLINDRICAL_SURFACE('',#9323,1.84999999999779);
#177=CYLINDRICAL_SURFACE('',#9326,1.0710000000001);
#178=CYLINDRICAL_SURFACE('',#9329,0.869999999999979);
#179=CYLINDRICAL_SURFACE('',#9332,1.14600000000003);
#180=CYLINDRICAL_SURFACE('',#9370,0.75);
#181=CYLINDRICAL_SURFACE('',#9385,2.5);
#182=CYLINDRICAL_SURFACE('',#9391,2.59999999999999);
#183=CYLINDRICAL_SURFACE('',#9395,2.5);
#184=CYLINDRICAL_SURFACE('',#9399,1.54600000000001);
#185=CYLINDRICAL_SURFACE('',#9406,0.999999999999999);
#186=CYLINDRICAL_SURFACE('',#9411,0.75);
#187=CYLINDRICAL_SURFACE('',#9414,0.75);
#188=CYLINDRICAL_SURFACE('',#9458,0.942999999999871);
#189=CYLINDRICAL_SURFACE('',#9460,1.31799999999983);
#190=CYLINDRICAL_SURFACE('',#9462,0.985000000000162);
#191=CYLINDRICAL_SURFACE('',#9464,0.895000000000216);
#192=CYLINDRICAL_SURFACE('',#9466,0.452999999999995);
#193=CYLINDRICAL_SURFACE('',#9468,0.35900000000021);
#194=CYLINDRICAL_SURFACE('',#9470,0.657000000000157);
#195=CYLINDRICAL_SURFACE('',#9472,0.703999999998682);
#196=CYLINDRICAL_SURFACE('',#9474,0.506000000000079);
#197=CYLINDRICAL_SURFACE('',#9476,0.704000000001198);
#198=CYLINDRICAL_SURFACE('',#9478,0.657000000000482);
#199=CYLINDRICAL_SURFACE('',#9480,0.358999999999716);
#200=CYLINDRICAL_SURFACE('',#9482,0.452999999999873);
#201=CYLINDRICAL_SURFACE('',#9484,0.895000000000107);
#202=CYLINDRICAL_SURFACE('',#9486,0.985000000000039);
#203=CYLINDRICAL_SURFACE('',#9488,1.31799999999959);
#204=CYLINDRICAL_SURFACE('',#9490,0.943000000000116);
#205=CYLINDRICAL_SURFACE('',#9492,0.880000000000035);
#206=CYLINDRICAL_SURFACE('',#9494,0.444999999999991);
#207=CYLINDRICAL_SURFACE('',#9496,0.444999999999991);
#208=CYLINDRICAL_SURFACE('',#9498,0.879999999999998);
#209=CYLINDRICAL_SURFACE('',#9551,1.621);
#210=CYLINDRICAL_SURFACE('',#9554,1.621);
#211=CYLINDRICAL_SURFACE('',#9555,1.5);
#212=CYLINDRICAL_SURFACE('',#9566,3.50000000000006);
#213=CYLINDRICAL_SURFACE('',#9570,2.65);
#214=CYLINDRICAL_SURFACE('',#9571,3.5);
#215=CYLINDRICAL_SURFACE('',#9575,2.65);
#216=TOROIDAL_SURFACE('',#8764,7.28560413068962,0.499999999999963);
#217=TOROIDAL_SURFACE('',#8767,7.28560413068962,0.499999999999963);
#218=TOROIDAL_SURFACE('',#8865,1.5,0.5);
#219=TOROIDAL_SURFACE('',#8867,1.5,0.5);
#220=TOROIDAL_SURFACE('',#8873,1.5,0.5);
#221=TOROIDAL_SURFACE('',#8875,1.5,0.5);
#222=TOROIDAL_SURFACE('',#8980,3.27986835668868,0.300000000000009);
#223=TOROIDAL_SURFACE('',#9002,23.7540477708703,0.5);
#224=TOROIDAL_SURFACE('',#9009,23.7540477708704,0.5);
#225=TOROIDAL_SURFACE('',#9091,3.22997455636526,1.00000000000002);
#226=TOROIDAL_SURFACE('',#9097,5.04999999999998,0.200000000000017);
#227=TOROIDAL_SURFACE('',#9101,4.60000000000001,0.200000000000006);
#228=TOROIDAL_SURFACE('',#9105,5.39999879379369,0.999999999999901);
#229=TOROIDAL_SURFACE('',#9109,4.1000038592232,0.999999999999977);
#230=TOROIDAL_SURFACE('',#9113,6.09999879379367,0.999999999999896);
#231=TOROIDAL_SURFACE('',#9117,5.00000385922348,0.999999999999711);
#232=TOROIDAL_SURFACE('',#9121,4.99999999999888,1.00000000000127);
#233=TOROIDAL_SURFACE('',#9125,5.31662699255859,0.499999999999991);
#234=TOROIDAL_SURFACE('',#9132,7.30000000000001,0.199999999999992);
#235=SPHERICAL_SURFACE('',#8758,25.0000976630868);
#236=SPHERICAL_SURFACE('',#9000,0.5);
#237=SPHERICAL_SURFACE('',#9004,0.5);
#238=SPHERICAL_SURFACE('',#9007,0.5);
#239=SPHERICAL_SURFACE('',#9011,0.5);
#240=CONICAL_SURFACE('',#8754,7.78529954419913,0.0349065850398869);
#241=CONICAL_SURFACE('',#8756,7.78529954419913,0.0349065850398869);
#242=CONICAL_SURFACE('',#8857,1.5,0.78539816339745);
#243=CONICAL_SURFACE('',#8858,1.5,0.785398163397448);
#244=CONICAL_SURFACE('',#8859,1.5,0.78539816339745);
#245=CONICAL_SURFACE('',#8860,1.5,0.78539816339745);
#246=CONICAL_SURFACE('',#8917,1.621,0.785398163397448);
#247=CONICAL_SURFACE('',#8926,2.,0.785398163397425);
#248=CONICAL_SURFACE('',#8931,2.,0.785398163397448);
#249=CONICAL_SURFACE('',#8932,1.621,0.785398163397446);
#250=CONICAL_SURFACE('',#8937,1.621,1.02974425867665);
#251=CONICAL_SURFACE('',#8944,2.,0.785398163397448);
#252=CONICAL_SURFACE('',#8945,1.621,1.02974425867665);
#253=CONICAL_SURFACE('',#8952,2.,0.785398163397451);
#254=CONICAL_SURFACE('',#8953,2.65,0.785398163397448);
#255=CONICAL_SURFACE('',#8957,2.72071067811865,0.785398163397451);
#256=CONICAL_SURFACE('',#8961,3.5,0.78539816339743);
#257=CONICAL_SURFACE('',#8964,2.65,0.785398163397448);
#258=CONICAL_SURFACE('',#8968,2.72071067811866,0.785398163397451);
#259=CONICAL_SURFACE('',#8972,3.5,0.785398163397454);
#260=CONICAL_SURFACE('',#8978,2.55,0.174532925199433);
#261=CONICAL_SURFACE('',#9013,3.4292893218814,0.785398163397441);
#262=CONICAL_SURFACE('',#9019,3.4292893218814,0.785398163397441);
#263=CONICAL_SURFACE('',#9041,6.,0.785398163397445);
#264=CONICAL_SURFACE('',#9043,6.,0.785398163397445);
#265=CONICAL_SURFACE('',#9053,6.982,0.828433776420752);
#266=CONICAL_SURFACE('',#9055,6.982,0.828433776420752);
#267=CONICAL_SURFACE('',#9057,6.982,0.828433776420752);
#268=CONICAL_SURFACE('',#9059,6.982,0.828433776420752);
#269=CONICAL_SURFACE('',#9061,6.982,0.828433776420752);
#270=CONICAL_SURFACE('',#9063,6.982,0.828433776420752);
#271=CONICAL_SURFACE('',#9079,2.75216672986296,5.41682465210756E-5);
#272=CONICAL_SURFACE('',#9087,2.75054168246574,5.41682465210973E-5);
#273=CONICAL_SURFACE('',#9093,4.09613131089126,0.523336033861818);
#274=CONICAL_SURFACE('',#9107,4.42600000000017,0.226980774917146);
#275=CONICAL_SURFACE('',#9115,5.12600000000026,0.226977650078277);
#276=CONICAL_SURFACE('',#9123,5.98489222989457,0.174045239842725);
#277=CONICAL_SURFACE('',#9136,7.5,0.785398163397448);
#278=CONICAL_SURFACE('',#9141,5.25,0.785398163397511);
#279=CONICAL_SURFACE('',#9549,2.,0.785398163397442);
#280=CONICAL_SURFACE('',#9552,2.,0.785398163397442);
#281=LINE('',#12120,#1049);
#282=LINE('',#12134,#1050);
#283=LINE('',#12140,#1051);
#284=LINE('',#12143,#1052);
#285=LINE('',#12145,#1053);
#286=LINE('',#12147,#1054);
#287=LINE('',#12151,#1055);
#288=LINE('',#12153,#1056);
#289=LINE('',#12155,#1057);
#290=LINE('',#12157,#1058);
#291=LINE('',#12159,#1059);
#292=LINE('',#12161,#1060);
#293=LINE('',#12163,#1061);
#294=LINE('',#12165,#1062);
#295=LINE('',#12167,#1063);
#296=LINE('',#12169,#1064);
#297=LINE('',#12171,#1065);
#298=LINE('',#12173,#1066);
#299=LINE('',#12175,#1067);
#300=LINE('',#12177,#1068);
#301=LINE('',#12179,#1069);
#302=LINE('',#12181,#1070);
#303=LINE('',#12183,#1071);
#304=LINE('',#12185,#1072);
#305=LINE('',#12187,#1073);
#306=LINE('',#12189,#1074);
#307=LINE('',#12191,#1075);
#308=LINE('',#12193,#1076);
#309=LINE('',#12195,#1077);
#310=LINE('',#12197,#1078);
#311=LINE('',#12199,#1079);
#312=LINE('',#12201,#1080);
#313=LINE('',#12203,#1081);
#314=LINE('',#12207,#1082);
#315=LINE('',#12211,#1083);
#316=LINE('',#12215,#1084);
#317=LINE('',#12219,#1085);
#318=LINE('',#12223,#1086);
#319=LINE('',#12344,#1087);
#320=LINE('',#12347,#1088);
#321=LINE('',#12349,#1089);
#322=LINE('',#12351,#1090);
#323=LINE('',#12353,#1091);
#324=LINE('',#12355,#1092);
#325=LINE('',#12357,#1093);
#326=LINE('',#12359,#1094);
#327=LINE('',#12361,#1095);
#328=LINE('',#12363,#1096);
#329=LINE('',#12365,#1097);
#330=LINE('',#12367,#1098);
#331=LINE('',#12369,#1099);
#332=LINE('',#12371,#1100);
#333=LINE('',#12373,#1101);
#334=LINE('',#12375,#1102);
#335=LINE('',#12377,#1103);
#336=LINE('',#12379,#1104);
#337=LINE('',#12381,#1105);
#338=LINE('',#12383,#1106);
#339=LINE('',#12385,#1107);
#340=LINE('',#12387,#1108);
#341=LINE('',#12389,#1109);
#342=LINE('',#12391,#1110);
#343=LINE('',#12395,#1111);
#344=LINE('',#12397,#1112);
#345=LINE('',#12399,#1113);
#346=LINE('',#12401,#1114);
#347=LINE('',#12403,#1115);
#348=LINE('',#12407,#1116);
#349=LINE('',#12409,#1117);
#350=LINE('',#12411,#1118);
#351=LINE('',#12413,#1119);
#352=LINE('',#12416,#1120);
#353=LINE('',#12418,#1121);
#354=LINE('',#12422,#1122);
#355=LINE('',#12426,#1123);
#356=LINE('',#12429,#1124);
#357=LINE('',#12431,#1125);
#358=LINE('',#12435,#1126);
#359=LINE('',#12439,#1127);
#360=LINE('',#12440,#1128);
#361=LINE('',#12442,#1129);
#362=LINE('',#12443,#1130);
#363=LINE('',#12445,#1131);
#364=LINE('',#12446,#1132);
#365=LINE('',#12448,#1133);
#366=LINE('',#12449,#1134);
#367=LINE('',#12453,#1135);
#368=LINE('',#12462,#1136);
#369=LINE('',#12470,#1137);
#370=LINE('',#12479,#1138);
#371=LINE('',#12485,#1139);
#372=LINE('',#12494,#1140);
#373=LINE('',#12498,#1141);
#374=LINE('',#12507,#1142);
#375=LINE('',#12515,#1143);
#376=LINE('',#12516,#1144);
#377=LINE('',#12518,#1145);
#378=LINE('',#12519,#1146);
#379=LINE('',#12529,#1147);
#380=LINE('',#12534,#1148);
#381=LINE('',#12538,#1149);
#382=LINE('',#12547,#1150);
#383=LINE('',#12555,#1151);
#384=LINE('',#12557,#1152);
#385=LINE('',#12559,#1153);
#386=LINE('',#12561,#1154);
#387=LINE('',#12563,#1155);
#388=LINE('',#12565,#1156);
#389=LINE('',#12572,#1157);
#390=LINE('',#12589,#1158);
#391=LINE('',#12598,#1159);
#392=LINE('',#12602,#1160);
#393=LINE('',#12606,#1161);
#394=LINE('',#12610,#1162);
#395=LINE('',#12612,#1163);
#396=LINE('',#12613,#1164);
#397=LINE('',#12617,#1165);
#398=LINE('',#12619,#1166);
#399=LINE('',#12638,#1167);
#400=LINE('',#12640,#1168);
#401=LINE('',#12642,#1169);
#402=LINE('',#12644,#1170);
#403=LINE('',#12645,#1171);
#404=LINE('',#12647,#1172);
#405=LINE('',#12650,#1173);
#406=LINE('',#12652,#1174);
#407=LINE('',#12655,#1175);
#408=LINE('',#12656,#1176);
#409=LINE('',#12658,#1177);
#410=LINE('',#12659,#1178);
#411=LINE('',#12661,#1179);
#412=LINE('',#12663,#1180);
#413=LINE('',#12665,#1181);
#414=LINE('',#12666,#1182);
#415=LINE('',#12672,#1183);
#416=LINE('',#12674,#1184);
#417=LINE('',#12676,#1185);
#418=LINE('',#12678,#1186);
#419=LINE('',#12680,#1187);
#420=LINE('',#12682,#1188);
#421=LINE('',#12684,#1189);
#422=LINE('',#12686,#1190);
#423=LINE('',#12688,#1191);
#424=LINE('',#12690,#1192);
#425=LINE('',#12692,#1193);
#426=LINE('',#12694,#1194);
#427=LINE('',#12696,#1195);
#428=LINE('',#12698,#1196);
#429=LINE('',#12700,#1197);
#430=LINE('',#12702,#1198);
#431=LINE('',#12704,#1199);
#432=LINE('',#12706,#1200);
#433=LINE('',#12708,#1201);
#434=LINE('',#12710,#1202);
#435=LINE('',#12827,#1203);
#436=LINE('',#12831,#1204);
#437=LINE('',#12833,#1205);
#438=LINE('',#12835,#1206);
#439=LINE('',#12837,#1207);
#440=LINE('',#12841,#1208);
#441=LINE('',#12843,#1209);
#442=LINE('',#12845,#1210);
#443=LINE('',#12849,#1211);
#444=LINE('',#12851,#1212);
#445=LINE('',#12853,#1213);
#446=LINE('',#12857,#1214);
#447=LINE('',#12956,#1215);
#448=LINE('',#12960,#1216);
#449=LINE('',#12962,#1217);
#450=LINE('',#12967,#1218);
#451=LINE('',#12971,#1219);
#452=LINE('',#12976,#1220);
#453=LINE('',#13004,#1221);
#454=LINE('',#13009,#1222);
#455=LINE('',#13013,#1223);
#456=LINE('',#13017,#1224);
#457=LINE('',#13021,#1225);
#458=LINE('',#13025,#1226);
#459=LINE('',#13101,#1227);
#460=LINE('',#13103,#1228);
#461=LINE('',#13107,#1229);
#462=LINE('',#13111,#1230);
#463=LINE('',#13113,#1231);
#464=LINE('',#13115,#1232);
#465=LINE('',#13119,#1233);
#466=LINE('',#13121,#1234);
#467=LINE('',#13125,#1235);
#468=LINE('',#13127,#1236);
#469=LINE('',#13131,#1237);
#470=LINE('',#13133,#1238);
#471=LINE('',#13216,#1239);
#472=LINE('',#13217,#1240);
#473=LINE('',#13218,#1241);
#474=LINE('',#13219,#1242);
#475=LINE('',#13220,#1243);
#476=LINE('',#13221,#1244);
#477=LINE('',#13234,#1245);
#478=LINE('',#13235,#1246);
#479=LINE('',#13255,#1247);
#480=LINE('',#13259,#1248);
#481=LINE('',#13261,#1249);
#482=LINE('',#13263,#1250);
#483=LINE('',#13265,#1251);
#484=LINE('',#13269,#1252);
#485=LINE('',#13296,#1253);
#486=LINE('',#13300,#1254);
#487=LINE('',#13304,#1255);
#488=LINE('',#13308,#1256);
#489=LINE('',#13309,#1257);
#490=LINE('',#13312,#1258);
#491=LINE('',#13314,#1259);
#492=LINE('',#13316,#1260);
#493=LINE('',#13318,#1261);
#494=LINE('',#13320,#1262);
#495=LINE('',#13324,#1263);
#496=LINE('',#13327,#1264);
#497=LINE('',#13329,#1265);
#498=LINE('',#13331,#1266);
#499=LINE('',#13333,#1267);
#500=LINE('',#13335,#1268);
#501=LINE('',#13337,#1269);
#502=LINE('',#13341,#1270);
#503=LINE('',#13343,#1271);
#504=LINE('',#13345,#1272);
#505=LINE('',#13347,#1273);
#506=LINE('',#13351,#1274);
#507=LINE('',#13353,#1275);
#508=LINE('',#13355,#1276);
#509=LINE('',#13359,#1277);
#510=LINE('',#13361,#1278);
#511=LINE('',#13363,#1279);
#512=LINE('',#13367,#1280);
#513=LINE('',#13369,#1281);
#514=LINE('',#13372,#1282);
#515=LINE('',#13374,#1283);
#516=LINE('',#13376,#1284);
#517=LINE('',#13378,#1285);
#518=LINE('',#13380,#1286);
#519=LINE('',#13382,#1287);
#520=LINE('',#13384,#1288);
#521=LINE('',#13386,#1289);
#522=LINE('',#13388,#1290);
#523=LINE('',#13390,#1291);
#524=LINE('',#13392,#1292);
#525=LINE('',#13394,#1293);
#526=LINE('',#13396,#1294);
#527=LINE('',#13398,#1295);
#528=LINE('',#13400,#1296);
#529=LINE('',#13402,#1297);
#530=LINE('',#13404,#1298);
#531=LINE('',#13406,#1299);
#532=LINE('',#13408,#1300);
#533=LINE('',#13410,#1301);
#534=LINE('',#13412,#1302);
#535=LINE('',#13414,#1303);
#536=LINE('',#13416,#1304);
#537=LINE('',#13418,#1305);
#538=LINE('',#13420,#1306);
#539=LINE('',#13422,#1307);
#540=LINE('',#13424,#1308);
#541=LINE('',#13426,#1309);
#542=LINE('',#13428,#1310);
#543=LINE('',#13430,#1311);
#544=LINE('',#13432,#1312);
#545=LINE('',#13434,#1313);
#546=LINE('',#13436,#1314);
#547=LINE('',#13438,#1315);
#548=LINE('',#13441,#1316);
#549=LINE('',#13443,#1317);
#550=LINE('',#13445,#1318);
#551=LINE('',#13449,#1319);
#552=LINE('',#13453,#1320);
#553=LINE('',#13455,#1321);
#554=LINE('',#13457,#1322);
#555=LINE('',#13459,#1323);
#556=LINE('',#13461,#1324);
#557=LINE('',#13463,#1325);
#558=LINE('',#13465,#1326);
#559=LINE('',#13467,#1327);
#560=LINE('',#13469,#1328);
#561=LINE('',#13473,#1329);
#562=LINE('',#13477,#1330);
#563=LINE('',#13479,#1331);
#564=LINE('',#13481,#1332);
#565=LINE('',#13483,#1333);
#566=LINE('',#13486,#1334);
#567=LINE('',#13488,#1335);
#568=LINE('',#13490,#1336);
#569=LINE('',#13492,#1337);
#570=LINE('',#13494,#1338);
#571=LINE('',#13496,#1339);
#572=LINE('',#13498,#1340);
#573=LINE('',#13500,#1341);
#574=LINE('',#13502,#1342);
#575=LINE('',#13506,#1343);
#576=LINE('',#13510,#1344);
#577=LINE('',#13512,#1345);
#578=LINE('',#13514,#1346);
#579=LINE('',#13518,#1347);
#580=LINE('',#13524,#1348);
#581=LINE('',#13530,#1349);
#582=LINE('',#13534,#1350);
#583=LINE('',#13536,#1351);
#584=LINE('',#13538,#1352);
#585=LINE('',#13540,#1353);
#586=LINE('',#13542,#1354);
#587=LINE('',#13544,#1355);
#588=LINE('',#13546,#1356);
#589=LINE('',#13548,#1357);
#590=LINE('',#13550,#1358);
#591=LINE('',#13554,#1359);
#592=LINE('',#13560,#1360);
#593=LINE('',#13566,#1361);
#594=LINE('',#13572,#1362);
#595=LINE('',#13578,#1363);
#596=LINE('',#13582,#1364);
#597=LINE('',#13584,#1365);
#598=LINE('',#13586,#1366);
#599=LINE('',#13588,#1367);
#600=LINE('',#13591,#1368);
#601=LINE('',#13593,#1369);
#602=LINE('',#13595,#1370);
#603=LINE('',#13597,#1371);
#604=LINE('',#13599,#1372);
#605=LINE('',#13601,#1373);
#606=LINE('',#13603,#1374);
#607=LINE('',#13605,#1375);
#608=LINE('',#13607,#1376);
#609=LINE('',#13609,#1377);
#610=LINE('',#13612,#1378);
#611=LINE('',#13614,#1379);
#612=LINE('',#13616,#1380);
#613=LINE('',#13618,#1381);
#614=LINE('',#13620,#1382);
#615=LINE('',#13622,#1383);
#616=LINE('',#13624,#1384);
#617=LINE('',#13626,#1385);
#618=LINE('',#13628,#1386);
#619=LINE('',#13630,#1387);
#620=LINE('',#13633,#1388);
#621=LINE('',#13635,#1389);
#622=LINE('',#13637,#1390);
#623=LINE('',#13639,#1391);
#624=LINE('',#13641,#1392);
#625=LINE('',#13643,#1393);
#626=LINE('',#13645,#1394);
#627=LINE('',#13647,#1395);
#628=LINE('',#13649,#1396);
#629=LINE('',#13651,#1397);
#630=LINE('',#13653,#1398);
#631=LINE('',#13655,#1399);
#632=LINE('',#13657,#1400);
#633=LINE('',#13659,#1401);
#634=LINE('',#13661,#1402);
#635=LINE('',#13663,#1403);
#636=LINE('',#13666,#1404);
#637=LINE('',#13668,#1405);
#638=LINE('',#13670,#1406);
#639=LINE('',#13672,#1407);
#640=LINE('',#13674,#1408);
#641=LINE('',#13676,#1409);
#642=LINE('',#13678,#1410);
#643=LINE('',#13680,#1411);
#644=LINE('',#13682,#1412);
#645=LINE('',#13684,#1413);
#646=LINE('',#13687,#1414);
#647=LINE('',#13689,#1415);
#648=LINE('',#13691,#1416);
#649=LINE('',#13695,#1417);
#650=LINE('',#13699,#1418);
#651=LINE('',#13701,#1419);
#652=LINE('',#13703,#1420);
#653=LINE('',#13705,#1421);
#654=LINE('',#13708,#1422);
#655=LINE('',#13710,#1423);
#656=LINE('',#13712,#1424);
#657=LINE('',#13714,#1425);
#658=LINE('',#13716,#1426);
#659=LINE('',#13718,#1427);
#660=LINE('',#13720,#1428);
#661=LINE('',#13722,#1429);
#662=LINE('',#13724,#1430);
#663=LINE('',#13729,#1431);
#664=LINE('',#13733,#1432);
#665=LINE('',#13737,#1433);
#666=LINE('',#13743,#1434);
#667=LINE('',#13749,#1435);
#668=LINE('',#13755,#1436);
#669=LINE('',#13761,#1437);
#670=LINE('',#13767,#1438);
#671=LINE('',#13773,#1439);
#672=LINE('',#13779,#1440);
#673=LINE('',#13785,#1441);
#674=LINE('',#13791,#1442);
#675=LINE('',#13797,#1443);
#676=LINE('',#13803,#1444);
#677=LINE('',#13809,#1445);
#678=LINE('',#13815,#1446);
#679=LINE('',#13821,#1447);
#680=LINE('',#13827,#1448);
#681=LINE('',#13833,#1449);
#682=LINE('',#13839,#1450);
#683=LINE('',#13845,#1451);
#684=LINE('',#13849,#1452);
#685=LINE('',#13852,#1453);
#686=LINE('',#13854,#1454);
#687=LINE('',#13856,#1455);
#688=LINE('',#13858,#1456);
#689=LINE('',#13860,#1457);
#690=LINE('',#13862,#1458);
#691=LINE('',#13864,#1459);
#692=LINE('',#13866,#1460);
#693=LINE('',#13868,#1461);
#694=LINE('',#13870,#1462);
#695=LINE('',#13872,#1463);
#696=LINE('',#13874,#1464);
#697=LINE('',#13876,#1465);
#698=LINE('',#13878,#1466);
#699=LINE('',#13880,#1467);
#700=LINE('',#13882,#1468);
#701=LINE('',#13884,#1469);
#702=LINE('',#13886,#1470);
#703=LINE('',#13888,#1471);
#704=LINE('',#13890,#1472);
#705=LINE('',#13892,#1473);
#706=LINE('',#13894,#1474);
#707=LINE('',#13896,#1475);
#708=LINE('',#13898,#1476);
#709=LINE('',#13900,#1477);
#710=LINE('',#13902,#1478);
#711=LINE('',#13904,#1479);
#712=LINE('',#13906,#1480);
#713=LINE('',#13908,#1481);
#714=LINE('',#13910,#1482);
#715=LINE('',#13912,#1483);
#716=LINE('',#13914,#1484);
#717=LINE('',#13916,#1485);
#718=LINE('',#13918,#1486);
#719=LINE('',#13921,#1487);
#720=LINE('',#13923,#1488);
#721=LINE('',#13925,#1489);
#722=LINE('',#13927,#1490);
#723=LINE('',#13929,#1491);
#724=LINE('',#13931,#1492);
#725=LINE('',#13933,#1493);
#726=LINE('',#13935,#1494);
#727=LINE('',#13937,#1495);
#728=LINE('',#13939,#1496);
#729=LINE('',#13942,#1497);
#730=LINE('',#13944,#1498);
#731=LINE('',#13946,#1499);
#732=LINE('',#13948,#1500);
#733=LINE('',#13950,#1501);
#734=LINE('',#13952,#1502);
#735=LINE('',#13954,#1503);
#736=LINE('',#13956,#1504);
#737=LINE('',#13958,#1505);
#738=LINE('',#13960,#1506);
#739=LINE('',#13962,#1507);
#740=LINE('',#13964,#1508);
#741=LINE('',#13966,#1509);
#742=LINE('',#13968,#1510);
#743=LINE('',#13970,#1511);
#744=LINE('',#13972,#1512);
#745=LINE('',#13974,#1513);
#746=LINE('',#13976,#1514);
#747=LINE('',#13978,#1515);
#748=LINE('',#13980,#1516);
#749=LINE('',#13982,#1517);
#750=LINE('',#13984,#1518);
#751=LINE('',#13986,#1519);
#752=LINE('',#13988,#1520);
#753=LINE('',#13990,#1521);
#754=LINE('',#13992,#1522);
#755=LINE('',#13994,#1523);
#756=LINE('',#13996,#1524);
#757=LINE('',#13999,#1525);
#758=LINE('',#14001,#1526);
#759=LINE('',#14003,#1527);
#760=LINE('',#14005,#1528);
#761=LINE('',#14007,#1529);
#762=LINE('',#14009,#1530);
#763=LINE('',#14011,#1531);
#764=LINE('',#14013,#1532);
#765=LINE('',#14015,#1533);
#766=LINE('',#14017,#1534);
#767=LINE('',#14019,#1535);
#768=LINE('',#14021,#1536);
#769=LINE('',#14023,#1537);
#770=LINE('',#14025,#1538);
#771=LINE('',#14027,#1539);
#772=LINE('',#14029,#1540);
#773=LINE('',#14031,#1541);
#774=LINE('',#14033,#1542);
#775=LINE('',#14035,#1543);
#776=LINE('',#14037,#1544);
#777=LINE('',#14039,#1545);
#778=LINE('',#14041,#1546);
#779=LINE('',#14043,#1547);
#780=LINE('',#14045,#1548);
#781=LINE('',#14047,#1549);
#782=LINE('',#14049,#1550);
#783=LINE('',#14051,#1551);
#784=LINE('',#14053,#1552);
#785=LINE('',#14055,#1553);
#786=LINE('',#14057,#1554);
#787=LINE('',#14059,#1555);
#788=LINE('',#14061,#1556);
#789=LINE('',#14063,#1557);
#790=LINE('',#14065,#1558);
#791=LINE('',#14068,#1559);
#792=LINE('',#14070,#1560);
#793=LINE('',#14072,#1561);
#794=LINE('',#14076,#1562);
#795=LINE('',#14080,#1563);
#796=LINE('',#14082,#1564);
#797=LINE('',#14084,#1565);
#798=LINE('',#14086,#1566);
#799=LINE('',#14089,#1567);
#800=LINE('',#14091,#1568);
#801=LINE('',#14093,#1569);
#802=LINE('',#14095,#1570);
#803=LINE('',#14097,#1571);
#804=LINE('',#14099,#1572);
#805=LINE('',#14101,#1573);
#806=LINE('',#14103,#1574);
#807=LINE('',#14105,#1575);
#808=LINE('',#14107,#1576);
#809=LINE('',#14109,#1577);
#810=LINE('',#14111,#1578);
#811=LINE('',#14113,#1579);
#812=LINE('',#14115,#1580);
#813=LINE('',#14117,#1581);
#814=LINE('',#14119,#1582);
#815=LINE('',#14122,#1583);
#816=LINE('',#14124,#1584);
#817=LINE('',#14126,#1585);
#818=LINE('',#14128,#1586);
#819=LINE('',#14130,#1587);
#820=LINE('',#14132,#1588);
#821=LINE('',#14134,#1589);
#822=LINE('',#14136,#1590);
#823=LINE('',#14138,#1591);
#824=LINE('',#14140,#1592);
#825=LINE('',#14142,#1593);
#826=LINE('',#14144,#1594);
#827=LINE('',#14146,#1595);
#828=LINE('',#14148,#1596);
#829=LINE('',#14150,#1597);
#830=LINE('',#14152,#1598);
#831=LINE('',#14153,#1599);
#832=LINE('',#14158,#1600);
#833=LINE('',#14159,#1601);
#834=LINE('',#14161,#1602);
#835=LINE('',#14162,#1603);
#836=LINE('',#14164,#1604);
#837=LINE('',#14165,#1605);
#838=LINE('',#14170,#1606);
#839=LINE('',#14171,#1607);
#840=LINE('',#14173,#1608);
#841=LINE('',#14174,#1609);
#842=LINE('',#14179,#1610);
#843=LINE('',#14180,#1611);
#844=LINE('',#14185,#1612);
#845=LINE('',#14186,#1613);
#846=LINE('',#14188,#1614);
#847=LINE('',#14189,#1615);
#848=LINE('',#14191,#1616);
#849=LINE('',#14192,#1617);
#850=LINE('',#14194,#1618);
#851=LINE('',#14195,#1619);
#852=LINE('',#14200,#1620);
#853=LINE('',#14201,#1621);
#854=LINE('',#14203,#1622);
#855=LINE('',#14204,#1623);
#856=LINE('',#14278,#1624);
#857=LINE('',#14282,#1625);
#858=LINE('',#14284,#1626);
#859=LINE('',#14288,#1627);
#860=LINE('',#14292,#1628);
#861=LINE('',#14296,#1629);
#862=LINE('',#14300,#1630);
#863=LINE('',#14304,#1631);
#864=LINE('',#14308,#1632);
#865=LINE('',#14312,#1633);
#866=LINE('',#14316,#1634);
#867=LINE('',#14320,#1635);
#868=LINE('',#14324,#1636);
#869=LINE('',#14328,#1637);
#870=LINE('',#14332,#1638);
#871=LINE('',#14336,#1639);
#872=LINE('',#14340,#1640);
#873=LINE('',#14344,#1641);
#874=LINE('',#14348,#1642);
#875=LINE('',#14352,#1643);
#876=LINE('',#14356,#1644);
#877=LINE('',#14363,#1645);
#878=LINE('',#14364,#1646);
#879=LINE('',#14366,#1647);
#880=LINE('',#14368,#1648);
#881=LINE('',#14370,#1649);
#882=LINE('',#14372,#1650);
#883=LINE('',#14386,#1651);
#884=LINE('',#14389,#1652);
#885=LINE('',#14391,#1653);
#886=LINE('',#14393,#1654);
#887=LINE('',#14395,#1655);
#888=LINE('',#14403,#1656);
#889=LINE('',#14410,#1657);
#890=LINE('',#14417,#1658);
#891=LINE('',#14423,#1659);
#892=LINE('',#14425,#1660);
#893=LINE('',#14427,#1661);
#894=LINE('',#14429,#1662);
#895=LINE('',#14431,#1663);
#896=LINE('',#14433,#1664);
#897=LINE('',#14435,#1665);
#898=LINE('',#14437,#1666);
#899=LINE('',#14439,#1667);
#900=LINE('',#14441,#1668);
#901=LINE('',#14443,#1669);
#902=LINE('',#14445,#1670);
#903=LINE('',#14447,#1671);
#904=LINE('',#14449,#1672);
#905=LINE('',#14451,#1673);
#906=LINE('',#14453,#1674);
#907=LINE('',#14455,#1675);
#908=LINE('',#14457,#1676);
#909=LINE('',#14459,#1677);
#910=LINE('',#14462,#1678);
#911=LINE('',#14464,#1679);
#912=LINE('',#14466,#1680);
#913=LINE('',#14468,#1681);
#914=LINE('',#14476,#1682);
#915=LINE('',#14483,#1683);
#916=LINE('',#14490,#1684);
#917=LINE('',#14496,#1685);
#918=LINE('',#14498,#1686);
#919=LINE('',#14500,#1687);
#920=LINE('',#14502,#1688);
#921=LINE('',#14504,#1689);
#922=LINE('',#14506,#1690);
#923=LINE('',#14508,#1691);
#924=LINE('',#14509,#1692);
#925=LINE('',#14511,#1693);
#926=LINE('',#14513,#1694);
#927=LINE('',#14515,#1695);
#928=LINE('',#14517,#1696);
#929=LINE('',#14519,#1697);
#930=LINE('',#14521,#1698);
#931=LINE('',#14523,#1699);
#932=LINE('',#14525,#1700);
#933=LINE('',#14527,#1701);
#934=LINE('',#14529,#1702);
#935=LINE('',#14531,#1703);
#936=LINE('',#14533,#1704);
#937=LINE('',#14535,#1705);
#938=LINE('',#14537,#1706);
#939=LINE('',#14539,#1707);
#940=LINE('',#14541,#1708);
#941=LINE('',#14543,#1709);
#942=LINE('',#14545,#1710);
#943=LINE('',#14547,#1711);
#944=LINE('',#14549,#1712);
#945=LINE('',#14551,#1713);
#946=LINE('',#14553,#1714);
#947=LINE('',#14555,#1715);
#948=LINE('',#14557,#1716);
#949=LINE('',#14559,#1717);
#950=LINE('',#14561,#1718);
#951=LINE('',#14563,#1719);
#952=LINE('',#14565,#1720);
#953=LINE('',#14567,#1721);
#954=LINE('',#14569,#1722);
#955=LINE('',#14571,#1723);
#956=LINE('',#14573,#1724);
#957=LINE('',#14575,#1725);
#958=LINE('',#14577,#1726);
#959=LINE('',#14579,#1727);
#960=LINE('',#14581,#1728);
#961=LINE('',#14583,#1729);
#962=LINE('',#14585,#1730);
#963=LINE('',#14587,#1731);
#964=LINE('',#14589,#1732);
#965=LINE('',#14591,#1733);
#966=LINE('',#14592,#1734);
#967=LINE('',#14601,#1735);
#968=LINE('',#14609,#1736);
#969=LINE('',#14621,#1737);
#970=LINE('',#14624,#1738);
#971=LINE('',#14626,#1739);
#972=LINE('',#14628,#1740);
#973=LINE('',#14630,#1741);
#974=LINE('',#14633,#1742);
#975=LINE('',#14635,#1743);
#976=LINE('',#14637,#1744);
#977=LINE('',#14639,#1745);
#978=LINE('',#14642,#1746);
#979=LINE('',#14644,#1747);
#980=LINE('',#14646,#1748);
#981=LINE('',#14648,#1749);
#982=LINE('',#14651,#1750);
#983=LINE('',#14653,#1751);
#984=LINE('',#14655,#1752);
#985=LINE('',#14657,#1753);
#986=LINE('',#14660,#1754);
#987=LINE('',#14662,#1755);
#988=LINE('',#14664,#1756);
#989=LINE('',#14666,#1757);
#990=LINE('',#14669,#1758);
#991=LINE('',#14671,#1759);
#992=LINE('',#14673,#1760);
#993=LINE('',#14675,#1761);
#994=LINE('',#14678,#1762);
#995=LINE('',#14680,#1763);
#996=LINE('',#14682,#1764);
#997=LINE('',#14684,#1765);
#998=LINE('',#14687,#1766);
#999=LINE('',#14689,#1767);
#1000=LINE('',#14691,#1768);
#1001=LINE('',#14693,#1769);
#1002=LINE('',#14696,#1770);
#1003=LINE('',#14698,#1771);
#1004=LINE('',#14700,#1772);
#1005=LINE('',#14702,#1773);
#1006=LINE('',#14705,#1774);
#1007=LINE('',#14707,#1775);
#1008=LINE('',#14709,#1776);
#1009=LINE('',#14725,#1777);
#1010=LINE('',#14726,#1778);
#1011=LINE('',#14728,#1779);
#1012=LINE('',#14729,#1780);
#1013=LINE('',#14731,#1781);
#1014=LINE('',#14732,#1782);
#1015=LINE('',#14734,#1783);
#1016=LINE('',#14741,#1784);
#1017=LINE('',#14742,#1785);
#1018=LINE('',#14749,#1786);
#1019=LINE('',#14751,#1787);
#1020=LINE('',#14752,#1788);
#1021=LINE('',#14754,#1789);
#1022=LINE('',#14759,#1790);
#1023=LINE('',#14764,#1791);
#1024=LINE('',#14766,#1792);
#1025=LINE('',#14773,#1793);
#1026=LINE('',#14775,#1794);
#1027=LINE('',#14785,#1795);
#1028=LINE('',#14790,#1796);
#1029=LINE('',#14793,#1797);
#1030=LINE('',#14794,#1798);
#1031=LINE('',#14796,#1799);
#1032=LINE('',#14797,#1800);
#1033=LINE('',#14799,#1801);
#1034=LINE('',#14800,#1802);
#1035=LINE('',#14802,#1803);
#1036=LINE('',#14809,#1804);
#1037=LINE('',#14810,#1805);
#1038=LINE('',#14817,#1806);
#1039=LINE('',#14819,#1807);
#1040=LINE('',#14820,#1808);
#1041=LINE('',#14822,#1809);
#1042=LINE('',#14827,#1810);
#1043=LINE('',#14832,#1811);
#1044=LINE('',#14834,#1812);
#1045=LINE('',#14841,#1813);
#1046=LINE('',#14843,#1814);
#1047=LINE('',#14853,#1815);
#1048=LINE('',#14858,#1816);
#1049=VECTOR('',#9616,1000.);
#1050=VECTOR('',#9619,1000.);
#1051=VECTOR('',#9620,1000.);
#1052=VECTOR('',#9621,1000.);
#1053=VECTOR('',#9622,1000.);
#1054=VECTOR('',#9623,1000.);
#1055=VECTOR('',#9626,1000.);
#1056=VECTOR('',#9627,1000.);
#1057=VECTOR('',#9628,1000.);
#1058=VECTOR('',#9629,1000.);
#1059=VECTOR('',#9630,1000.);
#1060=VECTOR('',#9631,1000.);
#1061=VECTOR('',#9632,1000.);
#1062=VECTOR('',#9633,1000.);
#1063=VECTOR('',#9634,1000.);
#1064=VECTOR('',#9635,1000.);
#1065=VECTOR('',#9636,1000.);
#1066=VECTOR('',#9637,1000.);
#1067=VECTOR('',#9638,1000.);
#1068=VECTOR('',#9639,1000.);
#1069=VECTOR('',#9640,1000.);
#1070=VECTOR('',#9641,1000.);
#1071=VECTOR('',#9642,1000.);
#1072=VECTOR('',#9643,1000.);
#1073=VECTOR('',#9644,1000.);
#1074=VECTOR('',#9645,1000.);
#1075=VECTOR('',#9646,1000.);
#1076=VECTOR('',#9647,1000.);
#1077=VECTOR('',#9648,1000.);
#1078=VECTOR('',#9649,1000.);
#1079=VECTOR('',#9650,1000.);
#1080=VECTOR('',#9651,1000.);
#1081=VECTOR('',#9652,1000.);
#1082=VECTOR('',#9655,1000.);
#1083=VECTOR('',#9658,1000.);
#1084=VECTOR('',#9661,1000.);
#1085=VECTOR('',#9664,1000.);
#1086=VECTOR('',#9667,1000.);
#1087=VECTOR('',#9754,1000.);
#1088=VECTOR('',#9755,1000.);
#1089=VECTOR('',#9756,1000.);
#1090=VECTOR('',#9757,1000.);
#1091=VECTOR('',#9758,1000.);
#1092=VECTOR('',#9759,1000.);
#1093=VECTOR('',#9760,1000.);
#1094=VECTOR('',#9761,1000.);
#1095=VECTOR('',#9762,1000.);
#1096=VECTOR('',#9763,1000.);
#1097=VECTOR('',#9764,1000.);
#1098=VECTOR('',#9765,1000.);
#1099=VECTOR('',#9766,1000.);
#1100=VECTOR('',#9767,1000.);
#1101=VECTOR('',#9768,1000.);
#1102=VECTOR('',#9769,1000.);
#1103=VECTOR('',#9770,1000.);
#1104=VECTOR('',#9771,1000.);
#1105=VECTOR('',#9772,1000.);
#1106=VECTOR('',#9773,1000.);
#1107=VECTOR('',#9774,1000.);
#1108=VECTOR('',#9775,1000.);
#1109=VECTOR('',#9776,1000.);
#1110=VECTOR('',#9777,1000.);
#1111=VECTOR('',#9780,1000.);
#1112=VECTOR('',#9781,1000.);
#1113=VECTOR('',#9782,1000.);
#1114=VECTOR('',#9783,1000.);
#1115=VECTOR('',#9784,1000.);
#1116=VECTOR('',#9787,1000.);
#1117=VECTOR('',#9788,1000.);
#1118=VECTOR('',#9789,1000.);
#1119=VECTOR('',#9792,1000.);
#1120=VECTOR('',#9793,1000.);
#1121=VECTOR('',#9794,1000.);
#1122=VECTOR('',#9797,1000.);
#1123=VECTOR('',#9802,1000.);
#1124=VECTOR('',#9803,1000.);
#1125=VECTOR('',#9804,1000.);
#1126=VECTOR('',#9807,1000.);
#1127=VECTOR('',#9812,1000.);
#1128=VECTOR('',#9813,1000.);
#1129=VECTOR('',#9816,1000.);
#1130=VECTOR('',#9817,1000.);
#1131=VECTOR('',#9820,1000.);
#1132=VECTOR('',#9821,1000.);
#1133=VECTOR('',#9824,1000.);
#1134=VECTOR('',#9825,1000.);
#1135=VECTOR('',#9830,1000.);
#1136=VECTOR('',#9833,1000.);
#1137=VECTOR('',#9842,1000.);
#1138=VECTOR('',#9845,1000.);
#1139=VECTOR('',#9852,1000.);
#1140=VECTOR('',#9855,1000.);
#1141=VECTOR('',#9860,1000.);
#1142=VECTOR('',#9863,1000.);
#1143=VECTOR('',#9872,1000.);
#1144=VECTOR('',#9873,1000.);
#1145=VECTOR('',#9876,1000.);
#1146=VECTOR('',#9877,1000.);
#1147=VECTOR('',#9882,1000.);
#1148=VECTOR('',#9887,1000.);
#1149=VECTOR('',#9892,1000.);
#1150=VECTOR('',#9895,1000.);
#1151=VECTOR('',#9904,1000.);
#1152=VECTOR('',#9905,1000.);
#1153=VECTOR('',#9906,1000.);
#1154=VECTOR('',#9909,1000.);
#1155=VECTOR('',#9910,1000.);
#1156=VECTOR('',#9911,1000.);
#1157=VECTOR('',#9920,1000.);
#1158=VECTOR('',#9929,1000.);
#1159=VECTOR('',#9938,1000.);
#1160=VECTOR('',#9941,1000.);
#1161=VECTOR('',#9944,1000.);
#1162=VECTOR('',#9947,1000.);
#1163=VECTOR('',#9950,1000.);
#1164=VECTOR('',#9951,1000.);
#1165=VECTOR('',#9958,1000.);
#1166=VECTOR('',#9961,1000.);
#1167=VECTOR('',#9998,1000.);
#1168=VECTOR('',#10001,1000.);
#1169=VECTOR('',#10004,1000.);
#1170=VECTOR('',#10007,1000.);
#1171=VECTOR('',#10008,1000.);
#1172=VECTOR('',#10011,1000.);
#1173=VECTOR('',#10016,1000.);
#1174=VECTOR('',#10019,1000.);
#1175=VECTOR('',#10024,1000.);
#1176=VECTOR('',#10025,1000.);
#1177=VECTOR('',#10028,1000.);
#1178=VECTOR('',#10029,1000.);
#1179=VECTOR('',#10032,1000.);
#1180=VECTOR('',#10035,1000.);
#1181=VECTOR('',#10038,1000.);
#1182=VECTOR('',#10039,1000.);
#1183=VECTOR('',#10050,1000.);
#1184=VECTOR('',#10053,1000.);
#1185=VECTOR('',#10056,1000.);
#1186=VECTOR('',#10059,1000.);
#1187=VECTOR('',#10062,1000.);
#1188=VECTOR('',#10065,1000.);
#1189=VECTOR('',#10068,1000.);
#1190=VECTOR('',#10071,1000.);
#1191=VECTOR('',#10074,1000.);
#1192=VECTOR('',#10077,1000.);
#1193=VECTOR('',#10080,1000.);
#1194=VECTOR('',#10083,1000.);
#1195=VECTOR('',#10086,1000.);
#1196=VECTOR('',#10089,1000.);
#1197=VECTOR('',#10092,1000.);
#1198=VECTOR('',#10095,1000.);
#1199=VECTOR('',#10098,1000.);
#1200=VECTOR('',#10101,1000.);
#1201=VECTOR('',#10104,1000.);
#1202=VECTOR('',#10107,1000.);
#1203=VECTOR('',#10250,1000.);
#1204=VECTOR('',#10253,1000.);
#1205=VECTOR('',#10256,1000.);
#1206=VECTOR('',#10257,1000.);
#1207=VECTOR('',#10260,1000.);
#1208=VECTOR('',#10265,1000.);
#1209=VECTOR('',#10266,1000.);
#1210=VECTOR('',#10269,1000.);
#1211=VECTOR('',#10274,1000.);
#1212=VECTOR('',#10275,1000.);
#1213=VECTOR('',#10278,1000.);
#1214=VECTOR('',#10283,1000.);
#1215=VECTOR('',#10356,1000.);
#1216=VECTOR('',#10359,1000.);
#1217=VECTOR('',#10362,1000.);
#1218=VECTOR('',#10365,1000.);
#1219=VECTOR('',#10370,1000.);
#1220=VECTOR('',#10373,1000.);
#1221=VECTOR('',#10388,1000.);
#1222=VECTOR('',#10391,1000.);
#1223=VECTOR('',#10394,1000.);
#1224=VECTOR('',#10397,1000.);
#1225=VECTOR('',#10400,1000.);
#1226=VECTOR('',#10403,1000.);
#1227=VECTOR('',#10432,1000.);
#1228=VECTOR('',#10433,1000.);
#1229=VECTOR('',#10438,1000.);
#1230=VECTOR('',#10441,1000.);
#1231=VECTOR('',#10444,1000.);
#1232=VECTOR('',#10445,1000.);
#1233=VECTOR('',#10450,1000.);
#1234=VECTOR('',#10451,1000.);
#1235=VECTOR('',#10456,1000.);
#1236=VECTOR('',#10457,1000.);
#1237=VECTOR('',#10462,1000.);
#1238=VECTOR('',#10463,1000.);
#1239=VECTOR('',#10574,1000.);
#1240=VECTOR('',#10575,1000.);
#1241=VECTOR('',#10576,1000.);
#1242=VECTOR('',#10577,1000.);
#1243=VECTOR('',#10578,1000.);
#1244=VECTOR('',#10579,1000.);
#1245=VECTOR('',#10596,1000.);
#1246=VECTOR('',#10597,1000.);
#1247=VECTOR('',#10630,1000.);
#1248=VECTOR('',#10633,1000.);
#1249=VECTOR('',#10636,1000.);
#1250=VECTOR('',#10637,1000.);
#1251=VECTOR('',#10640,1000.);
#1252=VECTOR('',#10645,1000.);
#1253=VECTOR('',#10684,1000.);
#1254=VECTOR('',#10687,1000.);
#1255=VECTOR('',#10690,1000.);
#1256=VECTOR('',#10693,1000.);
#1257=VECTOR('',#10694,1000.);
#1258=VECTOR('',#10695,1000.);
#1259=VECTOR('',#10696,1000.);
#1260=VECTOR('',#10697,1000.);
#1261=VECTOR('',#10698,1000.);
#1262=VECTOR('',#10699,1000.);
#1263=VECTOR('',#10704,1000.);
#1264=VECTOR('',#10705,1000.);
#1265=VECTOR('',#10706,1000.);
#1266=VECTOR('',#10707,1000.);
#1267=VECTOR('',#10708,1000.);
#1268=VECTOR('',#10709,1000.);
#1269=VECTOR('',#10712,1000.);
#1270=VECTOR('',#10715,1000.);
#1271=VECTOR('',#10718,1000.);
#1272=VECTOR('',#10719,1000.);
#1273=VECTOR('',#10722,1000.);
#1274=VECTOR('',#10727,1000.);
#1275=VECTOR('',#10728,1000.);
#1276=VECTOR('',#10731,1000.);
#1277=VECTOR('',#10736,1000.);
#1278=VECTOR('',#10737,1000.);
#1279=VECTOR('',#10740,1000.);
#1280=VECTOR('',#10745,1000.);
#1281=VECTOR('',#10748,1000.);
#1282=VECTOR('',#10749,1000.);
#1283=VECTOR('',#10750,1000.);
#1284=VECTOR('',#10751,1000.);
#1285=VECTOR('',#10754,1000.);
#1286=VECTOR('',#10755,1000.);
#1287=VECTOR('',#10756,1000.);
#1288=VECTOR('',#10759,1000.);
#1289=VECTOR('',#10760,1000.);
#1290=VECTOR('',#10761,1000.);
#1291=VECTOR('',#10764,1000.);
#1292=VECTOR('',#10765,1000.);
#1293=VECTOR('',#10766,1000.);
#1294=VECTOR('',#10769,1000.);
#1295=VECTOR('',#10770,1000.);
#1296=VECTOR('',#10771,1000.);
#1297=VECTOR('',#10774,1000.);
#1298=VECTOR('',#10775,1000.);
#1299=VECTOR('',#10776,1000.);
#1300=VECTOR('',#10779,1000.);
#1301=VECTOR('',#10780,1000.);
#1302=VECTOR('',#10781,1000.);
#1303=VECTOR('',#10784,1000.);
#1304=VECTOR('',#10785,1000.);
#1305=VECTOR('',#10786,1000.);
#1306=VECTOR('',#10789,1000.);
#1307=VECTOR('',#10790,1000.);
#1308=VECTOR('',#10791,1000.);
#1309=VECTOR('',#10794,1000.);
#1310=VECTOR('',#10795,1000.);
#1311=VECTOR('',#10796,1000.);
#1312=VECTOR('',#10799,1000.);
#1313=VECTOR('',#10800,1000.);
#1314=VECTOR('',#10801,1000.);
#1315=VECTOR('',#10804,1000.);
#1316=VECTOR('',#10805,1000.);
#1317=VECTOR('',#10806,1000.);
#1318=VECTOR('',#10807,1000.);
#1319=VECTOR('',#10812,1000.);
#1320=VECTOR('',#10817,1000.);
#1321=VECTOR('',#10818,1000.);
#1322=VECTOR('',#10819,1000.);
#1323=VECTOR('',#10822,1000.);
#1324=VECTOR('',#10823,1000.);
#1325=VECTOR('',#10824,1000.);
#1326=VECTOR('',#10827,1000.);
#1327=VECTOR('',#10828,1000.);
#1328=VECTOR('',#10829,1000.);
#1329=VECTOR('',#10834,1000.);
#1330=VECTOR('',#10839,1000.);
#1331=VECTOR('',#10840,1000.);
#1332=VECTOR('',#10841,1000.);
#1333=VECTOR('',#10844,1000.);
#1334=VECTOR('',#10845,1000.);
#1335=VECTOR('',#10846,1000.);
#1336=VECTOR('',#10847,1000.);
#1337=VECTOR('',#10850,1000.);
#1338=VECTOR('',#10851,1000.);
#1339=VECTOR('',#10852,1000.);
#1340=VECTOR('',#10855,1000.);
#1341=VECTOR('',#10856,1000.);
#1342=VECTOR('',#10857,1000.);
#1343=VECTOR('',#10862,1000.);
#1344=VECTOR('',#10867,1000.);
#1345=VECTOR('',#10868,1000.);
#1346=VECTOR('',#10869,1000.);
#1347=VECTOR('',#10874,1000.);
#1348=VECTOR('',#10881,1000.);
#1349=VECTOR('',#10888,1000.);
#1350=VECTOR('',#10893,1000.);
#1351=VECTOR('',#10894,1000.);
#1352=VECTOR('',#10895,1000.);
#1353=VECTOR('',#10898,1000.);
#1354=VECTOR('',#10899,1000.);
#1355=VECTOR('',#10900,1000.);
#1356=VECTOR('',#10903,1000.);
#1357=VECTOR('',#10904,1000.);
#1358=VECTOR('',#10905,1000.);
#1359=VECTOR('',#10910,1000.);
#1360=VECTOR('',#10917,1000.);
#1361=VECTOR('',#10924,1000.);
#1362=VECTOR('',#10931,1000.);
#1363=VECTOR('',#10938,1000.);
#1364=VECTOR('',#10943,1000.);
#1365=VECTOR('',#10944,1000.);
#1366=VECTOR('',#10945,1000.);
#1367=VECTOR('',#10948,1000.);
#1368=VECTOR('',#10949,1000.);
#1369=VECTOR('',#10950,1000.);
#1370=VECTOR('',#10951,1000.);
#1371=VECTOR('',#10954,1000.);
#1372=VECTOR('',#10955,1000.);
#1373=VECTOR('',#10956,1000.);
#1374=VECTOR('',#10959,1000.);
#1375=VECTOR('',#10960,1000.);
#1376=VECTOR('',#10961,1000.);
#1377=VECTOR('',#10964,1000.);
#1378=VECTOR('',#10965,1000.);
#1379=VECTOR('',#10966,1000.);
#1380=VECTOR('',#10967,1000.);
#1381=VECTOR('',#10970,1000.);
#1382=VECTOR('',#10971,1000.);
#1383=VECTOR('',#10972,1000.);
#1384=VECTOR('',#10975,1000.);
#1385=VECTOR('',#10976,1000.);
#1386=VECTOR('',#10977,1000.);
#1387=VECTOR('',#10980,1000.);
#1388=VECTOR('',#10981,1000.);
#1389=VECTOR('',#10982,1000.);
#1390=VECTOR('',#10983,1000.);
#1391=VECTOR('',#10986,1000.);
#1392=VECTOR('',#10987,1000.);
#1393=VECTOR('',#10988,1000.);
#1394=VECTOR('',#10991,1000.);
#1395=VECTOR('',#10992,1000.);
#1396=VECTOR('',#10993,1000.);
#1397=VECTOR('',#10996,1000.);
#1398=VECTOR('',#10997,1000.);
#1399=VECTOR('',#10998,1000.);
#1400=VECTOR('',#11001,1000.);
#1401=VECTOR('',#11002,1000.);
#1402=VECTOR('',#11003,1000.);
#1403=VECTOR('',#11006,1000.);
#1404=VECTOR('',#11007,1000.);
#1405=VECTOR('',#11008,1000.);
#1406=VECTOR('',#11009,1000.);
#1407=VECTOR('',#11012,1000.);
#1408=VECTOR('',#11013,1000.);
#1409=VECTOR('',#11014,1000.);
#1410=VECTOR('',#11017,1000.);
#1411=VECTOR('',#11018,1000.);
#1412=VECTOR('',#11019,1000.);
#1413=VECTOR('',#11022,1000.);
#1414=VECTOR('',#11023,1000.);
#1415=VECTOR('',#11024,1000.);
#1416=VECTOR('',#11025,1000.);
#1417=VECTOR('',#11030,1000.);
#1418=VECTOR('',#11035,1000.);
#1419=VECTOR('',#11036,1000.);
#1420=VECTOR('',#11037,1000.);
#1421=VECTOR('',#11040,1000.);
#1422=VECTOR('',#11041,1000.);
#1423=VECTOR('',#11042,1000.);
#1424=VECTOR('',#11043,1000.);
#1425=VECTOR('',#11046,1000.);
#1426=VECTOR('',#11047,1000.);
#1427=VECTOR('',#11048,1000.);
#1428=VECTOR('',#11051,1000.);
#1429=VECTOR('',#11052,1000.);
#1430=VECTOR('',#11053,1000.);
#1431=VECTOR('',#11058,1000.);
#1432=VECTOR('',#11061,1000.);
#1433=VECTOR('',#11066,1000.);
#1434=VECTOR('',#11073,1000.);
#1435=VECTOR('',#11080,1000.);
#1436=VECTOR('',#11087,1000.);
#1437=VECTOR('',#11094,1000.);
#1438=VECTOR('',#11101,1000.);
#1439=VECTOR('',#11108,1000.);
#1440=VECTOR('',#11115,1000.);
#1441=VECTOR('',#11122,1000.);
#1442=VECTOR('',#11129,1000.);
#1443=VECTOR('',#11136,1000.);
#1444=VECTOR('',#11143,1000.);
#1445=VECTOR('',#11150,1000.);
#1446=VECTOR('',#11157,1000.);
#1447=VECTOR('',#11164,1000.);
#1448=VECTOR('',#11171,1000.);
#1449=VECTOR('',#11178,1000.);
#1450=VECTOR('',#11185,1000.);
#1451=VECTOR('',#11192,1000.);
#1452=VECTOR('',#11197,1000.);
#1453=VECTOR('',#11198,1000.);
#1454=VECTOR('',#11199,1000.);
#1455=VECTOR('',#11200,1000.);
#1456=VECTOR('',#11203,1000.);
#1457=VECTOR('',#11204,1000.);
#1458=VECTOR('',#11205,1000.);
#1459=VECTOR('',#11208,1000.);
#1460=VECTOR('',#11209,1000.);
#1461=VECTOR('',#11210,1000.);
#1462=VECTOR('',#11213,1000.);
#1463=VECTOR('',#11214,1000.);
#1464=VECTOR('',#11215,1000.);
#1465=VECTOR('',#11218,1000.);
#1466=VECTOR('',#11219,1000.);
#1467=VECTOR('',#11220,1000.);
#1468=VECTOR('',#11223,1000.);
#1469=VECTOR('',#11224,1000.);
#1470=VECTOR('',#11225,1000.);
#1471=VECTOR('',#11228,1000.);
#1472=VECTOR('',#11229,1000.);
#1473=VECTOR('',#11230,1000.);
#1474=VECTOR('',#11233,1000.);
#1475=VECTOR('',#11234,1000.);
#1476=VECTOR('',#11235,1000.);
#1477=VECTOR('',#11238,1000.);
#1478=VECTOR('',#11239,1000.);
#1479=VECTOR('',#11240,1000.);
#1480=VECTOR('',#11243,1000.);
#1481=VECTOR('',#11244,1000.);
#1482=VECTOR('',#11245,1000.);
#1483=VECTOR('',#11248,1000.);
#1484=VECTOR('',#11249,1000.);
#1485=VECTOR('',#11250,1000.);
#1486=VECTOR('',#11253,1000.);
#1487=VECTOR('',#11254,1000.);
#1488=VECTOR('',#11255,1000.);
#1489=VECTOR('',#11256,1000.);
#1490=VECTOR('',#11259,1000.);
#1491=VECTOR('',#11260,1000.);
#1492=VECTOR('',#11261,1000.);
#1493=VECTOR('',#11264,1000.);
#1494=VECTOR('',#11265,1000.);
#1495=VECTOR('',#11266,1000.);
#1496=VECTOR('',#11269,1000.);
#1497=VECTOR('',#11270,1000.);
#1498=VECTOR('',#11271,1000.);
#1499=VECTOR('',#11272,1000.);
#1500=VECTOR('',#11275,1000.);
#1501=VECTOR('',#11276,1000.);
#1502=VECTOR('',#11277,1000.);
#1503=VECTOR('',#11280,1000.);
#1504=VECTOR('',#11281,1000.);
#1505=VECTOR('',#11282,1000.);
#1506=VECTOR('',#11285,1000.);
#1507=VECTOR('',#11286,1000.);
#1508=VECTOR('',#11287,1000.);
#1509=VECTOR('',#11290,1000.);
#1510=VECTOR('',#11291,1000.);
#1511=VECTOR('',#11292,1000.);
#1512=VECTOR('',#11295,1000.);
#1513=VECTOR('',#11296,1000.);
#1514=VECTOR('',#11297,1000.);
#1515=VECTOR('',#11300,1000.);
#1516=VECTOR('',#11301,1000.);
#1517=VECTOR('',#11302,1000.);
#1518=VECTOR('',#11305,1000.);
#1519=VECTOR('',#11306,1000.);
#1520=VECTOR('',#11307,1000.);
#1521=VECTOR('',#11310,1000.);
#1522=VECTOR('',#11311,1000.);
#1523=VECTOR('',#11312,1000.);
#1524=VECTOR('',#11315,1000.);
#1525=VECTOR('',#11316,1000.);
#1526=VECTOR('',#11317,1000.);
#1527=VECTOR('',#11318,1000.);
#1528=VECTOR('',#11321,1000.);
#1529=VECTOR('',#11322,1000.);
#1530=VECTOR('',#11323,1000.);
#1531=VECTOR('',#11326,1000.);
#1532=VECTOR('',#11327,1000.);
#1533=VECTOR('',#11328,1000.);
#1534=VECTOR('',#11331,1000.);
#1535=VECTOR('',#11332,1000.);
#1536=VECTOR('',#11333,1000.);
#1537=VECTOR('',#11336,1000.);
#1538=VECTOR('',#11337,1000.);
#1539=VECTOR('',#11338,1000.);
#1540=VECTOR('',#11341,1000.);
#1541=VECTOR('',#11342,1000.);
#1542=VECTOR('',#11343,1000.);
#1543=VECTOR('',#11346,1000.);
#1544=VECTOR('',#11347,1000.);
#1545=VECTOR('',#11348,1000.);
#1546=VECTOR('',#11351,1000.);
#1547=VECTOR('',#11352,1000.);
#1548=VECTOR('',#11353,1000.);
#1549=VECTOR('',#11356,1000.);
#1550=VECTOR('',#11357,1000.);
#1551=VECTOR('',#11358,1000.);
#1552=VECTOR('',#11361,1000.);
#1553=VECTOR('',#11362,1000.);
#1554=VECTOR('',#11363,1000.);
#1555=VECTOR('',#11366,1000.);
#1556=VECTOR('',#11367,1000.);
#1557=VECTOR('',#11368,1000.);
#1558=VECTOR('',#11371,1000.);
#1559=VECTOR('',#11372,1000.);
#1560=VECTOR('',#11373,1000.);
#1561=VECTOR('',#11374,1000.);
#1562=VECTOR('',#11379,1000.);
#1563=VECTOR('',#11384,1000.);
#1564=VECTOR('',#11385,1000.);
#1565=VECTOR('',#11386,1000.);
#1566=VECTOR('',#11389,1000.);
#1567=VECTOR('',#11390,1000.);
#1568=VECTOR('',#11391,1000.);
#1569=VECTOR('',#11392,1000.);
#1570=VECTOR('',#11395,1000.);
#1571=VECTOR('',#11396,1000.);
#1572=VECTOR('',#11397,1000.);
#1573=VECTOR('',#11400,1000.);
#1574=VECTOR('',#11401,1000.);
#1575=VECTOR('',#11402,1000.);
#1576=VECTOR('',#11405,1000.);
#1577=VECTOR('',#11406,1000.);
#1578=VECTOR('',#11407,1000.);
#1579=VECTOR('',#11410,1000.);
#1580=VECTOR('',#11411,1000.);
#1581=VECTOR('',#11412,1000.);
#1582=VECTOR('',#11415,1000.);
#1583=VECTOR('',#11416,1000.);
#1584=VECTOR('',#11417,1000.);
#1585=VECTOR('',#11418,1000.);
#1586=VECTOR('',#11421,1000.);
#1587=VECTOR('',#11422,1000.);
#1588=VECTOR('',#11423,1000.);
#1589=VECTOR('',#11426,1000.);
#1590=VECTOR('',#11427,1000.);
#1591=VECTOR('',#11428,1000.);
#1592=VECTOR('',#11431,1000.);
#1593=VECTOR('',#11432,1000.);
#1594=VECTOR('',#11433,1000.);
#1595=VECTOR('',#11436,1000.);
#1596=VECTOR('',#11437,1000.);
#1597=VECTOR('',#11438,1000.);
#1598=VECTOR('',#11441,1000.);
#1599=VECTOR('',#11442,1000.);
#1600=VECTOR('',#11451,1000.);
#1601=VECTOR('',#11452,1000.);
#1602=VECTOR('',#11455,1000.);
#1603=VECTOR('',#11456,1000.);
#1604=VECTOR('',#11459,1000.);
#1605=VECTOR('',#11460,1000.);
#1606=VECTOR('',#11467,1000.);
#1607=VECTOR('',#11468,1000.);
#1608=VECTOR('',#11471,1000.);
#1609=VECTOR('',#11472,1000.);
#1610=VECTOR('',#11481,1000.);
#1611=VECTOR('',#11482,1000.);
#1612=VECTOR('',#11491,1000.);
#1613=VECTOR('',#11492,1000.);
#1614=VECTOR('',#11495,1000.);
#1615=VECTOR('',#11496,1000.);
#1616=VECTOR('',#11499,1000.);
#1617=VECTOR('',#11500,1000.);
#1618=VECTOR('',#11503,1000.);
#1619=VECTOR('',#11504,1000.);
#1620=VECTOR('',#11513,1000.);
#1621=VECTOR('',#11514,1000.);
#1622=VECTOR('',#11517,1000.);
#1623=VECTOR('',#11518,1000.);
#1624=VECTOR('',#11615,1000.);
#1625=VECTOR('',#11618,1000.);
#1626=VECTOR('',#11621,1000.);
#1627=VECTOR('',#11626,1000.);
#1628=VECTOR('',#11631,1000.);
#1629=VECTOR('',#11636,1000.);
#1630=VECTOR('',#11641,1000.);
#1631=VECTOR('',#11646,1000.);
#1632=VECTOR('',#11651,1000.);
#1633=VECTOR('',#11656,1000.);
#1634=VECTOR('',#11661,1000.);
#1635=VECTOR('',#11666,1000.);
#1636=VECTOR('',#11671,1000.);
#1637=VECTOR('',#11676,1000.);
#1638=VECTOR('',#11681,1000.);
#1639=VECTOR('',#11686,1000.);
#1640=VECTOR('',#11691,1000.);
#1641=VECTOR('',#11696,1000.);
#1642=VECTOR('',#11701,1000.);
#1643=VECTOR('',#11706,1000.);
#1644=VECTOR('',#11711,1000.);
#1645=VECTOR('',#11722,1000.);
#1646=VECTOR('',#11723,1000.);
#1647=VECTOR('',#11726,1000.);
#1648=VECTOR('',#11729,1000.);
#1649=VECTOR('',#11732,1000.);
#1650=VECTOR('',#11735,1000.);
#1651=VECTOR('',#11754,1000.);
#1652=VECTOR('',#11755,1000.);
#1653=VECTOR('',#11756,1000.);
#1654=VECTOR('',#11757,1000.);
#1655=VECTOR('',#11760,1000.);
#1656=VECTOR('',#11761,1000.);
#1657=VECTOR('',#11762,1000.);
#1658=VECTOR('',#11763,1000.);
#1659=VECTOR('',#11764,1000.);
#1660=VECTOR('',#11765,1000.);
#1661=VECTOR('',#11766,1000.);
#1662=VECTOR('',#11769,1000.);
#1663=VECTOR('',#11770,1000.);
#1664=VECTOR('',#11771,1000.);
#1665=VECTOR('',#11774,1000.);
#1666=VECTOR('',#11775,1000.);
#1667=VECTOR('',#11776,1000.);
#1668=VECTOR('',#11779,1000.);
#1669=VECTOR('',#11780,1000.);
#1670=VECTOR('',#11781,1000.);
#1671=VECTOR('',#11782,1000.);
#1672=VECTOR('',#11785,1000.);
#1673=VECTOR('',#11786,1000.);
#1674=VECTOR('',#11787,1000.);
#1675=VECTOR('',#11788,1000.);
#1676=VECTOR('',#11789,1000.);
#1677=VECTOR('',#11792,1000.);
#1678=VECTOR('',#11793,1000.);
#1679=VECTOR('',#11794,1000.);
#1680=VECTOR('',#11795,1000.);
#1681=VECTOR('',#11798,1000.);
#1682=VECTOR('',#11799,1000.);
#1683=VECTOR('',#11800,1000.);
#1684=VECTOR('',#11801,1000.);
#1685=VECTOR('',#11802,1000.);
#1686=VECTOR('',#11803,1000.);
#1687=VECTOR('',#11804,1000.);
#1688=VECTOR('',#11807,1000.);
#1689=VECTOR('',#11808,1000.);
#1690=VECTOR('',#11809,1000.);
#1691=VECTOR('',#11812,1000.);
#1692=VECTOR('',#11813,1000.);
#1693=VECTOR('',#11816,1000.);
#1694=VECTOR('',#11817,1000.);
#1695=VECTOR('',#11818,1000.);
#1696=VECTOR('',#11819,1000.);
#1697=VECTOR('',#11820,1000.);
#1698=VECTOR('',#11821,1000.);
#1699=VECTOR('',#11822,1000.);
#1700=VECTOR('',#11823,1000.);
#1701=VECTOR('',#11824,1000.);
#1702=VECTOR('',#11825,1000.);
#1703=VECTOR('',#11826,1000.);
#1704=VECTOR('',#11827,1000.);
#1705=VECTOR('',#11828,1000.);
#1706=VECTOR('',#11829,1000.);
#1707=VECTOR('',#11832,1000.);
#1708=VECTOR('',#11833,1000.);
#1709=VECTOR('',#11836,1000.);
#1710=VECTOR('',#11837,1000.);
#1711=VECTOR('',#11840,1000.);
#1712=VECTOR('',#11841,1000.);
#1713=VECTOR('',#11844,1000.);
#1714=VECTOR('',#11845,1000.);
#1715=VECTOR('',#11848,1000.);
#1716=VECTOR('',#11849,1000.);
#1717=VECTOR('',#11852,1000.);
#1718=VECTOR('',#11853,1000.);
#1719=VECTOR('',#11856,1000.);
#1720=VECTOR('',#11857,1000.);
#1721=VECTOR('',#11860,1000.);
#1722=VECTOR('',#11861,1000.);
#1723=VECTOR('',#11864,1000.);
#1724=VECTOR('',#11865,1000.);
#1725=VECTOR('',#11868,1000.);
#1726=VECTOR('',#11869,1000.);
#1727=VECTOR('',#11872,1000.);
#1728=VECTOR('',#11873,1000.);
#1729=VECTOR('',#11876,1000.);
#1730=VECTOR('',#11877,1000.);
#1731=VECTOR('',#11880,1000.);
#1732=VECTOR('',#11881,1000.);
#1733=VECTOR('',#11884,1000.);
#1734=VECTOR('',#11885,1000.);
#1735=VECTOR('',#11896,1000.);
#1736=VECTOR('',#11905,1000.);
#1737=VECTOR('',#11924,1000.);
#1738=VECTOR('',#11925,1000.);
#1739=VECTOR('',#11926,1000.);
#1740=VECTOR('',#11927,1000.);
#1741=VECTOR('',#11930,1000.);
#1742=VECTOR('',#11931,1000.);
#1743=VECTOR('',#11932,1000.);
#1744=VECTOR('',#11933,1000.);
#1745=VECTOR('',#11936,1000.);
#1746=VECTOR('',#11937,1000.);
#1747=VECTOR('',#11938,1000.);
#1748=VECTOR('',#11939,1000.);
#1749=VECTOR('',#11942,1000.);
#1750=VECTOR('',#11943,1000.);
#1751=VECTOR('',#11944,1000.);
#1752=VECTOR('',#11945,1000.);
#1753=VECTOR('',#11948,1000.);
#1754=VECTOR('',#11949,1000.);
#1755=VECTOR('',#11950,1000.);
#1756=VECTOR('',#11951,1000.);
#1757=VECTOR('',#11954,1000.);
#1758=VECTOR('',#11955,1000.);
#1759=VECTOR('',#11956,1000.);
#1760=VECTOR('',#11957,1000.);
#1761=VECTOR('',#11960,1000.);
#1762=VECTOR('',#11961,1000.);
#1763=VECTOR('',#11962,1000.);
#1764=VECTOR('',#11963,1000.);
#1765=VECTOR('',#11966,1000.);
#1766=VECTOR('',#11967,1000.);
#1767=VECTOR('',#11968,1000.);
#1768=VECTOR('',#11969,1000.);
#1769=VECTOR('',#11972,1000.);
#1770=VECTOR('',#11973,1000.);
#1771=VECTOR('',#11974,1000.);
#1772=VECTOR('',#11975,1000.);
#1773=VECTOR('',#11978,1000.);
#1774=VECTOR('',#11979,1000.);
#1775=VECTOR('',#11980,1000.);
#1776=VECTOR('',#11981,1000.);
#1777=VECTOR('',#12004,1000.);
#1778=VECTOR('',#12005,1000.);
#1779=VECTOR('',#12008,1000.);
#1780=VECTOR('',#12009,1000.);
#1781=VECTOR('',#12012,1000.);
#1782=VECTOR('',#12013,1000.);
#1783=VECTOR('',#12016,1000.);
#1784=VECTOR('',#12021,1000.);
#1785=VECTOR('',#12022,1000.);
#1786=VECTOR('',#12027,1000.);
#1787=VECTOR('',#12030,1000.);
#1788=VECTOR('',#12031,1000.);
#1789=VECTOR('',#12034,1000.);
#1790=VECTOR('',#12035,1000.);
#1791=VECTOR('',#12036,1000.);
#1792=VECTOR('',#12039,1000.);
#1793=VECTOR('',#12044,1000.);
#1794=VECTOR('',#12047,1000.);
#1795=VECTOR('',#12050,1000.);
#1796=VECTOR('',#12051,1000.);
#1797=VECTOR('',#12056,1000.);
#1798=VECTOR('',#12057,1000.);
#1799=VECTOR('',#12060,1000.);
#1800=VECTOR('',#12061,1000.);
#1801=VECTOR('',#12064,1000.);
#1802=VECTOR('',#12065,1000.);
#1803=VECTOR('',#12068,1000.);
#1804=VECTOR('',#12073,1000.);
#1805=VECTOR('',#12074,1000.);
#1806=VECTOR('',#12079,1000.);
#1807=VECTOR('',#12082,1000.);
#1808=VECTOR('',#12083,1000.);
#1809=VECTOR('',#12086,1000.);
#1810=VECTOR('',#12087,1000.);
#1811=VECTOR('',#12088,1000.);
#1812=VECTOR('',#12091,1000.);
#1813=VECTOR('',#12096,1000.);
#1814=VECTOR('',#12099,1000.);
#1815=VECTOR('',#12102,1000.);
#1816=VECTOR('',#12103,1000.);
#1817=B_SPLINE_CURVE_WITH_KNOTS('',3,(#12115,#12116,#12117,#12118),
 .UNSPECIFIED.,.F.,.F.,(4,4),(0.,0.000321279454075659),.UNSPECIFIED.);
#1818=B_SPLINE_CURVE_WITH_KNOTS('',3,(#12122,#12123,#12124,#12125),
 .UNSPECIFIED.,.F.,.F.,(4,4),(1.73472347597681E-18,0.000321286585311663),
 .UNSPECIFIED.);
#1819=B_SPLINE_CURVE_WITH_KNOTS('',3,(#12129,#12130,#12131,#12132),
 .UNSPECIFIED.,.F.,.F.,(4,4),(0.,0.000321279454075659),.UNSPECIFIED.);
#1820=B_SPLINE_CURVE_WITH_KNOTS('',3,(#12136,#12137,#12138,#12139),
 .UNSPECIFIED.,.F.,.F.,(4,4),(1.73472347597681E-18,0.000321286585311663),
 .UNSPECIFIED.);
#1821=B_SPLINE_CURVE_WITH_KNOTS('',3,(#12228,#12229,#12230,#12231),
 .UNSPECIFIED.,.F.,.F.,(4,4),(0.,0.00616021928604416),.UNSPECIFIED.);
#1822=B_SPLINE_CURVE_WITH_KNOTS('',3,(#12232,#12233,#12234,#12235),
 .UNSPECIFIED.,.F.,.F.,(4,4),(0.,0.00616021887275915),.UNSPECIFIED.);
#1823=B_SPLINE_CURVE_WITH_KNOTS('',3,(#12240,#12241,#12242,#12243),
 .UNSPECIFIED.,.F.,.F.,(4,4),(0.,0.00616021928604416),.UNSPECIFIED.);
#1824=B_SPLINE_CURVE_WITH_KNOTS('',3,(#12244,#12245,#12246,#12247),
 .UNSPECIFIED.,.F.,.F.,(4,4),(0.,0.00616021887275915),.UNSPECIFIED.);
#1825=B_SPLINE_CURVE_WITH_KNOTS('',3,(#12285,#12286,#12287,#12288,#12289,
#12290,#12291,#12292),.UNSPECIFIED.,.F.,.F.,(4,1,1,1,1,4),(0.000103896257407617,
0.000463969046469143,0.000824041835530669,0.00154418741365372,0.00226433299177677,
0.00298447856989982),.UNSPECIFIED.);
#1826=B_SPLINE_CURVE_WITH_KNOTS('',3,(#12298,#12299,#12300,#12301,#12302,
#12303,#12304,#12305),.UNSPECIFIED.,.F.,.F.,(4,1,1,1,1,4),(0.000103896257407594,
0.000463969046469119,0.000824041835530643,0.00154418741365369,0.00226433299177674,
0.00298447856989979),.UNSPECIFIED.);
#1827=B_SPLINE_CURVE_WITH_KNOTS('',3,(#12319,#12320,#12321,#12322,#12323,
#12324,#12325,#12326),.UNSPECIFIED.,.F.,.F.,(4,1,1,1,1,4),(0.000103896257407611,
0.000463969046469121,0.000824041835530631,0.00154418741365365,0.00226433299177667,
0.00298447856989969),.UNSPECIFIED.);
#1828=B_SPLINE_CURVE_WITH_KNOTS('',3,(#12332,#12333,#12334,#12335,#12336,
#12337,#12338,#12339),.UNSPECIFIED.,.F.,.F.,(4,1,1,1,1,4),(0.000103896257407589,
0.000463969046469097,0.000824041835530604,0.00154418741365362,0.00226433299177663,
0.00298447856989965),.UNSPECIFIED.);
#1829=B_SPLINE_CURVE_WITH_KNOTS('',3,(#12455,#12456,#12457,#12458),
 .UNSPECIFIED.,.F.,.F.,(4,4),(0.,0.000320534010327559),.UNSPECIFIED.);
#1830=B_SPLINE_CURVE_WITH_KNOTS('',3,(#12474,#12475,#12476,#12477),
 .UNSPECIFIED.,.F.,.F.,(4,4),(0.,0.000320529008193926),.UNSPECIFIED.);
#1831=B_SPLINE_CURVE_WITH_KNOTS('',3,(#12489,#12490,#12491,#12492),
 .UNSPECIFIED.,.F.,.F.,(4,4),(0.,0.000320529008193934),.UNSPECIFIED.);
#1832=B_SPLINE_CURVE_WITH_KNOTS('',3,(#12500,#12501,#12502,#12503),
 .UNSPECIFIED.,.F.,.F.,(4,4),(0.,0.000320534010327553),.UNSPECIFIED.);
#1833=B_SPLINE_CURVE_WITH_KNOTS('',3,(#12524,#12525,#12526,#12527),
 .UNSPECIFIED.,.F.,.F.,(4,4),(0.,0.000320529008193934),.UNSPECIFIED.);
#1834=B_SPLINE_CURVE_WITH_KNOTS('',3,(#12540,#12541,#12542,#12543),
 .UNSPECIFIED.,.F.,.F.,(4,4),(0.,0.00032053401032756),.UNSPECIFIED.);
#1835=B_SPLINE_CURVE_WITH_KNOTS('',3,(#12574,#12575,#12576,#12577),
 .UNSPECIFIED.,.F.,.F.,(4,4),(0.,0.000320534010327556),.UNSPECIFIED.);
#1836=B_SPLINE_CURVE_WITH_KNOTS('',3,(#12584,#12585,#12586,#12587),
 .UNSPECIFIED.,.F.,.F.,(4,4),(0.,0.000320529008193934),.UNSPECIFIED.);
#1837=B_SPLINE_CURVE_WITH_KNOTS('',3,(#12803,#12804,#12805,#12806),
 .UNSPECIFIED.,.F.,.F.,(4,4),(4.79638493214879E-16,0.00614172340341355),
 .UNSPECIFIED.);
#1838=B_SPLINE_CURVE_WITH_KNOTS('',3,(#12810,#12811,#12812,#12813),
 .UNSPECIFIED.,.F.,.F.,(4,4),(0.,0.00614172340341406),.UNSPECIFIED.);
#1839=B_SPLINE_CURVE_WITH_KNOTS('',3,(#12815,#12816,#12817,#12818),
 .UNSPECIFIED.,.F.,.F.,(4,4),(4.79638493214879E-16,0.00614172340341361),
 .UNSPECIFIED.);
#1840=B_SPLINE_CURVE_WITH_KNOTS('',3,(#12822,#12823,#12824,#12825),
 .UNSPECIFIED.,.F.,.F.,(4,4),(0.,0.00614172340341406),.UNSPECIFIED.);
#1841=B_SPLINE_CURVE_WITH_KNOTS('',3,(#12980,#12981,#12982,#12983),
 .UNSPECIFIED.,.F.,.F.,(4,4),(0.0187638631099866,0.0217889046246789),
 .UNSPECIFIED.);
#1842=B_SPLINE_CURVE_WITH_KNOTS('',3,(#12985,#12986,#12987,#12988),
 .UNSPECIFIED.,.F.,.F.,(4,4),(0.0217889046246789,0.024826759546115),
 .UNSPECIFIED.);
#1843=B_SPLINE_CURVE_WITH_KNOTS('',3,(#12992,#12993,#12994,#12995),
 .UNSPECIFIED.,.F.,.F.,(4,4),(0.0217889046246789,0.024826759546115),
 .UNSPECIFIED.);
#1844=B_SPLINE_CURVE_WITH_KNOTS('',3,(#12997,#12998,#12999,#13000),
 .UNSPECIFIED.,.F.,.F.,(4,4),(0.0187638631099866,0.0217889046246789),
 .UNSPECIFIED.);
#1845=B_SPLINE_CURVE_WITH_KNOTS('',3,(#13029,#13030,#13031,#13032),
 .UNSPECIFIED.,.F.,.F.,(4,4),(1.87982550059427E-6,0.000578953204065803),
 .UNSPECIFIED.);
#1846=B_SPLINE_CURVE_WITH_KNOTS('',3,(#13036,#13037,#13038,#13039),
 .UNSPECIFIED.,.F.,.F.,(4,4),(0.0057458168066535,0.00632020710486791),
 .UNSPECIFIED.);
#1847=B_SPLINE_CURVE_WITH_KNOTS('',3,(#13041,#13042,#13043,#13044),
 .UNSPECIFIED.,.F.,.F.,(4,4),(0.0057458168066535,0.00632020710486791),
 .UNSPECIFIED.);
#1848=B_SPLINE_CURVE_WITH_KNOTS('',3,(#13046,#13047,#13048,#13049),
 .UNSPECIFIED.,.F.,.F.,(4,4),(1.8798255005934E-6,0.000578953204065803),
 .UNSPECIFIED.);
#1849=B_SPLINE_CURVE_WITH_KNOTS('',3,(#13053,#13054,#13055,#13056),
 .UNSPECIFIED.,.F.,.F.,(4,4),(0.00574581680665351,0.00632020710486791),
 .UNSPECIFIED.);
#1850=B_SPLINE_CURVE_WITH_KNOTS('',3,(#13058,#13059,#13060,#13061),
 .UNSPECIFIED.,.F.,.F.,(4,4),(1.87982550059303E-6,0.000578953204065802),
 .UNSPECIFIED.);
#1851=B_SPLINE_CURVE_WITH_KNOTS('',3,(#13065,#13066,#13067,#13068),
 .UNSPECIFIED.,.F.,.F.,(4,4),(0.00574581680665351,0.00632020710486791),
 .UNSPECIFIED.);
#1852=B_SPLINE_CURVE_WITH_KNOTS('',3,(#13070,#13071,#13072,#13073),
 .UNSPECIFIED.,.F.,.F.,(4,4),(1.87982550059554E-6,0.000578953204065805),
 .UNSPECIFIED.);
#1853=B_SPLINE_CURVE_WITH_KNOTS('',3,(#13077,#13078,#13079,#13080),
 .UNSPECIFIED.,.F.,.F.,(4,4),(0.0057458168066535,0.00632020710486791),
 .UNSPECIFIED.);
#1854=B_SPLINE_CURVE_WITH_KNOTS('',3,(#13082,#13083,#13084,#13085),
 .UNSPECIFIED.,.F.,.F.,(4,4),(1.87982550059529E-6,0.000578953204065804),
 .UNSPECIFIED.);
#1855=B_SPLINE_CURVE_WITH_KNOTS('',3,(#13089,#13090,#13091,#13092),
 .UNSPECIFIED.,.F.,.F.,(4,4),(0.0057458168066535,0.0063202071048679),
 .UNSPECIFIED.);
#1856=B_SPLINE_CURVE_WITH_KNOTS('',3,(#13094,#13095,#13096,#13097),
 .UNSPECIFIED.,.F.,.F.,(4,4),(1.87982550059465E-6,0.000578953204065803),
 .UNSPECIFIED.);
#1857=B_SPLINE_CURVE_WITH_KNOTS('',3,(#14398,#14399,#14400,#14401),
 .UNSPECIFIED.,.F.,.F.,(4,4),(0.,0.000629155076039144),.UNSPECIFIED.);
#1858=B_SPLINE_CURVE_WITH_KNOTS('',3,(#14405,#14406,#14407,#14408),
 .UNSPECIFIED.,.F.,.F.,(4,4),(0.,0.000629155076039146),.UNSPECIFIED.);
#1859=B_SPLINE_CURVE_WITH_KNOTS('',3,(#14412,#14413,#14414,#14415),
 .UNSPECIFIED.,.F.,.F.,(4,4),(0.,0.000629155076039152),.UNSPECIFIED.);
#1860=B_SPLINE_CURVE_WITH_KNOTS('',3,(#14419,#14420,#14421,#14422),
 .UNSPECIFIED.,.F.,.F.,(4,4),(0.,0.000629155076039154),.UNSPECIFIED.);
#1861=B_SPLINE_CURVE_WITH_KNOTS('',3,(#14471,#14472,#14473,#14474),
 .UNSPECIFIED.,.F.,.F.,(4,4),(0.,0.000629155076039164),.UNSPECIFIED.);
#1862=B_SPLINE_CURVE_WITH_KNOTS('',3,(#14478,#14479,#14480,#14481),
 .UNSPECIFIED.,.F.,.F.,(4,4),(0.,0.000629155076039156),.UNSPECIFIED.);
#1863=B_SPLINE_CURVE_WITH_KNOTS('',3,(#14485,#14486,#14487,#14488),
 .UNSPECIFIED.,.F.,.F.,(4,4),(0.,0.000629155076039158),.UNSPECIFIED.);
#1864=B_SPLINE_CURVE_WITH_KNOTS('',3,(#14492,#14493,#14494,#14495),
 .UNSPECIFIED.,.F.,.F.,(4,4),(0.,0.000629155076039166),.UNSPECIFIED.);
#1865=B_SPLINE_CURVE_WITH_KNOTS('',3,(#14736,#14737,#14738,#14739),
 .UNSPECIFIED.,.F.,.F.,(4,4),(0.,0.000295520606095572),.UNSPECIFIED.);
#1866=B_SPLINE_CURVE_WITH_KNOTS('',3,(#14744,#14745,#14746,#14747),
 .UNSPECIFIED.,.F.,.F.,(4,4),(0.,0.000295520606095571),.UNSPECIFIED.);
#1867=B_SPLINE_CURVE_WITH_KNOTS('',3,(#14768,#14769,#14770,#14771),
 .UNSPECIFIED.,.F.,.F.,(4,4),(0.,0.000295520606095571),.UNSPECIFIED.);
#1868=B_SPLINE_CURVE_WITH_KNOTS('',3,(#14777,#14778,#14779,#14780),
 .UNSPECIFIED.,.F.,.F.,(4,4),(0.,0.000295520606095571),.UNSPECIFIED.);
#1869=B_SPLINE_CURVE_WITH_KNOTS('',3,(#14804,#14805,#14806,#14807),
 .UNSPECIFIED.,.F.,.F.,(4,4),(0.,0.000295520606095564),.UNSPECIFIED.);
#1870=B_SPLINE_CURVE_WITH_KNOTS('',3,(#14812,#14813,#14814,#14815),
 .UNSPECIFIED.,.F.,.F.,(4,4),(0.,0.000295520606095561),.UNSPECIFIED.);
#1871=B_SPLINE_CURVE_WITH_KNOTS('',3,(#14836,#14837,#14838,#14839),
 .UNSPECIFIED.,.F.,.F.,(4,4),(0.,0.000295520606095567),.UNSPECIFIED.);
#1872=B_SPLINE_CURVE_WITH_KNOTS('',3,(#14845,#14846,#14847,#14848),
 .UNSPECIFIED.,.F.,.F.,(4,4),(0.,0.000295520606095568),.UNSPECIFIED.);
#1873=ORIENTED_EDGE('',*,*,#4227,.F.);
#1874=ORIENTED_EDGE('',*,*,#4228,.T.);
#1875=ORIENTED_EDGE('',*,*,#4229,.T.);
#1876=ORIENTED_EDGE('',*,*,#4230,.T.);
#1877=ORIENTED_EDGE('',*,*,#4231,.F.);
#1878=ORIENTED_EDGE('',*,*,#4232,.T.);
#1879=ORIENTED_EDGE('',*,*,#4233,.T.);
#1880=ORIENTED_EDGE('',*,*,#4234,.T.);
#1881=ORIENTED_EDGE('',*,*,#4235,.T.);
#1882=ORIENTED_EDGE('',*,*,#4236,.T.);
#1883=ORIENTED_EDGE('',*,*,#4237,.F.);
#1884=ORIENTED_EDGE('',*,*,#4238,.F.);
#1885=ORIENTED_EDGE('',*,*,#4239,.F.);
#1886=ORIENTED_EDGE('',*,*,#4240,.F.);
#1887=ORIENTED_EDGE('',*,*,#4241,.F.);
#1888=ORIENTED_EDGE('',*,*,#4242,.T.);
#1889=ORIENTED_EDGE('',*,*,#4243,.F.);
#1890=ORIENTED_EDGE('',*,*,#4244,.F.);
#1891=ORIENTED_EDGE('',*,*,#4245,.F.);
#1892=ORIENTED_EDGE('',*,*,#4246,.F.);
#1893=ORIENTED_EDGE('',*,*,#4247,.F.);
#1894=ORIENTED_EDGE('',*,*,#4248,.F.);
#1895=ORIENTED_EDGE('',*,*,#4249,.F.);
#1896=ORIENTED_EDGE('',*,*,#4250,.F.);
#1897=ORIENTED_EDGE('',*,*,#4251,.F.);
#1898=ORIENTED_EDGE('',*,*,#4252,.F.);
#1899=ORIENTED_EDGE('',*,*,#4253,.F.);
#1900=ORIENTED_EDGE('',*,*,#4254,.F.);
#1901=ORIENTED_EDGE('',*,*,#4255,.F.);
#1902=ORIENTED_EDGE('',*,*,#4256,.F.);
#1903=ORIENTED_EDGE('',*,*,#4257,.F.);
#1904=ORIENTED_EDGE('',*,*,#4258,.F.);
#1905=ORIENTED_EDGE('',*,*,#4259,.F.);
#1906=ORIENTED_EDGE('',*,*,#4260,.F.);
#1907=ORIENTED_EDGE('',*,*,#4261,.F.);
#1908=ORIENTED_EDGE('',*,*,#4262,.F.);
#1909=ORIENTED_EDGE('',*,*,#4263,.F.);
#1910=ORIENTED_EDGE('',*,*,#4264,.T.);
#1911=ORIENTED_EDGE('',*,*,#4265,.T.);
#1912=ORIENTED_EDGE('',*,*,#4266,.F.);
#1913=ORIENTED_EDGE('',*,*,#4267,.F.);
#1914=ORIENTED_EDGE('',*,*,#4268,.F.);
#1915=ORIENTED_EDGE('',*,*,#4269,.F.);
#1916=ORIENTED_EDGE('',*,*,#4270,.F.);
#1917=ORIENTED_EDGE('',*,*,#4271,.F.);
#1918=ORIENTED_EDGE('',*,*,#4272,.F.);
#1919=ORIENTED_EDGE('',*,*,#4273,.F.);
#1920=ORIENTED_EDGE('',*,*,#4274,.F.);
#1921=ORIENTED_EDGE('',*,*,#4275,.F.);
#1922=ORIENTED_EDGE('',*,*,#4276,.F.);
#1923=ORIENTED_EDGE('',*,*,#4277,.F.);
#1924=ORIENTED_EDGE('',*,*,#4278,.T.);
#1925=ORIENTED_EDGE('',*,*,#4227,.T.);
#1926=ORIENTED_EDGE('',*,*,#4279,.T.);
#1927=ORIENTED_EDGE('',*,*,#4280,.F.);
#1928=ORIENTED_EDGE('',*,*,#4281,.T.);
#1929=ORIENTED_EDGE('',*,*,#4231,.T.);
#1930=ORIENTED_EDGE('',*,*,#4282,.T.);
#1931=ORIENTED_EDGE('',*,*,#4283,.F.);
#1932=ORIENTED_EDGE('',*,*,#4284,.T.);
#1933=ORIENTED_EDGE('',*,*,#4285,.T.);
#1934=ORIENTED_EDGE('',*,*,#4286,.T.);
#1935=ORIENTED_EDGE('',*,*,#4287,.T.);
#1936=ORIENTED_EDGE('',*,*,#4284,.F.);
#1937=ORIENTED_EDGE('',*,*,#4288,.T.);
#1938=ORIENTED_EDGE('',*,*,#4277,.T.);
#1939=ORIENTED_EDGE('',*,*,#4289,.T.);
#1940=ORIENTED_EDGE('',*,*,#4286,.F.);
#1941=ORIENTED_EDGE('',*,*,#4290,.T.);
#1942=ORIENTED_EDGE('',*,*,#4280,.T.);
#1943=ORIENTED_EDGE('',*,*,#4291,.T.);
#1944=ORIENTED_EDGE('',*,*,#4292,.T.);
#1945=ORIENTED_EDGE('',*,*,#4293,.F.);
#1946=ORIENTED_EDGE('',*,*,#4294,.T.);
#1947=ORIENTED_EDGE('',*,*,#4295,.F.);
#1948=ORIENTED_EDGE('',*,*,#4296,.F.);
#1949=ORIENTED_EDGE('',*,*,#4297,.T.);
#1950=ORIENTED_EDGE('',*,*,#4298,.T.);
#1951=ORIENTED_EDGE('',*,*,#4299,.T.);
#1952=ORIENTED_EDGE('',*,*,#4300,.T.);
#1953=ORIENTED_EDGE('',*,*,#4301,.T.);
#1954=ORIENTED_EDGE('',*,*,#4302,.T.);
#1955=ORIENTED_EDGE('',*,*,#4303,.T.);
#1956=ORIENTED_EDGE('',*,*,#4304,.T.);
#1957=ORIENTED_EDGE('',*,*,#4305,.T.);
#1958=ORIENTED_EDGE('',*,*,#4306,.F.);
#1959=ORIENTED_EDGE('',*,*,#4307,.T.);
#1960=ORIENTED_EDGE('',*,*,#4308,.T.);
#1961=ORIENTED_EDGE('',*,*,#4309,.T.);
#1962=ORIENTED_EDGE('',*,*,#4310,.T.);
#1963=ORIENTED_EDGE('',*,*,#4311,.T.);
#1964=ORIENTED_EDGE('',*,*,#4312,.T.);
#1965=ORIENTED_EDGE('',*,*,#4313,.T.);
#1966=ORIENTED_EDGE('',*,*,#4314,.T.);
#1967=ORIENTED_EDGE('',*,*,#4315,.T.);
#1968=ORIENTED_EDGE('',*,*,#4316,.T.);
#1969=ORIENTED_EDGE('',*,*,#4317,.T.);
#1970=ORIENTED_EDGE('',*,*,#4318,.T.);
#1971=ORIENTED_EDGE('',*,*,#4319,.T.);
#1972=ORIENTED_EDGE('',*,*,#4320,.T.);
#1973=ORIENTED_EDGE('',*,*,#4321,.T.);
#1974=ORIENTED_EDGE('',*,*,#4322,.T.);
#1975=ORIENTED_EDGE('',*,*,#4323,.T.);
#1976=ORIENTED_EDGE('',*,*,#4324,.T.);
#1977=ORIENTED_EDGE('',*,*,#4325,.T.);
#1978=ORIENTED_EDGE('',*,*,#4326,.T.);
#1979=ORIENTED_EDGE('',*,*,#4327,.T.);
#1980=ORIENTED_EDGE('',*,*,#4328,.T.);
#1981=ORIENTED_EDGE('',*,*,#4329,.T.);
#1982=ORIENTED_EDGE('',*,*,#4330,.T.);
#1983=ORIENTED_EDGE('',*,*,#4331,.T.);
#1984=ORIENTED_EDGE('',*,*,#4332,.T.);
#1985=ORIENTED_EDGE('',*,*,#4333,.T.);
#1986=ORIENTED_EDGE('',*,*,#4334,.T.);
#1987=ORIENTED_EDGE('',*,*,#4335,.T.);
#1988=ORIENTED_EDGE('',*,*,#4336,.T.);
#1989=ORIENTED_EDGE('',*,*,#4337,.T.);
#1990=ORIENTED_EDGE('',*,*,#4338,.T.);
#1991=ORIENTED_EDGE('',*,*,#4339,.T.);
#1992=ORIENTED_EDGE('',*,*,#4340,.T.);
#1993=ORIENTED_EDGE('',*,*,#4341,.T.);
#1994=ORIENTED_EDGE('',*,*,#4342,.T.);
#1995=ORIENTED_EDGE('',*,*,#4343,.T.);
#1996=ORIENTED_EDGE('',*,*,#4344,.F.);
#1997=ORIENTED_EDGE('',*,*,#4345,.T.);
#1998=ORIENTED_EDGE('',*,*,#4346,.T.);
#1999=ORIENTED_EDGE('',*,*,#4347,.T.);
#2000=ORIENTED_EDGE('',*,*,#4348,.F.);
#2001=ORIENTED_EDGE('',*,*,#4349,.T.);
#2002=ORIENTED_EDGE('',*,*,#4350,.T.);
#2003=ORIENTED_EDGE('',*,*,#4351,.T.);
#2004=ORIENTED_EDGE('',*,*,#4352,.T.);
#2005=ORIENTED_EDGE('',*,*,#4353,.T.);
#2006=ORIENTED_EDGE('',*,*,#4354,.T.);
#2007=ORIENTED_EDGE('',*,*,#4355,.T.);
#2008=ORIENTED_EDGE('',*,*,#4356,.T.);
#2009=ORIENTED_EDGE('',*,*,#4357,.F.);
#2010=ORIENTED_EDGE('',*,*,#4358,.T.);
#2011=ORIENTED_EDGE('',*,*,#4359,.T.);
#2012=ORIENTED_EDGE('',*,*,#4360,.T.);
#2013=ORIENTED_EDGE('',*,*,#4361,.T.);
#2014=ORIENTED_EDGE('',*,*,#4264,.F.);
#2015=ORIENTED_EDGE('',*,*,#4362,.T.);
#2016=ORIENTED_EDGE('',*,*,#4350,.F.);
#2017=ORIENTED_EDGE('',*,*,#4363,.T.);
#2018=ORIENTED_EDGE('',*,*,#4358,.F.);
#2019=ORIENTED_EDGE('',*,*,#4364,.T.);
#2020=ORIENTED_EDGE('',*,*,#4242,.F.);
#2021=ORIENTED_EDGE('',*,*,#4365,.F.);
#2022=ORIENTED_EDGE('',*,*,#4352,.F.);
#2023=ORIENTED_EDGE('',*,*,#4366,.T.);
#2024=ORIENTED_EDGE('',*,*,#4349,.F.);
#2025=ORIENTED_EDGE('',*,*,#4367,.T.);
#2026=ORIENTED_EDGE('',*,*,#4337,.F.);
#2027=ORIENTED_EDGE('',*,*,#4368,.T.);
#2028=ORIENTED_EDGE('',*,*,#4356,.F.);
#2029=ORIENTED_EDGE('',*,*,#4369,.F.);
#2030=ORIENTED_EDGE('',*,*,#4370,.F.);
#2031=ORIENTED_EDGE('',*,*,#4371,.F.);
#2032=ORIENTED_EDGE('',*,*,#4372,.T.);
#2033=ORIENTED_EDGE('',*,*,#4373,.F.);
#2034=ORIENTED_EDGE('',*,*,#4374,.T.);
#2035=ORIENTED_EDGE('',*,*,#4375,.T.);
#2036=ORIENTED_EDGE('',*,*,#4342,.F.);
#2037=ORIENTED_EDGE('',*,*,#4376,.F.);
#2038=ORIENTED_EDGE('',*,*,#4338,.F.);
#2039=ORIENTED_EDGE('',*,*,#4377,.T.);
#2040=ORIENTED_EDGE('',*,*,#4378,.T.);
#2041=ORIENTED_EDGE('',*,*,#4379,.F.);
#2042=ORIENTED_EDGE('',*,*,#4380,.T.);
#2043=ORIENTED_EDGE('',*,*,#4381,.F.);
#2044=ORIENTED_EDGE('',*,*,#4382,.F.);
#2045=ORIENTED_EDGE('',*,*,#4237,.T.);
#2046=ORIENTED_EDGE('',*,*,#4383,.T.);
#2047=ORIENTED_EDGE('',*,*,#4384,.F.);
#2048=ORIENTED_EDGE('',*,*,#4385,.F.);
#2049=ORIENTED_EDGE('',*,*,#4386,.T.);
#2050=ORIENTED_EDGE('',*,*,#4387,.F.);
#2051=ORIENTED_EDGE('',*,*,#4388,.F.);
#2052=ORIENTED_EDGE('',*,*,#4389,.F.);
#2053=ORIENTED_EDGE('',*,*,#4390,.T.);
#2054=ORIENTED_EDGE('',*,*,#4391,.F.);
#2055=ORIENTED_EDGE('',*,*,#4392,.F.);
#2056=ORIENTED_EDGE('',*,*,#4393,.T.);
#2057=ORIENTED_EDGE('',*,*,#4241,.T.);
#2058=ORIENTED_EDGE('',*,*,#4394,.F.);
#2059=ORIENTED_EDGE('',*,*,#4395,.F.);
#2060=ORIENTED_EDGE('',*,*,#4396,.F.);
#2061=ORIENTED_EDGE('',*,*,#4384,.T.);
#2062=ORIENTED_EDGE('',*,*,#4397,.T.);
#2063=ORIENTED_EDGE('',*,*,#4374,.F.);
#2064=ORIENTED_EDGE('',*,*,#4398,.T.);
#2065=ORIENTED_EDGE('',*,*,#4378,.F.);
#2066=ORIENTED_EDGE('',*,*,#4399,.T.);
#2067=ORIENTED_EDGE('',*,*,#4392,.T.);
#2068=ORIENTED_EDGE('',*,*,#4400,.F.);
#2069=ORIENTED_EDGE('',*,*,#4401,.T.);
#2070=ORIENTED_EDGE('',*,*,#4402,.F.);
#2071=ORIENTED_EDGE('',*,*,#4403,.F.);
#2072=ORIENTED_EDGE('',*,*,#4344,.T.);
#2073=ORIENTED_EDGE('',*,*,#4404,.T.);
#2074=ORIENTED_EDGE('',*,*,#4405,.F.);
#2075=ORIENTED_EDGE('',*,*,#4406,.F.);
#2076=ORIENTED_EDGE('',*,*,#4407,.F.);
#2077=ORIENTED_EDGE('',*,*,#4408,.T.);
#2078=ORIENTED_EDGE('',*,*,#4409,.F.);
#2079=ORIENTED_EDGE('',*,*,#4410,.F.);
#2080=ORIENTED_EDGE('',*,*,#4411,.T.);
#2081=ORIENTED_EDGE('',*,*,#4348,.T.);
#2082=ORIENTED_EDGE('',*,*,#4412,.T.);
#2083=ORIENTED_EDGE('',*,*,#4413,.T.);
#2084=ORIENTED_EDGE('',*,*,#4414,.T.);
#2085=ORIENTED_EDGE('',*,*,#4405,.T.);
#2086=ORIENTED_EDGE('',*,*,#4415,.T.);
#2087=ORIENTED_EDGE('',*,*,#4416,.F.);
#2088=ORIENTED_EDGE('',*,*,#4417,.F.);
#2089=ORIENTED_EDGE('',*,*,#4418,.F.);
#2090=ORIENTED_EDGE('',*,*,#4419,.T.);
#2091=ORIENTED_EDGE('',*,*,#4410,.T.);
#2092=ORIENTED_EDGE('',*,*,#4420,.F.);
#2093=ORIENTED_EDGE('',*,*,#4416,.T.);
#2094=ORIENTED_EDGE('',*,*,#4421,.T.);
#2095=ORIENTED_EDGE('',*,*,#4235,.F.);
#2096=ORIENTED_EDGE('',*,*,#4422,.F.);
#2097=ORIENTED_EDGE('',*,*,#4423,.F.);
#2098=ORIENTED_EDGE('',*,*,#4424,.T.);
#2099=ORIENTED_EDGE('',*,*,#4425,.F.);
#2100=ORIENTED_EDGE('',*,*,#4265,.F.);
#2101=ORIENTED_EDGE('',*,*,#4426,.T.);
#2102=ORIENTED_EDGE('',*,*,#4418,.T.);
#2103=ORIENTED_EDGE('',*,*,#4427,.F.);
#2104=ORIENTED_EDGE('',*,*,#4428,.T.);
#2105=ORIENTED_EDGE('',*,*,#4429,.F.);
#2106=ORIENTED_EDGE('',*,*,#4430,.T.);
#2107=ORIENTED_EDGE('',*,*,#4431,.T.);
#2108=ORIENTED_EDGE('',*,*,#4432,.T.);
#2109=ORIENTED_EDGE('',*,*,#4433,.T.);
#2110=ORIENTED_EDGE('',*,*,#4434,.T.);
#2111=ORIENTED_EDGE('',*,*,#4435,.T.);
#2112=ORIENTED_EDGE('',*,*,#4436,.T.);
#2113=ORIENTED_EDGE('',*,*,#4437,.T.);
#2114=ORIENTED_EDGE('',*,*,#4438,.T.);
#2115=ORIENTED_EDGE('',*,*,#4439,.T.);
#2116=ORIENTED_EDGE('',*,*,#4440,.F.);
#2117=ORIENTED_EDGE('',*,*,#4419,.F.);
#2118=ORIENTED_EDGE('',*,*,#4441,.F.);
#2119=ORIENTED_EDGE('',*,*,#4354,.F.);
#2120=ORIENTED_EDGE('',*,*,#4441,.T.);
#2121=ORIENTED_EDGE('',*,*,#4426,.F.);
#2122=ORIENTED_EDGE('',*,*,#4363,.F.);
#2123=ORIENTED_EDGE('',*,*,#4355,.F.);
#2124=ORIENTED_EDGE('',*,*,#4440,.T.);
#2125=ORIENTED_EDGE('',*,*,#4353,.F.);
#2126=ORIENTED_EDGE('',*,*,#4367,.F.);
#2127=ORIENTED_EDGE('',*,*,#4411,.F.);
#2128=ORIENTED_EDGE('',*,*,#4365,.T.);
#2129=ORIENTED_EDGE('',*,*,#4393,.F.);
#2130=ORIENTED_EDGE('',*,*,#4442,.F.);
#2131=ORIENTED_EDGE('',*,*,#4359,.F.);
#2132=ORIENTED_EDGE('',*,*,#4369,.T.);
#2133=ORIENTED_EDGE('',*,*,#4361,.F.);
#2134=ORIENTED_EDGE('',*,*,#4443,.F.);
#2135=ORIENTED_EDGE('',*,*,#4377,.F.);
#2136=ORIENTED_EDGE('',*,*,#4442,.T.);
#2137=ORIENTED_EDGE('',*,*,#4399,.F.);
#2138=ORIENTED_EDGE('',*,*,#4443,.T.);
#2139=ORIENTED_EDGE('',*,*,#4360,.F.);
#2140=ORIENTED_EDGE('',*,*,#4444,.F.);
#2141=ORIENTED_EDGE('',*,*,#4437,.F.);
#2142=ORIENTED_EDGE('',*,*,#4445,.F.);
#2143=ORIENTED_EDGE('',*,*,#4236,.F.);
#2144=ORIENTED_EDGE('',*,*,#4445,.T.);
#2145=ORIENTED_EDGE('',*,*,#4436,.F.);
#2146=ORIENTED_EDGE('',*,*,#4446,.F.);
#2147=ORIENTED_EDGE('',*,*,#4383,.F.);
#2148=ORIENTED_EDGE('',*,*,#4444,.T.);
#2149=ORIENTED_EDGE('',*,*,#4421,.F.);
#2150=ORIENTED_EDGE('',*,*,#4447,.F.);
#2151=ORIENTED_EDGE('',*,*,#4438,.F.);
#2152=ORIENTED_EDGE('',*,*,#4446,.T.);
#2153=ORIENTED_EDGE('',*,*,#4435,.F.);
#2154=ORIENTED_EDGE('',*,*,#4448,.F.);
#2155=ORIENTED_EDGE('',*,*,#4397,.F.);
#2156=ORIENTED_EDGE('',*,*,#4447,.T.);
#2157=ORIENTED_EDGE('',*,*,#4415,.F.);
#2158=ORIENTED_EDGE('',*,*,#4449,.F.);
#2159=ORIENTED_EDGE('',*,*,#4439,.F.);
#2160=ORIENTED_EDGE('',*,*,#4448,.T.);
#2161=ORIENTED_EDGE('',*,*,#4434,.F.);
#2162=ORIENTED_EDGE('',*,*,#4450,.F.);
#2163=ORIENTED_EDGE('',*,*,#4375,.F.);
#2164=ORIENTED_EDGE('',*,*,#4449,.T.);
#2165=ORIENTED_EDGE('',*,*,#4404,.F.);
#2166=ORIENTED_EDGE('',*,*,#4451,.F.);
#2167=ORIENTED_EDGE('',*,*,#4432,.F.);
#2168=ORIENTED_EDGE('',*,*,#4450,.T.);
#2169=ORIENTED_EDGE('',*,*,#4433,.F.);
#2170=ORIENTED_EDGE('',*,*,#4451,.T.);
#2171=ORIENTED_EDGE('',*,*,#4343,.F.);
#2172=ORIENTED_EDGE('',*,*,#4400,.T.);
#2173=ORIENTED_EDGE('',*,*,#4414,.F.);
#2174=ORIENTED_EDGE('',*,*,#4420,.T.);
#2175=ORIENTED_EDGE('',*,*,#4452,.T.);
#2176=ORIENTED_EDGE('',*,*,#4452,.F.);
#2177=ORIENTED_EDGE('',*,*,#4424,.F.);
#2178=ORIENTED_EDGE('',*,*,#4453,.T.);
#2179=ORIENTED_EDGE('',*,*,#4401,.F.);
#2180=ORIENTED_EDGE('',*,*,#4402,.T.);
#2181=ORIENTED_EDGE('',*,*,#4453,.F.);
#2182=ORIENTED_EDGE('',*,*,#4423,.T.);
#2183=ORIENTED_EDGE('',*,*,#4454,.T.);
#2184=ORIENTED_EDGE('',*,*,#4407,.T.);
#2185=ORIENTED_EDGE('',*,*,#4455,.F.);
#2186=ORIENTED_EDGE('',*,*,#4429,.T.);
#2187=ORIENTED_EDGE('',*,*,#4456,.T.);
#2188=ORIENTED_EDGE('',*,*,#4456,.F.);
#2189=ORIENTED_EDGE('',*,*,#4428,.F.);
#2190=ORIENTED_EDGE('',*,*,#4457,.T.);
#2191=ORIENTED_EDGE('',*,*,#4408,.F.);
#2192=ORIENTED_EDGE('',*,*,#4409,.T.);
#2193=ORIENTED_EDGE('',*,*,#4457,.F.);
#2194=ORIENTED_EDGE('',*,*,#4427,.T.);
#2195=ORIENTED_EDGE('',*,*,#4417,.T.);
#2196=ORIENTED_EDGE('',*,*,#4403,.T.);
#2197=ORIENTED_EDGE('',*,*,#4454,.F.);
#2198=ORIENTED_EDGE('',*,*,#4422,.T.);
#2199=ORIENTED_EDGE('',*,*,#4268,.T.);
#2200=ORIENTED_EDGE('',*,*,#4458,.T.);
#2201=ORIENTED_EDGE('',*,*,#4345,.F.);
#2202=ORIENTED_EDGE('',*,*,#4406,.T.);
#2203=ORIENTED_EDGE('',*,*,#4347,.F.);
#2204=ORIENTED_EDGE('',*,*,#4459,.F.);
#2205=ORIENTED_EDGE('',*,*,#4266,.T.);
#2206=ORIENTED_EDGE('',*,*,#4425,.T.);
#2207=ORIENTED_EDGE('',*,*,#4455,.T.);
#2208=ORIENTED_EDGE('',*,*,#4346,.F.);
#2209=ORIENTED_EDGE('',*,*,#4458,.F.);
#2210=ORIENTED_EDGE('',*,*,#4267,.T.);
#2211=ORIENTED_EDGE('',*,*,#4459,.T.);
#2212=ORIENTED_EDGE('',*,*,#4376,.T.);
#2213=ORIENTED_EDGE('',*,*,#4460,.F.);
#2214=ORIENTED_EDGE('',*,*,#4388,.T.);
#2215=ORIENTED_EDGE('',*,*,#4240,.T.);
#2216=ORIENTED_EDGE('',*,*,#4461,.T.);
#2217=ORIENTED_EDGE('',*,*,#4339,.F.);
#2218=ORIENTED_EDGE('',*,*,#4370,.T.);
#2219=ORIENTED_EDGE('',*,*,#4341,.F.);
#2220=ORIENTED_EDGE('',*,*,#4462,.F.);
#2221=ORIENTED_EDGE('',*,*,#4238,.T.);
#2222=ORIENTED_EDGE('',*,*,#4382,.T.);
#2223=ORIENTED_EDGE('',*,*,#4463,.T.);
#2224=ORIENTED_EDGE('',*,*,#4371,.T.);
#2225=ORIENTED_EDGE('',*,*,#4463,.F.);
#2226=ORIENTED_EDGE('',*,*,#4387,.T.);
#2227=ORIENTED_EDGE('',*,*,#4464,.T.);
#2228=ORIENTED_EDGE('',*,*,#4464,.F.);
#2229=ORIENTED_EDGE('',*,*,#4386,.F.);
#2230=ORIENTED_EDGE('',*,*,#4465,.T.);
#2231=ORIENTED_EDGE('',*,*,#4372,.F.);
#2232=ORIENTED_EDGE('',*,*,#4466,.F.);
#2233=ORIENTED_EDGE('',*,*,#4390,.F.);
#2234=ORIENTED_EDGE('',*,*,#4467,.T.);
#2235=ORIENTED_EDGE('',*,*,#4380,.F.);
#2236=ORIENTED_EDGE('',*,*,#4381,.T.);
#2237=ORIENTED_EDGE('',*,*,#4467,.F.);
#2238=ORIENTED_EDGE('',*,*,#4389,.T.);
#2239=ORIENTED_EDGE('',*,*,#4460,.T.);
#2240=ORIENTED_EDGE('',*,*,#4373,.T.);
#2241=ORIENTED_EDGE('',*,*,#4465,.F.);
#2242=ORIENTED_EDGE('',*,*,#4385,.T.);
#2243=ORIENTED_EDGE('',*,*,#4396,.T.);
#2244=ORIENTED_EDGE('',*,*,#4379,.T.);
#2245=ORIENTED_EDGE('',*,*,#4398,.F.);
#2246=ORIENTED_EDGE('',*,*,#4391,.T.);
#2247=ORIENTED_EDGE('',*,*,#4466,.T.);
#2248=ORIENTED_EDGE('',*,*,#4340,.F.);
#2249=ORIENTED_EDGE('',*,*,#4461,.F.);
#2250=ORIENTED_EDGE('',*,*,#4239,.T.);
#2251=ORIENTED_EDGE('',*,*,#4462,.T.);
#2252=ORIENTED_EDGE('',*,*,#4263,.T.);
#2253=ORIENTED_EDGE('',*,*,#4468,.T.);
#2254=ORIENTED_EDGE('',*,*,#4316,.F.);
#2255=ORIENTED_EDGE('',*,*,#4366,.F.);
#2256=ORIENTED_EDGE('',*,*,#4351,.F.);
#2257=ORIENTED_EDGE('',*,*,#4362,.F.);
#2258=ORIENTED_EDGE('',*,*,#4317,.F.);
#2259=ORIENTED_EDGE('',*,*,#4468,.F.);
#2260=ORIENTED_EDGE('',*,*,#4262,.T.);
#2261=ORIENTED_EDGE('',*,*,#4469,.T.);
#2262=ORIENTED_EDGE('',*,*,#4318,.F.);
#2263=ORIENTED_EDGE('',*,*,#4469,.F.);
#2264=ORIENTED_EDGE('',*,*,#4261,.T.);
#2265=ORIENTED_EDGE('',*,*,#4470,.T.);
#2266=ORIENTED_EDGE('',*,*,#4319,.F.);
#2267=ORIENTED_EDGE('',*,*,#4470,.F.);
#2268=ORIENTED_EDGE('',*,*,#4260,.T.);
#2269=ORIENTED_EDGE('',*,*,#4471,.T.);
#2270=ORIENTED_EDGE('',*,*,#4320,.F.);
#2271=ORIENTED_EDGE('',*,*,#4471,.F.);
#2272=ORIENTED_EDGE('',*,*,#4259,.T.);
#2273=ORIENTED_EDGE('',*,*,#4472,.T.);
#2274=ORIENTED_EDGE('',*,*,#4321,.F.);
#2275=ORIENTED_EDGE('',*,*,#4472,.F.);
#2276=ORIENTED_EDGE('',*,*,#4258,.T.);
#2277=ORIENTED_EDGE('',*,*,#4473,.T.);
#2278=ORIENTED_EDGE('',*,*,#4322,.F.);
#2279=ORIENTED_EDGE('',*,*,#4473,.F.);
#2280=ORIENTED_EDGE('',*,*,#4257,.T.);
#2281=ORIENTED_EDGE('',*,*,#4474,.T.);
#2282=ORIENTED_EDGE('',*,*,#4323,.F.);
#2283=ORIENTED_EDGE('',*,*,#4474,.F.);
#2284=ORIENTED_EDGE('',*,*,#4256,.T.);
#2285=ORIENTED_EDGE('',*,*,#4475,.T.);
#2286=ORIENTED_EDGE('',*,*,#4324,.F.);
#2287=ORIENTED_EDGE('',*,*,#4475,.F.);
#2288=ORIENTED_EDGE('',*,*,#4255,.T.);
#2289=ORIENTED_EDGE('',*,*,#4476,.T.);
#2290=ORIENTED_EDGE('',*,*,#4325,.F.);
#2291=ORIENTED_EDGE('',*,*,#4476,.F.);
#2292=ORIENTED_EDGE('',*,*,#4254,.T.);
#2293=ORIENTED_EDGE('',*,*,#4477,.T.);
#2294=ORIENTED_EDGE('',*,*,#4326,.F.);
#2295=ORIENTED_EDGE('',*,*,#4477,.F.);
#2296=ORIENTED_EDGE('',*,*,#4253,.T.);
#2297=ORIENTED_EDGE('',*,*,#4478,.T.);
#2298=ORIENTED_EDGE('',*,*,#4327,.F.);
#2299=ORIENTED_EDGE('',*,*,#4478,.F.);
#2300=ORIENTED_EDGE('',*,*,#4252,.T.);
#2301=ORIENTED_EDGE('',*,*,#4479,.T.);
#2302=ORIENTED_EDGE('',*,*,#4328,.F.);
#2303=ORIENTED_EDGE('',*,*,#4479,.F.);
#2304=ORIENTED_EDGE('',*,*,#4251,.T.);
#2305=ORIENTED_EDGE('',*,*,#4480,.T.);
#2306=ORIENTED_EDGE('',*,*,#4329,.F.);
#2307=ORIENTED_EDGE('',*,*,#4480,.F.);
#2308=ORIENTED_EDGE('',*,*,#4250,.T.);
#2309=ORIENTED_EDGE('',*,*,#4481,.T.);
#2310=ORIENTED_EDGE('',*,*,#4330,.F.);
#2311=ORIENTED_EDGE('',*,*,#4481,.F.);
#2312=ORIENTED_EDGE('',*,*,#4249,.T.);
#2313=ORIENTED_EDGE('',*,*,#4482,.T.);
#2314=ORIENTED_EDGE('',*,*,#4331,.F.);
#2315=ORIENTED_EDGE('',*,*,#4482,.F.);
#2316=ORIENTED_EDGE('',*,*,#4248,.T.);
#2317=ORIENTED_EDGE('',*,*,#4483,.T.);
#2318=ORIENTED_EDGE('',*,*,#4332,.F.);
#2319=ORIENTED_EDGE('',*,*,#4483,.F.);
#2320=ORIENTED_EDGE('',*,*,#4247,.T.);
#2321=ORIENTED_EDGE('',*,*,#4484,.T.);
#2322=ORIENTED_EDGE('',*,*,#4333,.F.);
#2323=ORIENTED_EDGE('',*,*,#4484,.F.);
#2324=ORIENTED_EDGE('',*,*,#4246,.T.);
#2325=ORIENTED_EDGE('',*,*,#4485,.T.);
#2326=ORIENTED_EDGE('',*,*,#4334,.F.);
#2327=ORIENTED_EDGE('',*,*,#4485,.F.);
#2328=ORIENTED_EDGE('',*,*,#4245,.T.);
#2329=ORIENTED_EDGE('',*,*,#4486,.T.);
#2330=ORIENTED_EDGE('',*,*,#4335,.F.);
#2331=ORIENTED_EDGE('',*,*,#4486,.F.);
#2332=ORIENTED_EDGE('',*,*,#4244,.T.);
#2333=ORIENTED_EDGE('',*,*,#4487,.T.);
#2334=ORIENTED_EDGE('',*,*,#4357,.T.);
#2335=ORIENTED_EDGE('',*,*,#4368,.F.);
#2336=ORIENTED_EDGE('',*,*,#4336,.F.);
#2337=ORIENTED_EDGE('',*,*,#4487,.F.);
#2338=ORIENTED_EDGE('',*,*,#4243,.T.);
#2339=ORIENTED_EDGE('',*,*,#4364,.F.);
#2340=ORIENTED_EDGE('',*,*,#4488,.T.);
#2341=ORIENTED_EDGE('',*,*,#4301,.F.);
#2342=ORIENTED_EDGE('',*,*,#4489,.T.);
#2343=ORIENTED_EDGE('',*,*,#4488,.F.);
#2344=ORIENTED_EDGE('',*,*,#4395,.T.);
#2345=ORIENTED_EDGE('',*,*,#4489,.F.);
#2346=ORIENTED_EDGE('',*,*,#4490,.T.);
#2347=ORIENTED_EDGE('',*,*,#4413,.F.);
#2348=ORIENTED_EDGE('',*,*,#4491,.T.);
#2349=ORIENTED_EDGE('',*,*,#4490,.F.);
#2350=ORIENTED_EDGE('',*,*,#4296,.T.);
#2351=ORIENTED_EDGE('',*,*,#4491,.F.);
#2352=ORIENTED_EDGE('',*,*,#4492,.T.);
#2353=ORIENTED_EDGE('',*,*,#4412,.F.);
#2354=ORIENTED_EDGE('',*,*,#4493,.T.);
#2355=ORIENTED_EDGE('',*,*,#4492,.F.);
#2356=ORIENTED_EDGE('',*,*,#4306,.T.);
#2357=ORIENTED_EDGE('',*,*,#4493,.F.);
#2358=ORIENTED_EDGE('',*,*,#4494,.T.);
#2359=ORIENTED_EDGE('',*,*,#4311,.F.);
#2360=ORIENTED_EDGE('',*,*,#4495,.T.);
#2361=ORIENTED_EDGE('',*,*,#4494,.F.);
#2362=ORIENTED_EDGE('',*,*,#4394,.T.);
#2363=ORIENTED_EDGE('',*,*,#4495,.F.);
#2364=ORIENTED_EDGE('',*,*,#4496,.F.);
#2365=ORIENTED_EDGE('',*,*,#4310,.F.);
#2366=ORIENTED_EDGE('',*,*,#4497,.F.);
#2367=ORIENTED_EDGE('',*,*,#4313,.F.);
#2368=ORIENTED_EDGE('',*,*,#4314,.F.);
#2369=ORIENTED_EDGE('',*,*,#4497,.T.);
#2370=ORIENTED_EDGE('',*,*,#4309,.F.);
#2371=ORIENTED_EDGE('',*,*,#4307,.F.);
#2372=ORIENTED_EDGE('',*,*,#4496,.T.);
#2373=ORIENTED_EDGE('',*,*,#4312,.F.);
#2374=ORIENTED_EDGE('',*,*,#4498,.F.);
#2375=ORIENTED_EDGE('',*,*,#4308,.F.);
#2376=ORIENTED_EDGE('',*,*,#4315,.F.);
#2377=ORIENTED_EDGE('',*,*,#4498,.T.);
#2378=ORIENTED_EDGE('',*,*,#4292,.F.);
#2379=ORIENTED_EDGE('',*,*,#4499,.F.);
#2380=ORIENTED_EDGE('',*,*,#4300,.F.);
#2381=ORIENTED_EDGE('',*,*,#4500,.F.);
#2382=ORIENTED_EDGE('',*,*,#4303,.F.);
#2383=ORIENTED_EDGE('',*,*,#4304,.F.);
#2384=ORIENTED_EDGE('',*,*,#4500,.T.);
#2385=ORIENTED_EDGE('',*,*,#4299,.F.);
#2386=ORIENTED_EDGE('',*,*,#4297,.F.);
#2387=ORIENTED_EDGE('',*,*,#4499,.T.);
#2388=ORIENTED_EDGE('',*,*,#4302,.F.);
#2389=ORIENTED_EDGE('',*,*,#4501,.F.);
#2390=ORIENTED_EDGE('',*,*,#4298,.F.);
#2391=ORIENTED_EDGE('',*,*,#4305,.F.);
#2392=ORIENTED_EDGE('',*,*,#4501,.T.);
#2393=ORIENTED_EDGE('',*,*,#4294,.F.);
#2394=ORIENTED_EDGE('',*,*,#4295,.T.);
#2395=ORIENTED_EDGE('',*,*,#4502,.F.);
#2396=ORIENTED_EDGE('',*,*,#4502,.T.);
#2397=ORIENTED_EDGE('',*,*,#4503,.F.);
#2398=ORIENTED_EDGE('',*,*,#4503,.T.);
#2399=ORIENTED_EDGE('',*,*,#4504,.F.);
#2400=ORIENTED_EDGE('',*,*,#4504,.T.);
#2401=ORIENTED_EDGE('',*,*,#4505,.F.);
#2402=ORIENTED_EDGE('',*,*,#4505,.T.);
#2403=ORIENTED_EDGE('',*,*,#4506,.F.);
#2404=ORIENTED_EDGE('',*,*,#4506,.T.);
#2405=ORIENTED_EDGE('',*,*,#4430,.F.);
#2406=ORIENTED_EDGE('',*,*,#4293,.T.);
#2407=ORIENTED_EDGE('',*,*,#4507,.F.);
#2408=ORIENTED_EDGE('',*,*,#4507,.T.);
#2409=ORIENTED_EDGE('',*,*,#4508,.F.);
#2410=ORIENTED_EDGE('',*,*,#4508,.T.);
#2411=ORIENTED_EDGE('',*,*,#4509,.F.);
#2412=ORIENTED_EDGE('',*,*,#4509,.T.);
#2413=ORIENTED_EDGE('',*,*,#4510,.F.);
#2414=ORIENTED_EDGE('',*,*,#4510,.T.);
#2415=ORIENTED_EDGE('',*,*,#4511,.F.);
#2416=ORIENTED_EDGE('',*,*,#4511,.T.);
#2417=ORIENTED_EDGE('',*,*,#4431,.F.);
#2418=ORIENTED_EDGE('',*,*,#4512,.T.);
#2419=ORIENTED_EDGE('',*,*,#4513,.F.);
#2420=ORIENTED_EDGE('',*,*,#4514,.T.);
#2421=ORIENTED_EDGE('',*,*,#4512,.F.);
#2422=ORIENTED_EDGE('',*,*,#4283,.T.);
#2423=ORIENTED_EDGE('',*,*,#4514,.F.);
#2424=ORIENTED_EDGE('',*,*,#4513,.T.);
#2425=ORIENTED_EDGE('',*,*,#4233,.F.);
#2426=ORIENTED_EDGE('',*,*,#4515,.T.);
#2427=ORIENTED_EDGE('',*,*,#4516,.T.);
#2428=ORIENTED_EDGE('',*,*,#4517,.T.);
#2429=ORIENTED_EDGE('',*,*,#4229,.F.);
#2430=ORIENTED_EDGE('',*,*,#4518,.T.);
#2431=ORIENTED_EDGE('',*,*,#4519,.T.);
#2432=ORIENTED_EDGE('',*,*,#4520,.T.);
#2433=ORIENTED_EDGE('',*,*,#4269,.T.);
#2434=ORIENTED_EDGE('',*,*,#4521,.T.);
#2435=ORIENTED_EDGE('',*,*,#4522,.F.);
#2436=ORIENTED_EDGE('',*,*,#4523,.F.);
#2437=ORIENTED_EDGE('',*,*,#4276,.T.);
#2438=ORIENTED_EDGE('',*,*,#4524,.T.);
#2439=ORIENTED_EDGE('',*,*,#4525,.F.);
#2440=ORIENTED_EDGE('',*,*,#4521,.F.);
#2441=ORIENTED_EDGE('',*,*,#4275,.T.);
#2442=ORIENTED_EDGE('',*,*,#4526,.T.);
#2443=ORIENTED_EDGE('',*,*,#4527,.F.);
#2444=ORIENTED_EDGE('',*,*,#4524,.F.);
#2445=ORIENTED_EDGE('',*,*,#4274,.T.);
#2446=ORIENTED_EDGE('',*,*,#4528,.T.);
#2447=ORIENTED_EDGE('',*,*,#4529,.F.);
#2448=ORIENTED_EDGE('',*,*,#4526,.F.);
#2449=ORIENTED_EDGE('',*,*,#4273,.T.);
#2450=ORIENTED_EDGE('',*,*,#4530,.T.);
#2451=ORIENTED_EDGE('',*,*,#4531,.F.);
#2452=ORIENTED_EDGE('',*,*,#4528,.F.);
#2453=ORIENTED_EDGE('',*,*,#4272,.T.);
#2454=ORIENTED_EDGE('',*,*,#4532,.T.);
#2455=ORIENTED_EDGE('',*,*,#4533,.F.);
#2456=ORIENTED_EDGE('',*,*,#4530,.F.);
#2457=ORIENTED_EDGE('',*,*,#4271,.T.);
#2458=ORIENTED_EDGE('',*,*,#4534,.T.);
#2459=ORIENTED_EDGE('',*,*,#4535,.F.);
#2460=ORIENTED_EDGE('',*,*,#4532,.F.);
#2461=ORIENTED_EDGE('',*,*,#4270,.T.);
#2462=ORIENTED_EDGE('',*,*,#4523,.T.);
#2463=ORIENTED_EDGE('',*,*,#4536,.F.);
#2464=ORIENTED_EDGE('',*,*,#4534,.F.);
#2465=ORIENTED_EDGE('',*,*,#4522,.T.);
#2466=ORIENTED_EDGE('',*,*,#4525,.T.);
#2467=ORIENTED_EDGE('',*,*,#4527,.T.);
#2468=ORIENTED_EDGE('',*,*,#4529,.T.);
#2469=ORIENTED_EDGE('',*,*,#4531,.T.);
#2470=ORIENTED_EDGE('',*,*,#4533,.T.);
#2471=ORIENTED_EDGE('',*,*,#4535,.T.);
#2472=ORIENTED_EDGE('',*,*,#4536,.T.);
#2473=ORIENTED_EDGE('',*,*,#4537,.F.);
#2474=ORIENTED_EDGE('',*,*,#4279,.F.);
#2475=ORIENTED_EDGE('',*,*,#4234,.F.);
#2476=ORIENTED_EDGE('',*,*,#4517,.F.);
#2477=ORIENTED_EDGE('',*,*,#4289,.F.);
#2478=ORIENTED_EDGE('',*,*,#4537,.T.);
#2479=ORIENTED_EDGE('',*,*,#4538,.F.);
#2480=ORIENTED_EDGE('',*,*,#4539,.F.);
#2481=ORIENTED_EDGE('',*,*,#4285,.F.);
#2482=ORIENTED_EDGE('',*,*,#4538,.T.);
#2483=ORIENTED_EDGE('',*,*,#4516,.F.);
#2484=ORIENTED_EDGE('',*,*,#4290,.F.);
#2485=ORIENTED_EDGE('',*,*,#4539,.T.);
#2486=ORIENTED_EDGE('',*,*,#4540,.F.);
#2487=ORIENTED_EDGE('',*,*,#4540,.T.);
#2488=ORIENTED_EDGE('',*,*,#4515,.F.);
#2489=ORIENTED_EDGE('',*,*,#4232,.F.);
#2490=ORIENTED_EDGE('',*,*,#4281,.F.);
#2491=ORIENTED_EDGE('',*,*,#4541,.F.);
#2492=ORIENTED_EDGE('',*,*,#4282,.F.);
#2493=ORIENTED_EDGE('',*,*,#4230,.F.);
#2494=ORIENTED_EDGE('',*,*,#4520,.F.);
#2495=ORIENTED_EDGE('',*,*,#4291,.F.);
#2496=ORIENTED_EDGE('',*,*,#4541,.T.);
#2497=ORIENTED_EDGE('',*,*,#4542,.F.);
#2498=ORIENTED_EDGE('',*,*,#4543,.F.);
#2499=ORIENTED_EDGE('',*,*,#4287,.F.);
#2500=ORIENTED_EDGE('',*,*,#4542,.T.);
#2501=ORIENTED_EDGE('',*,*,#4519,.F.);
#2502=ORIENTED_EDGE('',*,*,#4288,.F.);
#2503=ORIENTED_EDGE('',*,*,#4543,.T.);
#2504=ORIENTED_EDGE('',*,*,#4544,.F.);
#2505=ORIENTED_EDGE('',*,*,#4544,.T.);
#2506=ORIENTED_EDGE('',*,*,#4518,.F.);
#2507=ORIENTED_EDGE('',*,*,#4228,.F.);
#2508=ORIENTED_EDGE('',*,*,#4278,.F.);
#2509=ORIENTED_EDGE('',*,*,#4545,.T.);
#2510=ORIENTED_EDGE('',*,*,#4546,.T.);
#2511=ORIENTED_EDGE('',*,*,#4547,.F.);
#2512=ORIENTED_EDGE('',*,*,#4546,.F.);
#2513=ORIENTED_EDGE('',*,*,#4545,.F.);
#2514=ORIENTED_EDGE('',*,*,#4547,.T.);
#2515=ORIENTED_EDGE('',*,*,#4548,.T.);
#2516=ORIENTED_EDGE('',*,*,#4549,.T.);
#2517=ORIENTED_EDGE('',*,*,#4550,.F.);
#2518=ORIENTED_EDGE('',*,*,#4549,.F.);
#2519=ORIENTED_EDGE('',*,*,#4548,.F.);
#2520=ORIENTED_EDGE('',*,*,#4550,.T.);
#2521=ORIENTED_EDGE('',*,*,#4551,.F.);
#2522=ORIENTED_EDGE('',*,*,#4552,.F.);
#2523=ORIENTED_EDGE('',*,*,#4553,.F.);
#2524=ORIENTED_EDGE('',*,*,#4554,.F.);
#2525=ORIENTED_EDGE('',*,*,#4555,.F.);
#2526=ORIENTED_EDGE('',*,*,#4556,.T.);
#2527=ORIENTED_EDGE('',*,*,#4557,.F.);
#2528=ORIENTED_EDGE('',*,*,#4558,.F.);
#2529=ORIENTED_EDGE('',*,*,#4559,.F.);
#2530=ORIENTED_EDGE('',*,*,#4560,.F.);
#2531=ORIENTED_EDGE('',*,*,#4561,.F.);
#2532=ORIENTED_EDGE('',*,*,#4562,.T.);
#2533=ORIENTED_EDGE('',*,*,#4563,.F.);
#2534=ORIENTED_EDGE('',*,*,#4564,.F.);
#2535=ORIENTED_EDGE('',*,*,#4565,.F.);
#2536=ORIENTED_EDGE('',*,*,#4566,.F.);
#2537=ORIENTED_EDGE('',*,*,#4567,.F.);
#2538=ORIENTED_EDGE('',*,*,#4568,.T.);
#2539=ORIENTED_EDGE('',*,*,#4569,.F.);
#2540=ORIENTED_EDGE('',*,*,#4564,.T.);
#2541=ORIENTED_EDGE('',*,*,#4570,.F.);
#2542=ORIENTED_EDGE('',*,*,#4571,.F.);
#2543=ORIENTED_EDGE('',*,*,#4572,.F.);
#2544=ORIENTED_EDGE('',*,*,#4573,.F.);
#2545=ORIENTED_EDGE('',*,*,#4574,.F.);
#2546=ORIENTED_EDGE('',*,*,#4566,.T.);
#2547=ORIENTED_EDGE('',*,*,#4575,.T.);
#2548=ORIENTED_EDGE('',*,*,#4576,.T.);
#2549=ORIENTED_EDGE('',*,*,#4577,.F.);
#2550=ORIENTED_EDGE('',*,*,#4578,.T.);
#2551=ORIENTED_EDGE('',*,*,#4579,.F.);
#2552=ORIENTED_EDGE('',*,*,#4580,.T.);
#2553=ORIENTED_EDGE('',*,*,#4581,.F.);
#2554=ORIENTED_EDGE('',*,*,#4582,.T.);
#2555=ORIENTED_EDGE('',*,*,#4583,.F.);
#2556=ORIENTED_EDGE('',*,*,#4584,.T.);
#2557=ORIENTED_EDGE('',*,*,#4585,.F.);
#2558=ORIENTED_EDGE('',*,*,#4586,.T.);
#2559=ORIENTED_EDGE('',*,*,#4587,.F.);
#2560=ORIENTED_EDGE('',*,*,#4588,.F.);
#2561=ORIENTED_EDGE('',*,*,#4589,.F.);
#2562=ORIENTED_EDGE('',*,*,#4590,.F.);
#2563=ORIENTED_EDGE('',*,*,#4577,.T.);
#2564=ORIENTED_EDGE('',*,*,#4591,.F.);
#2565=ORIENTED_EDGE('',*,*,#4587,.T.);
#2566=ORIENTED_EDGE('',*,*,#4592,.F.);
#2567=ORIENTED_EDGE('',*,*,#4593,.F.);
#2568=ORIENTED_EDGE('',*,*,#4594,.F.);
#2569=ORIENTED_EDGE('',*,*,#4585,.T.);
#2570=ORIENTED_EDGE('',*,*,#4595,.F.);
#2571=ORIENTED_EDGE('',*,*,#4596,.F.);
#2572=ORIENTED_EDGE('',*,*,#4597,.F.);
#2573=ORIENTED_EDGE('',*,*,#4583,.T.);
#2574=ORIENTED_EDGE('',*,*,#4598,.F.);
#2575=ORIENTED_EDGE('',*,*,#4599,.F.);
#2576=ORIENTED_EDGE('',*,*,#4600,.F.);
#2577=ORIENTED_EDGE('',*,*,#4581,.T.);
#2578=ORIENTED_EDGE('',*,*,#4601,.F.);
#2579=ORIENTED_EDGE('',*,*,#4602,.F.);
#2580=ORIENTED_EDGE('',*,*,#4603,.F.);
#2581=ORIENTED_EDGE('',*,*,#4579,.T.);
#2582=ORIENTED_EDGE('',*,*,#4604,.F.);
#2583=ORIENTED_EDGE('',*,*,#4605,.F.);
#2584=ORIENTED_EDGE('',*,*,#4606,.F.);
#2585=ORIENTED_EDGE('',*,*,#4593,.T.);
#2586=ORIENTED_EDGE('',*,*,#4607,.F.);
#2587=ORIENTED_EDGE('',*,*,#4608,.F.);
#2588=ORIENTED_EDGE('',*,*,#4609,.F.);
#2589=ORIENTED_EDGE('',*,*,#4610,.F.);
#2590=ORIENTED_EDGE('',*,*,#4611,.F.);
#2591=ORIENTED_EDGE('',*,*,#4589,.T.);
#2592=ORIENTED_EDGE('',*,*,#4612,.F.);
#2593=ORIENTED_EDGE('',*,*,#4596,.T.);
#2594=ORIENTED_EDGE('',*,*,#4613,.F.);
#2595=ORIENTED_EDGE('',*,*,#4614,.F.);
#2596=ORIENTED_EDGE('',*,*,#4615,.F.);
#2597=ORIENTED_EDGE('',*,*,#4599,.T.);
#2598=ORIENTED_EDGE('',*,*,#4616,.F.);
#2599=ORIENTED_EDGE('',*,*,#4617,.F.);
#2600=ORIENTED_EDGE('',*,*,#4618,.F.);
#2601=ORIENTED_EDGE('',*,*,#4602,.T.);
#2602=ORIENTED_EDGE('',*,*,#4619,.F.);
#2603=ORIENTED_EDGE('',*,*,#4620,.F.);
#2604=ORIENTED_EDGE('',*,*,#4621,.F.);
#2605=ORIENTED_EDGE('',*,*,#4605,.T.);
#2606=ORIENTED_EDGE('',*,*,#4622,.F.);
#2607=ORIENTED_EDGE('',*,*,#4623,.F.);
#2608=ORIENTED_EDGE('',*,*,#4624,.F.);
#2609=ORIENTED_EDGE('',*,*,#4625,.F.);
#2610=ORIENTED_EDGE('',*,*,#4624,.T.);
#2611=ORIENTED_EDGE('',*,*,#4626,.F.);
#2612=ORIENTED_EDGE('',*,*,#4625,.T.);
#2613=ORIENTED_EDGE('',*,*,#4627,.F.);
#2614=ORIENTED_EDGE('',*,*,#4626,.T.);
#2615=ORIENTED_EDGE('',*,*,#4628,.F.);
#2616=ORIENTED_EDGE('',*,*,#4627,.T.);
#2617=ORIENTED_EDGE('',*,*,#4629,.F.);
#2618=ORIENTED_EDGE('',*,*,#4628,.T.);
#2619=ORIENTED_EDGE('',*,*,#4630,.F.);
#2620=ORIENTED_EDGE('',*,*,#4629,.T.);
#2621=ORIENTED_EDGE('',*,*,#4630,.T.);
#2622=ORIENTED_EDGE('',*,*,#4631,.F.);
#2623=ORIENTED_EDGE('',*,*,#4632,.F.);
#2624=ORIENTED_EDGE('',*,*,#4631,.T.);
#2625=ORIENTED_EDGE('',*,*,#4633,.F.);
#2626=ORIENTED_EDGE('',*,*,#4632,.T.);
#2627=ORIENTED_EDGE('',*,*,#4633,.T.);
#2628=ORIENTED_EDGE('',*,*,#4634,.F.);
#2629=ORIENTED_EDGE('',*,*,#4635,.F.);
#2630=ORIENTED_EDGE('',*,*,#4634,.T.);
#2631=ORIENTED_EDGE('',*,*,#4636,.F.);
#2632=ORIENTED_EDGE('',*,*,#4635,.T.);
#2633=ORIENTED_EDGE('',*,*,#4637,.F.);
#2634=ORIENTED_EDGE('',*,*,#4636,.T.);
#2635=ORIENTED_EDGE('',*,*,#4638,.F.);
#2636=ORIENTED_EDGE('',*,*,#4637,.T.);
#2637=ORIENTED_EDGE('',*,*,#4639,.F.);
#2638=ORIENTED_EDGE('',*,*,#4638,.T.);
#2639=ORIENTED_EDGE('',*,*,#4639,.T.);
#2640=ORIENTED_EDGE('',*,*,#4640,.F.);
#2641=ORIENTED_EDGE('',*,*,#4641,.F.);
#2642=ORIENTED_EDGE('',*,*,#4640,.T.);
#2643=ORIENTED_EDGE('',*,*,#4642,.F.);
#2644=ORIENTED_EDGE('',*,*,#4641,.T.);
#2645=ORIENTED_EDGE('',*,*,#4643,.F.);
#2646=ORIENTED_EDGE('',*,*,#4642,.T.);
#2647=ORIENTED_EDGE('',*,*,#4643,.T.);
#2648=ORIENTED_EDGE('',*,*,#4644,.F.);
#2649=ORIENTED_EDGE('',*,*,#4645,.F.);
#2650=ORIENTED_EDGE('',*,*,#4644,.T.);
#2651=ORIENTED_EDGE('',*,*,#4645,.T.);
#2652=ORIENTED_EDGE('',*,*,#4646,.F.);
#2653=ORIENTED_EDGE('',*,*,#4647,.F.);
#2654=ORIENTED_EDGE('',*,*,#4646,.T.);
#2655=ORIENTED_EDGE('',*,*,#4647,.T.);
#2656=ORIENTED_EDGE('',*,*,#4648,.F.);
#2657=ORIENTED_EDGE('',*,*,#4649,.F.);
#2658=ORIENTED_EDGE('',*,*,#4648,.T.);
#2659=ORIENTED_EDGE('',*,*,#4575,.F.);
#2660=ORIENTED_EDGE('',*,*,#4649,.T.);
#2661=ORIENTED_EDGE('',*,*,#4610,.T.);
#2662=ORIENTED_EDGE('',*,*,#4650,.F.);
#2663=ORIENTED_EDGE('',*,*,#4608,.T.);
#2664=ORIENTED_EDGE('',*,*,#4651,.F.);
#2665=ORIENTED_EDGE('',*,*,#4614,.T.);
#2666=ORIENTED_EDGE('',*,*,#4652,.F.);
#2667=ORIENTED_EDGE('',*,*,#4617,.T.);
#2668=ORIENTED_EDGE('',*,*,#4653,.F.);
#2669=ORIENTED_EDGE('',*,*,#4620,.T.);
#2670=ORIENTED_EDGE('',*,*,#4654,.F.);
#2671=ORIENTED_EDGE('',*,*,#4623,.T.);
#2672=ORIENTED_EDGE('',*,*,#4655,.F.);
#2673=ORIENTED_EDGE('',*,*,#4656,.F.);
#2674=ORIENTED_EDGE('',*,*,#4656,.T.);
#2675=ORIENTED_EDGE('',*,*,#4657,.F.);
#2676=ORIENTED_EDGE('',*,*,#4658,.F.);
#2677=ORIENTED_EDGE('',*,*,#4657,.T.);
#2678=ORIENTED_EDGE('',*,*,#4659,.F.);
#2679=ORIENTED_EDGE('',*,*,#4658,.T.);
#2680=ORIENTED_EDGE('',*,*,#4562,.F.);
#2681=ORIENTED_EDGE('',*,*,#4660,.F.);
#2682=ORIENTED_EDGE('',*,*,#4568,.F.);
#2683=ORIENTED_EDGE('',*,*,#4661,.F.);
#2684=ORIENTED_EDGE('',*,*,#4659,.T.);
#2685=ORIENTED_EDGE('',*,*,#4662,.F.);
#2686=ORIENTED_EDGE('',*,*,#4573,.T.);
#2687=ORIENTED_EDGE('',*,*,#4571,.T.);
#2688=ORIENTED_EDGE('',*,*,#4663,.F.);
#2689=ORIENTED_EDGE('',*,*,#4662,.T.);
#2690=ORIENTED_EDGE('',*,*,#4664,.F.);
#2691=ORIENTED_EDGE('',*,*,#4663,.T.);
#2692=ORIENTED_EDGE('',*,*,#4556,.F.);
#2693=ORIENTED_EDGE('',*,*,#4664,.T.);
#2694=ORIENTED_EDGE('',*,*,#4590,.T.);
#2695=ORIENTED_EDGE('',*,*,#4611,.T.);
#2696=ORIENTED_EDGE('',*,*,#4655,.T.);
#2697=ORIENTED_EDGE('',*,*,#4622,.T.);
#2698=ORIENTED_EDGE('',*,*,#4604,.T.);
#2699=ORIENTED_EDGE('',*,*,#4578,.F.);
#2700=ORIENTED_EDGE('',*,*,#4591,.T.);
#2701=ORIENTED_EDGE('',*,*,#4606,.T.);
#2702=ORIENTED_EDGE('',*,*,#4650,.T.);
#2703=ORIENTED_EDGE('',*,*,#4609,.T.);
#2704=ORIENTED_EDGE('',*,*,#4588,.T.);
#2705=ORIENTED_EDGE('',*,*,#4576,.F.);
#2706=ORIENTED_EDGE('',*,*,#4594,.T.);
#2707=ORIENTED_EDGE('',*,*,#4612,.T.);
#2708=ORIENTED_EDGE('',*,*,#4651,.T.);
#2709=ORIENTED_EDGE('',*,*,#4607,.T.);
#2710=ORIENTED_EDGE('',*,*,#4592,.T.);
#2711=ORIENTED_EDGE('',*,*,#4586,.F.);
#2712=ORIENTED_EDGE('',*,*,#4597,.T.);
#2713=ORIENTED_EDGE('',*,*,#4615,.T.);
#2714=ORIENTED_EDGE('',*,*,#4652,.T.);
#2715=ORIENTED_EDGE('',*,*,#4613,.T.);
#2716=ORIENTED_EDGE('',*,*,#4595,.T.);
#2717=ORIENTED_EDGE('',*,*,#4584,.F.);
#2718=ORIENTED_EDGE('',*,*,#4600,.T.);
#2719=ORIENTED_EDGE('',*,*,#4618,.T.);
#2720=ORIENTED_EDGE('',*,*,#4653,.T.);
#2721=ORIENTED_EDGE('',*,*,#4616,.T.);
#2722=ORIENTED_EDGE('',*,*,#4598,.T.);
#2723=ORIENTED_EDGE('',*,*,#4582,.F.);
#2724=ORIENTED_EDGE('',*,*,#4603,.T.);
#2725=ORIENTED_EDGE('',*,*,#4621,.T.);
#2726=ORIENTED_EDGE('',*,*,#4654,.T.);
#2727=ORIENTED_EDGE('',*,*,#4619,.T.);
#2728=ORIENTED_EDGE('',*,*,#4601,.T.);
#2729=ORIENTED_EDGE('',*,*,#4580,.F.);
#2730=ORIENTED_EDGE('',*,*,#4567,.T.);
#2731=ORIENTED_EDGE('',*,*,#4574,.T.);
#2732=ORIENTED_EDGE('',*,*,#4570,.T.);
#2733=ORIENTED_EDGE('',*,*,#4563,.T.);
#2734=ORIENTED_EDGE('',*,*,#4661,.T.);
#2735=ORIENTED_EDGE('',*,*,#4561,.T.);
#2736=ORIENTED_EDGE('',*,*,#4569,.T.);
#2737=ORIENTED_EDGE('',*,*,#4572,.T.);
#2738=ORIENTED_EDGE('',*,*,#4565,.T.);
#2739=ORIENTED_EDGE('',*,*,#4660,.T.);
#2740=ORIENTED_EDGE('',*,*,#4557,.T.);
#2741=ORIENTED_EDGE('',*,*,#4665,.F.);
#2742=ORIENTED_EDGE('',*,*,#4666,.F.);
#2743=ORIENTED_EDGE('',*,*,#4667,.T.);
#2744=ORIENTED_EDGE('',*,*,#4560,.T.);
#2745=ORIENTED_EDGE('',*,*,#4668,.F.);
#2746=ORIENTED_EDGE('',*,*,#4669,.F.);
#2747=ORIENTED_EDGE('',*,*,#4665,.T.);
#2748=ORIENTED_EDGE('',*,*,#4559,.T.);
#2749=ORIENTED_EDGE('',*,*,#4670,.F.);
#2750=ORIENTED_EDGE('',*,*,#4671,.F.);
#2751=ORIENTED_EDGE('',*,*,#4668,.T.);
#2752=ORIENTED_EDGE('',*,*,#4558,.T.);
#2753=ORIENTED_EDGE('',*,*,#4667,.F.);
#2754=ORIENTED_EDGE('',*,*,#4672,.F.);
#2755=ORIENTED_EDGE('',*,*,#4670,.T.);
#2756=ORIENTED_EDGE('',*,*,#4666,.T.);
#2757=ORIENTED_EDGE('',*,*,#4669,.T.);
#2758=ORIENTED_EDGE('',*,*,#4671,.T.);
#2759=ORIENTED_EDGE('',*,*,#4672,.T.);
#2760=ORIENTED_EDGE('',*,*,#4673,.F.);
#2761=ORIENTED_EDGE('',*,*,#4555,.T.);
#2762=ORIENTED_EDGE('',*,*,#4673,.T.);
#2763=ORIENTED_EDGE('',*,*,#4674,.F.);
#2764=ORIENTED_EDGE('',*,*,#4554,.T.);
#2765=ORIENTED_EDGE('',*,*,#4674,.T.);
#2766=ORIENTED_EDGE('',*,*,#4675,.F.);
#2767=ORIENTED_EDGE('',*,*,#4553,.T.);
#2768=ORIENTED_EDGE('',*,*,#4675,.T.);
#2769=ORIENTED_EDGE('',*,*,#4676,.F.);
#2770=ORIENTED_EDGE('',*,*,#4552,.T.);
#2771=ORIENTED_EDGE('',*,*,#4676,.T.);
#2772=ORIENTED_EDGE('',*,*,#4677,.F.);
#2773=ORIENTED_EDGE('',*,*,#4551,.T.);
#2774=ORIENTED_EDGE('',*,*,#4677,.T.);
#2775=ORIENTED_EDGE('',*,*,#4678,.F.);
#2776=ORIENTED_EDGE('',*,*,#4679,.F.);
#2777=ORIENTED_EDGE('',*,*,#4680,.F.);
#2778=ORIENTED_EDGE('',*,*,#4681,.F.);
#2779=ORIENTED_EDGE('',*,*,#4682,.F.);
#2780=ORIENTED_EDGE('',*,*,#4683,.F.);
#2781=ORIENTED_EDGE('',*,*,#4684,.F.);
#2782=ORIENTED_EDGE('',*,*,#4685,.F.);
#2783=ORIENTED_EDGE('',*,*,#4686,.T.);
#2784=ORIENTED_EDGE('',*,*,#4687,.T.);
#2785=ORIENTED_EDGE('',*,*,#4688,.T.);
#2786=ORIENTED_EDGE('',*,*,#4689,.T.);
#2787=ORIENTED_EDGE('',*,*,#4690,.T.);
#2788=ORIENTED_EDGE('',*,*,#4691,.T.);
#2789=ORIENTED_EDGE('',*,*,#4692,.F.);
#2790=ORIENTED_EDGE('',*,*,#4693,.T.);
#2791=ORIENTED_EDGE('',*,*,#4694,.T.);
#2792=ORIENTED_EDGE('',*,*,#4695,.T.);
#2793=ORIENTED_EDGE('',*,*,#4696,.T.);
#2794=ORIENTED_EDGE('',*,*,#4697,.T.);
#2795=ORIENTED_EDGE('',*,*,#4698,.T.);
#2796=ORIENTED_EDGE('',*,*,#4678,.T.);
#2797=ORIENTED_EDGE('',*,*,#4699,.F.);
#2798=ORIENTED_EDGE('',*,*,#4700,.F.);
#2799=ORIENTED_EDGE('',*,*,#4701,.T.);
#2800=ORIENTED_EDGE('',*,*,#4685,.T.);
#2801=ORIENTED_EDGE('',*,*,#4702,.F.);
#2802=ORIENTED_EDGE('',*,*,#4703,.F.);
#2803=ORIENTED_EDGE('',*,*,#4699,.T.);
#2804=ORIENTED_EDGE('',*,*,#4684,.T.);
#2805=ORIENTED_EDGE('',*,*,#4704,.F.);
#2806=ORIENTED_EDGE('',*,*,#4705,.F.);
#2807=ORIENTED_EDGE('',*,*,#4702,.T.);
#2808=ORIENTED_EDGE('',*,*,#4683,.T.);
#2809=ORIENTED_EDGE('',*,*,#4706,.F.);
#2810=ORIENTED_EDGE('',*,*,#4707,.F.);
#2811=ORIENTED_EDGE('',*,*,#4704,.T.);
#2812=ORIENTED_EDGE('',*,*,#4682,.T.);
#2813=ORIENTED_EDGE('',*,*,#4708,.F.);
#2814=ORIENTED_EDGE('',*,*,#4709,.F.);
#2815=ORIENTED_EDGE('',*,*,#4706,.T.);
#2816=ORIENTED_EDGE('',*,*,#4681,.T.);
#2817=ORIENTED_EDGE('',*,*,#4710,.F.);
#2818=ORIENTED_EDGE('',*,*,#4711,.F.);
#2819=ORIENTED_EDGE('',*,*,#4708,.T.);
#2820=ORIENTED_EDGE('',*,*,#4680,.T.);
#2821=ORIENTED_EDGE('',*,*,#4712,.F.);
#2822=ORIENTED_EDGE('',*,*,#4713,.F.);
#2823=ORIENTED_EDGE('',*,*,#4710,.T.);
#2824=ORIENTED_EDGE('',*,*,#4679,.T.);
#2825=ORIENTED_EDGE('',*,*,#4701,.F.);
#2826=ORIENTED_EDGE('',*,*,#4714,.F.);
#2827=ORIENTED_EDGE('',*,*,#4712,.T.);
#2828=ORIENTED_EDGE('',*,*,#4715,.F.);
#2829=ORIENTED_EDGE('',*,*,#4716,.F.);
#2830=ORIENTED_EDGE('',*,*,#4717,.T.);
#2831=ORIENTED_EDGE('',*,*,#4718,.T.);
#2832=ORIENTED_EDGE('',*,*,#4719,.F.);
#2833=ORIENTED_EDGE('',*,*,#4720,.F.);
#2834=ORIENTED_EDGE('',*,*,#4721,.T.);
#2835=ORIENTED_EDGE('',*,*,#4716,.T.);
#2836=ORIENTED_EDGE('',*,*,#4722,.F.);
#2837=ORIENTED_EDGE('',*,*,#4723,.F.);
#2838=ORIENTED_EDGE('',*,*,#4724,.T.);
#2839=ORIENTED_EDGE('',*,*,#4720,.T.);
#2840=ORIENTED_EDGE('',*,*,#4725,.F.);
#2841=ORIENTED_EDGE('',*,*,#4726,.F.);
#2842=ORIENTED_EDGE('',*,*,#4727,.T.);
#2843=ORIENTED_EDGE('',*,*,#4723,.T.);
#2844=ORIENTED_EDGE('',*,*,#4728,.F.);
#2845=ORIENTED_EDGE('',*,*,#4729,.F.);
#2846=ORIENTED_EDGE('',*,*,#4730,.T.);
#2847=ORIENTED_EDGE('',*,*,#4726,.T.);
#2848=ORIENTED_EDGE('',*,*,#4731,.F.);
#2849=ORIENTED_EDGE('',*,*,#4732,.F.);
#2850=ORIENTED_EDGE('',*,*,#4733,.T.);
#2851=ORIENTED_EDGE('',*,*,#4729,.T.);
#2852=ORIENTED_EDGE('',*,*,#4734,.F.);
#2853=ORIENTED_EDGE('',*,*,#4735,.F.);
#2854=ORIENTED_EDGE('',*,*,#4736,.T.);
#2855=ORIENTED_EDGE('',*,*,#4732,.T.);
#2856=ORIENTED_EDGE('',*,*,#4737,.F.);
#2857=ORIENTED_EDGE('',*,*,#4738,.F.);
#2858=ORIENTED_EDGE('',*,*,#4739,.T.);
#2859=ORIENTED_EDGE('',*,*,#4735,.T.);
#2860=ORIENTED_EDGE('',*,*,#4740,.F.);
#2861=ORIENTED_EDGE('',*,*,#4741,.F.);
#2862=ORIENTED_EDGE('',*,*,#4742,.T.);
#2863=ORIENTED_EDGE('',*,*,#4738,.T.);
#2864=ORIENTED_EDGE('',*,*,#4743,.F.);
#2865=ORIENTED_EDGE('',*,*,#4744,.F.);
#2866=ORIENTED_EDGE('',*,*,#4745,.T.);
#2867=ORIENTED_EDGE('',*,*,#4741,.T.);
#2868=ORIENTED_EDGE('',*,*,#4746,.F.);
#2869=ORIENTED_EDGE('',*,*,#4747,.F.);
#2870=ORIENTED_EDGE('',*,*,#4748,.T.);
#2871=ORIENTED_EDGE('',*,*,#4744,.T.);
#2872=ORIENTED_EDGE('',*,*,#4749,.F.);
#2873=ORIENTED_EDGE('',*,*,#4750,.F.);
#2874=ORIENTED_EDGE('',*,*,#4751,.T.);
#2875=ORIENTED_EDGE('',*,*,#4752,.T.);
#2876=ORIENTED_EDGE('',*,*,#4753,.T.);
#2877=ORIENTED_EDGE('',*,*,#4754,.F.);
#2878=ORIENTED_EDGE('',*,*,#4755,.F.);
#2879=ORIENTED_EDGE('',*,*,#4750,.T.);
#2880=ORIENTED_EDGE('',*,*,#4756,.F.);
#2881=ORIENTED_EDGE('',*,*,#4757,.F.);
#2882=ORIENTED_EDGE('',*,*,#4758,.T.);
#2883=ORIENTED_EDGE('',*,*,#4754,.T.);
#2884=ORIENTED_EDGE('',*,*,#4759,.F.);
#2885=ORIENTED_EDGE('',*,*,#4760,.F.);
#2886=ORIENTED_EDGE('',*,*,#4761,.T.);
#2887=ORIENTED_EDGE('',*,*,#4757,.T.);
#2888=ORIENTED_EDGE('',*,*,#4762,.F.);
#2889=ORIENTED_EDGE('',*,*,#4763,.F.);
#2890=ORIENTED_EDGE('',*,*,#4764,.T.);
#2891=ORIENTED_EDGE('',*,*,#4760,.T.);
#2892=ORIENTED_EDGE('',*,*,#4765,.T.);
#2893=ORIENTED_EDGE('',*,*,#4766,.F.);
#2894=ORIENTED_EDGE('',*,*,#4767,.F.);
#2895=ORIENTED_EDGE('',*,*,#4763,.T.);
#2896=ORIENTED_EDGE('',*,*,#4768,.F.);
#2897=ORIENTED_EDGE('',*,*,#4769,.F.);
#2898=ORIENTED_EDGE('',*,*,#4770,.T.);
#2899=ORIENTED_EDGE('',*,*,#4766,.T.);
#2900=ORIENTED_EDGE('',*,*,#4771,.F.);
#2901=ORIENTED_EDGE('',*,*,#4772,.F.);
#2902=ORIENTED_EDGE('',*,*,#4773,.T.);
#2903=ORIENTED_EDGE('',*,*,#4774,.T.);
#2904=ORIENTED_EDGE('',*,*,#4775,.F.);
#2905=ORIENTED_EDGE('',*,*,#4776,.F.);
#2906=ORIENTED_EDGE('',*,*,#4777,.T.);
#2907=ORIENTED_EDGE('',*,*,#4772,.T.);
#2908=ORIENTED_EDGE('',*,*,#4778,.F.);
#2909=ORIENTED_EDGE('',*,*,#4779,.F.);
#2910=ORIENTED_EDGE('',*,*,#4780,.T.);
#2911=ORIENTED_EDGE('',*,*,#4776,.T.);
#2912=ORIENTED_EDGE('',*,*,#4781,.F.);
#2913=ORIENTED_EDGE('',*,*,#4782,.F.);
#2914=ORIENTED_EDGE('',*,*,#4783,.T.);
#2915=ORIENTED_EDGE('',*,*,#4779,.T.);
#2916=ORIENTED_EDGE('',*,*,#4784,.F.);
#2917=ORIENTED_EDGE('',*,*,#4785,.F.);
#2918=ORIENTED_EDGE('',*,*,#4786,.T.);
#2919=ORIENTED_EDGE('',*,*,#4782,.T.);
#2920=ORIENTED_EDGE('',*,*,#4787,.F.);
#2921=ORIENTED_EDGE('',*,*,#4788,.F.);
#2922=ORIENTED_EDGE('',*,*,#4789,.T.);
#2923=ORIENTED_EDGE('',*,*,#4785,.T.);
#2924=ORIENTED_EDGE('',*,*,#4790,.F.);
#2925=ORIENTED_EDGE('',*,*,#4791,.F.);
#2926=ORIENTED_EDGE('',*,*,#4792,.T.);
#2927=ORIENTED_EDGE('',*,*,#4788,.T.);
#2928=ORIENTED_EDGE('',*,*,#4793,.F.);
#2929=ORIENTED_EDGE('',*,*,#4794,.F.);
#2930=ORIENTED_EDGE('',*,*,#4795,.T.);
#2931=ORIENTED_EDGE('',*,*,#4791,.T.);
#2932=ORIENTED_EDGE('',*,*,#4796,.F.);
#2933=ORIENTED_EDGE('',*,*,#4797,.F.);
#2934=ORIENTED_EDGE('',*,*,#4798,.T.);
#2935=ORIENTED_EDGE('',*,*,#4794,.T.);
#2936=ORIENTED_EDGE('',*,*,#4799,.F.);
#2937=ORIENTED_EDGE('',*,*,#4800,.F.);
#2938=ORIENTED_EDGE('',*,*,#4801,.T.);
#2939=ORIENTED_EDGE('',*,*,#4797,.T.);
#2940=ORIENTED_EDGE('',*,*,#4802,.F.);
#2941=ORIENTED_EDGE('',*,*,#4803,.F.);
#2942=ORIENTED_EDGE('',*,*,#4804,.T.);
#2943=ORIENTED_EDGE('',*,*,#4800,.T.);
#2944=ORIENTED_EDGE('',*,*,#4805,.T.);
#2945=ORIENTED_EDGE('',*,*,#4806,.F.);
#2946=ORIENTED_EDGE('',*,*,#4807,.F.);
#2947=ORIENTED_EDGE('',*,*,#4803,.T.);
#2948=ORIENTED_EDGE('',*,*,#4808,.T.);
#2949=ORIENTED_EDGE('',*,*,#4809,.F.);
#2950=ORIENTED_EDGE('',*,*,#4810,.F.);
#2951=ORIENTED_EDGE('',*,*,#4806,.T.);
#2952=ORIENTED_EDGE('',*,*,#4811,.T.);
#2953=ORIENTED_EDGE('',*,*,#4812,.F.);
#2954=ORIENTED_EDGE('',*,*,#4813,.F.);
#2955=ORIENTED_EDGE('',*,*,#4809,.T.);
#2956=ORIENTED_EDGE('',*,*,#4814,.T.);
#2957=ORIENTED_EDGE('',*,*,#4815,.F.);
#2958=ORIENTED_EDGE('',*,*,#4816,.F.);
#2959=ORIENTED_EDGE('',*,*,#4812,.T.);
#2960=ORIENTED_EDGE('',*,*,#4817,.T.);
#2961=ORIENTED_EDGE('',*,*,#4818,.F.);
#2962=ORIENTED_EDGE('',*,*,#4819,.F.);
#2963=ORIENTED_EDGE('',*,*,#4815,.T.);
#2964=ORIENTED_EDGE('',*,*,#4820,.F.);
#2965=ORIENTED_EDGE('',*,*,#4821,.F.);
#2966=ORIENTED_EDGE('',*,*,#4822,.T.);
#2967=ORIENTED_EDGE('',*,*,#4818,.T.);
#2968=ORIENTED_EDGE('',*,*,#4823,.F.);
#2969=ORIENTED_EDGE('',*,*,#4824,.F.);
#2970=ORIENTED_EDGE('',*,*,#4825,.T.);
#2971=ORIENTED_EDGE('',*,*,#4826,.T.);
#2972=ORIENTED_EDGE('',*,*,#4827,.F.);
#2973=ORIENTED_EDGE('',*,*,#4828,.F.);
#2974=ORIENTED_EDGE('',*,*,#4829,.T.);
#2975=ORIENTED_EDGE('',*,*,#4824,.T.);
#2976=ORIENTED_EDGE('',*,*,#4830,.F.);
#2977=ORIENTED_EDGE('',*,*,#4831,.F.);
#2978=ORIENTED_EDGE('',*,*,#4832,.T.);
#2979=ORIENTED_EDGE('',*,*,#4828,.T.);
#2980=ORIENTED_EDGE('',*,*,#4833,.F.);
#2981=ORIENTED_EDGE('',*,*,#4834,.F.);
#2982=ORIENTED_EDGE('',*,*,#4835,.T.);
#2983=ORIENTED_EDGE('',*,*,#4836,.T.);
#2984=ORIENTED_EDGE('',*,*,#4837,.F.);
#2985=ORIENTED_EDGE('',*,*,#4838,.F.);
#2986=ORIENTED_EDGE('',*,*,#4839,.T.);
#2987=ORIENTED_EDGE('',*,*,#4834,.T.);
#2988=ORIENTED_EDGE('',*,*,#4840,.F.);
#2989=ORIENTED_EDGE('',*,*,#4841,.F.);
#2990=ORIENTED_EDGE('',*,*,#4842,.T.);
#2991=ORIENTED_EDGE('',*,*,#4838,.T.);
#2992=ORIENTED_EDGE('',*,*,#4843,.F.);
#2993=ORIENTED_EDGE('',*,*,#4844,.F.);
#2994=ORIENTED_EDGE('',*,*,#4845,.T.);
#2995=ORIENTED_EDGE('',*,*,#4846,.T.);
#2996=ORIENTED_EDGE('',*,*,#4847,.F.);
#2997=ORIENTED_EDGE('',*,*,#4848,.F.);
#2998=ORIENTED_EDGE('',*,*,#4849,.T.);
#2999=ORIENTED_EDGE('',*,*,#4844,.T.);
#3000=ORIENTED_EDGE('',*,*,#4850,.F.);
#3001=ORIENTED_EDGE('',*,*,#4851,.F.);
#3002=ORIENTED_EDGE('',*,*,#4852,.T.);
#3003=ORIENTED_EDGE('',*,*,#4848,.T.);
#3004=ORIENTED_EDGE('',*,*,#4853,.F.);
#3005=ORIENTED_EDGE('',*,*,#4854,.F.);
#3006=ORIENTED_EDGE('',*,*,#4855,.T.);
#3007=ORIENTED_EDGE('',*,*,#4851,.T.);
#3008=ORIENTED_EDGE('',*,*,#4856,.F.);
#3009=ORIENTED_EDGE('',*,*,#4857,.F.);
#3010=ORIENTED_EDGE('',*,*,#4858,.T.);
#3011=ORIENTED_EDGE('',*,*,#4854,.T.);
#3012=ORIENTED_EDGE('',*,*,#4859,.F.);
#3013=ORIENTED_EDGE('',*,*,#4860,.F.);
#3014=ORIENTED_EDGE('',*,*,#4861,.T.);
#3015=ORIENTED_EDGE('',*,*,#4862,.T.);
#3016=ORIENTED_EDGE('',*,*,#4863,.F.);
#3017=ORIENTED_EDGE('',*,*,#4864,.F.);
#3018=ORIENTED_EDGE('',*,*,#4865,.T.);
#3019=ORIENTED_EDGE('',*,*,#4860,.T.);
#3020=ORIENTED_EDGE('',*,*,#4866,.F.);
#3021=ORIENTED_EDGE('',*,*,#4867,.F.);
#3022=ORIENTED_EDGE('',*,*,#4868,.T.);
#3023=ORIENTED_EDGE('',*,*,#4864,.T.);
#3024=ORIENTED_EDGE('',*,*,#4869,.F.);
#3025=ORIENTED_EDGE('',*,*,#4870,.F.);
#3026=ORIENTED_EDGE('',*,*,#4871,.T.);
#3027=ORIENTED_EDGE('',*,*,#4872,.T.);
#3028=ORIENTED_EDGE('',*,*,#4873,.T.);
#3029=ORIENTED_EDGE('',*,*,#4874,.F.);
#3030=ORIENTED_EDGE('',*,*,#4875,.F.);
#3031=ORIENTED_EDGE('',*,*,#4870,.T.);
#3032=ORIENTED_EDGE('',*,*,#4876,.F.);
#3033=ORIENTED_EDGE('',*,*,#4877,.F.);
#3034=ORIENTED_EDGE('',*,*,#4878,.T.);
#3035=ORIENTED_EDGE('',*,*,#4874,.T.);
#3036=ORIENTED_EDGE('',*,*,#4879,.F.);
#3037=ORIENTED_EDGE('',*,*,#4880,.F.);
#3038=ORIENTED_EDGE('',*,*,#4881,.T.);
#3039=ORIENTED_EDGE('',*,*,#4882,.T.);
#3040=ORIENTED_EDGE('',*,*,#4883,.F.);
#3041=ORIENTED_EDGE('',*,*,#4884,.F.);
#3042=ORIENTED_EDGE('',*,*,#4885,.T.);
#3043=ORIENTED_EDGE('',*,*,#4880,.T.);
#3044=ORIENTED_EDGE('',*,*,#4886,.F.);
#3045=ORIENTED_EDGE('',*,*,#4887,.F.);
#3046=ORIENTED_EDGE('',*,*,#4888,.T.);
#3047=ORIENTED_EDGE('',*,*,#4884,.T.);
#3048=ORIENTED_EDGE('',*,*,#4889,.F.);
#3049=ORIENTED_EDGE('',*,*,#4890,.F.);
#3050=ORIENTED_EDGE('',*,*,#4891,.T.);
#3051=ORIENTED_EDGE('',*,*,#4892,.T.);
#3052=ORIENTED_EDGE('',*,*,#4893,.F.);
#3053=ORIENTED_EDGE('',*,*,#4894,.F.);
#3054=ORIENTED_EDGE('',*,*,#4895,.T.);
#3055=ORIENTED_EDGE('',*,*,#4890,.T.);
#3056=ORIENTED_EDGE('',*,*,#4896,.F.);
#3057=ORIENTED_EDGE('',*,*,#4897,.F.);
#3058=ORIENTED_EDGE('',*,*,#4898,.T.);
#3059=ORIENTED_EDGE('',*,*,#4894,.T.);
#3060=ORIENTED_EDGE('',*,*,#4899,.F.);
#3061=ORIENTED_EDGE('',*,*,#4900,.F.);
#3062=ORIENTED_EDGE('',*,*,#4901,.T.);
#3063=ORIENTED_EDGE('',*,*,#4897,.T.);
#3064=ORIENTED_EDGE('',*,*,#4902,.F.);
#3065=ORIENTED_EDGE('',*,*,#4903,.F.);
#3066=ORIENTED_EDGE('',*,*,#4904,.T.);
#3067=ORIENTED_EDGE('',*,*,#4900,.T.);
#3068=ORIENTED_EDGE('',*,*,#4905,.F.);
#3069=ORIENTED_EDGE('',*,*,#4906,.F.);
#3070=ORIENTED_EDGE('',*,*,#4907,.T.);
#3071=ORIENTED_EDGE('',*,*,#4903,.T.);
#3072=ORIENTED_EDGE('',*,*,#4908,.F.);
#3073=ORIENTED_EDGE('',*,*,#4909,.F.);
#3074=ORIENTED_EDGE('',*,*,#4910,.T.);
#3075=ORIENTED_EDGE('',*,*,#4906,.T.);
#3076=ORIENTED_EDGE('',*,*,#4911,.F.);
#3077=ORIENTED_EDGE('',*,*,#4912,.F.);
#3078=ORIENTED_EDGE('',*,*,#4913,.T.);
#3079=ORIENTED_EDGE('',*,*,#4909,.T.);
#3080=ORIENTED_EDGE('',*,*,#4914,.F.);
#3081=ORIENTED_EDGE('',*,*,#4915,.F.);
#3082=ORIENTED_EDGE('',*,*,#4916,.T.);
#3083=ORIENTED_EDGE('',*,*,#4912,.T.);
#3084=ORIENTED_EDGE('',*,*,#4917,.F.);
#3085=ORIENTED_EDGE('',*,*,#4918,.F.);
#3086=ORIENTED_EDGE('',*,*,#4919,.T.);
#3087=ORIENTED_EDGE('',*,*,#4915,.T.);
#3088=ORIENTED_EDGE('',*,*,#4920,.F.);
#3089=ORIENTED_EDGE('',*,*,#4921,.F.);
#3090=ORIENTED_EDGE('',*,*,#4922,.T.);
#3091=ORIENTED_EDGE('',*,*,#4918,.T.);
#3092=ORIENTED_EDGE('',*,*,#4923,.F.);
#3093=ORIENTED_EDGE('',*,*,#4924,.F.);
#3094=ORIENTED_EDGE('',*,*,#4925,.T.);
#3095=ORIENTED_EDGE('',*,*,#4921,.T.);
#3096=ORIENTED_EDGE('',*,*,#4926,.F.);
#3097=ORIENTED_EDGE('',*,*,#4927,.F.);
#3098=ORIENTED_EDGE('',*,*,#4928,.T.);
#3099=ORIENTED_EDGE('',*,*,#4924,.T.);
#3100=ORIENTED_EDGE('',*,*,#4929,.F.);
#3101=ORIENTED_EDGE('',*,*,#4930,.F.);
#3102=ORIENTED_EDGE('',*,*,#4931,.T.);
#3103=ORIENTED_EDGE('',*,*,#4927,.T.);
#3104=ORIENTED_EDGE('',*,*,#4932,.F.);
#3105=ORIENTED_EDGE('',*,*,#4933,.F.);
#3106=ORIENTED_EDGE('',*,*,#4934,.T.);
#3107=ORIENTED_EDGE('',*,*,#4930,.T.);
#3108=ORIENTED_EDGE('',*,*,#4935,.F.);
#3109=ORIENTED_EDGE('',*,*,#4936,.F.);
#3110=ORIENTED_EDGE('',*,*,#4937,.T.);
#3111=ORIENTED_EDGE('',*,*,#4933,.T.);
#3112=ORIENTED_EDGE('',*,*,#4938,.F.);
#3113=ORIENTED_EDGE('',*,*,#4939,.F.);
#3114=ORIENTED_EDGE('',*,*,#4940,.T.);
#3115=ORIENTED_EDGE('',*,*,#4936,.T.);
#3116=ORIENTED_EDGE('',*,*,#4941,.F.);
#3117=ORIENTED_EDGE('',*,*,#4942,.F.);
#3118=ORIENTED_EDGE('',*,*,#4943,.T.);
#3119=ORIENTED_EDGE('',*,*,#4939,.T.);
#3120=ORIENTED_EDGE('',*,*,#4944,.F.);
#3121=ORIENTED_EDGE('',*,*,#4945,.F.);
#3122=ORIENTED_EDGE('',*,*,#4946,.T.);
#3123=ORIENTED_EDGE('',*,*,#4942,.T.);
#3124=ORIENTED_EDGE('',*,*,#4947,.F.);
#3125=ORIENTED_EDGE('',*,*,#4948,.F.);
#3126=ORIENTED_EDGE('',*,*,#4949,.T.);
#3127=ORIENTED_EDGE('',*,*,#4945,.T.);
#3128=ORIENTED_EDGE('',*,*,#4950,.F.);
#3129=ORIENTED_EDGE('',*,*,#4951,.F.);
#3130=ORIENTED_EDGE('',*,*,#4952,.T.);
#3131=ORIENTED_EDGE('',*,*,#4953,.T.);
#3132=ORIENTED_EDGE('',*,*,#4954,.F.);
#3133=ORIENTED_EDGE('',*,*,#4955,.F.);
#3134=ORIENTED_EDGE('',*,*,#4956,.T.);
#3135=ORIENTED_EDGE('',*,*,#4951,.T.);
#3136=ORIENTED_EDGE('',*,*,#4957,.F.);
#3137=ORIENTED_EDGE('',*,*,#4958,.F.);
#3138=ORIENTED_EDGE('',*,*,#4959,.T.);
#3139=ORIENTED_EDGE('',*,*,#4955,.T.);
#3140=ORIENTED_EDGE('',*,*,#4960,.F.);
#3141=ORIENTED_EDGE('',*,*,#4961,.F.);
#3142=ORIENTED_EDGE('',*,*,#4962,.T.);
#3143=ORIENTED_EDGE('',*,*,#4958,.T.);
#3144=ORIENTED_EDGE('',*,*,#4963,.F.);
#3145=ORIENTED_EDGE('',*,*,#4964,.F.);
#3146=ORIENTED_EDGE('',*,*,#4965,.T.);
#3147=ORIENTED_EDGE('',*,*,#4961,.T.);
#3148=ORIENTED_EDGE('',*,*,#4966,.F.);
#3149=ORIENTED_EDGE('',*,*,#4967,.F.);
#3150=ORIENTED_EDGE('',*,*,#4968,.T.);
#3151=ORIENTED_EDGE('',*,*,#4964,.T.);
#3152=ORIENTED_EDGE('',*,*,#4969,.F.);
#3153=ORIENTED_EDGE('',*,*,#4970,.F.);
#3154=ORIENTED_EDGE('',*,*,#4971,.T.);
#3155=ORIENTED_EDGE('',*,*,#4967,.T.);
#3156=ORIENTED_EDGE('',*,*,#4972,.F.);
#3157=ORIENTED_EDGE('',*,*,#4973,.F.);
#3158=ORIENTED_EDGE('',*,*,#4974,.T.);
#3159=ORIENTED_EDGE('',*,*,#4970,.T.);
#3160=ORIENTED_EDGE('',*,*,#4975,.F.);
#3161=ORIENTED_EDGE('',*,*,#4976,.F.);
#3162=ORIENTED_EDGE('',*,*,#4977,.T.);
#3163=ORIENTED_EDGE('',*,*,#4973,.T.);
#3164=ORIENTED_EDGE('',*,*,#4978,.F.);
#3165=ORIENTED_EDGE('',*,*,#4979,.F.);
#3166=ORIENTED_EDGE('',*,*,#4980,.T.);
#3167=ORIENTED_EDGE('',*,*,#4976,.T.);
#3168=ORIENTED_EDGE('',*,*,#4981,.F.);
#3169=ORIENTED_EDGE('',*,*,#4982,.F.);
#3170=ORIENTED_EDGE('',*,*,#4983,.T.);
#3171=ORIENTED_EDGE('',*,*,#4979,.T.);
#3172=ORIENTED_EDGE('',*,*,#4984,.F.);
#3173=ORIENTED_EDGE('',*,*,#4985,.F.);
#3174=ORIENTED_EDGE('',*,*,#4986,.T.);
#3175=ORIENTED_EDGE('',*,*,#4987,.T.);
#3176=ORIENTED_EDGE('',*,*,#4988,.F.);
#3177=ORIENTED_EDGE('',*,*,#4989,.F.);
#3178=ORIENTED_EDGE('',*,*,#4990,.T.);
#3179=ORIENTED_EDGE('',*,*,#4985,.T.);
#3180=ORIENTED_EDGE('',*,*,#4991,.F.);
#3181=ORIENTED_EDGE('',*,*,#4992,.F.);
#3182=ORIENTED_EDGE('',*,*,#4993,.T.);
#3183=ORIENTED_EDGE('',*,*,#4989,.T.);
#3184=ORIENTED_EDGE('',*,*,#4994,.F.);
#3185=ORIENTED_EDGE('',*,*,#4995,.F.);
#3186=ORIENTED_EDGE('',*,*,#4996,.T.);
#3187=ORIENTED_EDGE('',*,*,#4997,.T.);
#3188=ORIENTED_EDGE('',*,*,#4998,.F.);
#3189=ORIENTED_EDGE('',*,*,#4999,.F.);
#3190=ORIENTED_EDGE('',*,*,#5000,.T.);
#3191=ORIENTED_EDGE('',*,*,#4995,.T.);
#3192=ORIENTED_EDGE('',*,*,#5001,.F.);
#3193=ORIENTED_EDGE('',*,*,#5002,.F.);
#3194=ORIENTED_EDGE('',*,*,#5003,.T.);
#3195=ORIENTED_EDGE('',*,*,#4999,.T.);
#3196=ORIENTED_EDGE('',*,*,#5004,.F.);
#3197=ORIENTED_EDGE('',*,*,#5005,.F.);
#3198=ORIENTED_EDGE('',*,*,#5006,.T.);
#3199=ORIENTED_EDGE('',*,*,#5002,.T.);
#3200=ORIENTED_EDGE('',*,*,#5007,.F.);
#3201=ORIENTED_EDGE('',*,*,#5008,.F.);
#3202=ORIENTED_EDGE('',*,*,#5009,.T.);
#3203=ORIENTED_EDGE('',*,*,#5005,.T.);
#3204=ORIENTED_EDGE('',*,*,#5010,.F.);
#3205=ORIENTED_EDGE('',*,*,#5011,.F.);
#3206=ORIENTED_EDGE('',*,*,#5012,.T.);
#3207=ORIENTED_EDGE('',*,*,#5008,.T.);
#3208=ORIENTED_EDGE('',*,*,#5013,.F.);
#3209=ORIENTED_EDGE('',*,*,#5014,.F.);
#3210=ORIENTED_EDGE('',*,*,#5015,.T.);
#3211=ORIENTED_EDGE('',*,*,#5011,.T.);
#3212=ORIENTED_EDGE('',*,*,#5016,.F.);
#3213=ORIENTED_EDGE('',*,*,#5017,.F.);
#3214=ORIENTED_EDGE('',*,*,#5018,.T.);
#3215=ORIENTED_EDGE('',*,*,#5014,.T.);
#3216=ORIENTED_EDGE('',*,*,#5019,.F.);
#3217=ORIENTED_EDGE('',*,*,#5020,.F.);
#3218=ORIENTED_EDGE('',*,*,#5021,.T.);
#3219=ORIENTED_EDGE('',*,*,#5017,.T.);
#3220=ORIENTED_EDGE('',*,*,#5022,.F.);
#3221=ORIENTED_EDGE('',*,*,#5023,.F.);
#3222=ORIENTED_EDGE('',*,*,#5024,.T.);
#3223=ORIENTED_EDGE('',*,*,#5025,.T.);
#3224=ORIENTED_EDGE('',*,*,#5026,.F.);
#3225=ORIENTED_EDGE('',*,*,#5027,.F.);
#3226=ORIENTED_EDGE('',*,*,#5028,.T.);
#3227=ORIENTED_EDGE('',*,*,#5023,.T.);
#3228=ORIENTED_EDGE('',*,*,#5029,.F.);
#3229=ORIENTED_EDGE('',*,*,#5030,.F.);
#3230=ORIENTED_EDGE('',*,*,#5031,.T.);
#3231=ORIENTED_EDGE('',*,*,#5027,.T.);
#3232=ORIENTED_EDGE('',*,*,#5032,.F.);
#3233=ORIENTED_EDGE('',*,*,#5033,.F.);
#3234=ORIENTED_EDGE('',*,*,#5034,.T.);
#3235=ORIENTED_EDGE('',*,*,#5030,.T.);
#3236=ORIENTED_EDGE('',*,*,#5035,.F.);
#3237=ORIENTED_EDGE('',*,*,#5036,.F.);
#3238=ORIENTED_EDGE('',*,*,#5037,.T.);
#3239=ORIENTED_EDGE('',*,*,#5033,.T.);
#3240=ORIENTED_EDGE('',*,*,#5038,.F.);
#3241=ORIENTED_EDGE('',*,*,#5039,.F.);
#3242=ORIENTED_EDGE('',*,*,#5040,.T.);
#3243=ORIENTED_EDGE('',*,*,#5036,.T.);
#3244=ORIENTED_EDGE('',*,*,#5041,.F.);
#3245=ORIENTED_EDGE('',*,*,#5042,.F.);
#3246=ORIENTED_EDGE('',*,*,#5043,.T.);
#3247=ORIENTED_EDGE('',*,*,#5039,.T.);
#3248=ORIENTED_EDGE('',*,*,#5044,.F.);
#3249=ORIENTED_EDGE('',*,*,#5045,.F.);
#3250=ORIENTED_EDGE('',*,*,#5046,.T.);
#3251=ORIENTED_EDGE('',*,*,#5042,.T.);
#3252=ORIENTED_EDGE('',*,*,#5047,.F.);
#3253=ORIENTED_EDGE('',*,*,#5048,.F.);
#3254=ORIENTED_EDGE('',*,*,#5049,.T.);
#3255=ORIENTED_EDGE('',*,*,#5045,.T.);
#3256=ORIENTED_EDGE('',*,*,#5050,.F.);
#3257=ORIENTED_EDGE('',*,*,#5051,.F.);
#3258=ORIENTED_EDGE('',*,*,#5052,.T.);
#3259=ORIENTED_EDGE('',*,*,#5048,.T.);
#3260=ORIENTED_EDGE('',*,*,#5053,.F.);
#3261=ORIENTED_EDGE('',*,*,#5054,.F.);
#3262=ORIENTED_EDGE('',*,*,#5055,.T.);
#3263=ORIENTED_EDGE('',*,*,#5051,.T.);
#3264=ORIENTED_EDGE('',*,*,#5056,.F.);
#3265=ORIENTED_EDGE('',*,*,#5057,.F.);
#3266=ORIENTED_EDGE('',*,*,#5058,.T.);
#3267=ORIENTED_EDGE('',*,*,#5059,.T.);
#3268=ORIENTED_EDGE('',*,*,#5060,.T.);
#3269=ORIENTED_EDGE('',*,*,#5061,.F.);
#3270=ORIENTED_EDGE('',*,*,#5062,.F.);
#3271=ORIENTED_EDGE('',*,*,#5057,.T.);
#3272=ORIENTED_EDGE('',*,*,#5063,.F.);
#3273=ORIENTED_EDGE('',*,*,#5064,.F.);
#3274=ORIENTED_EDGE('',*,*,#5065,.T.);
#3275=ORIENTED_EDGE('',*,*,#5061,.T.);
#3276=ORIENTED_EDGE('',*,*,#5066,.F.);
#3277=ORIENTED_EDGE('',*,*,#5067,.F.);
#3278=ORIENTED_EDGE('',*,*,#5068,.T.);
#3279=ORIENTED_EDGE('',*,*,#5069,.T.);
#3280=ORIENTED_EDGE('',*,*,#5070,.F.);
#3281=ORIENTED_EDGE('',*,*,#5071,.F.);
#3282=ORIENTED_EDGE('',*,*,#5072,.T.);
#3283=ORIENTED_EDGE('',*,*,#5067,.T.);
#3284=ORIENTED_EDGE('',*,*,#5073,.F.);
#3285=ORIENTED_EDGE('',*,*,#5074,.F.);
#3286=ORIENTED_EDGE('',*,*,#5075,.T.);
#3287=ORIENTED_EDGE('',*,*,#5071,.T.);
#3288=ORIENTED_EDGE('',*,*,#5076,.F.);
#3289=ORIENTED_EDGE('',*,*,#5077,.F.);
#3290=ORIENTED_EDGE('',*,*,#5078,.T.);
#3291=ORIENTED_EDGE('',*,*,#5074,.T.);
#3292=ORIENTED_EDGE('',*,*,#5079,.F.);
#3293=ORIENTED_EDGE('',*,*,#5080,.F.);
#3294=ORIENTED_EDGE('',*,*,#5081,.T.);
#3295=ORIENTED_EDGE('',*,*,#5077,.T.);
#3296=ORIENTED_EDGE('',*,*,#5082,.F.);
#3297=ORIENTED_EDGE('',*,*,#5083,.F.);
#3298=ORIENTED_EDGE('',*,*,#5084,.T.);
#3299=ORIENTED_EDGE('',*,*,#5085,.T.);
#3300=ORIENTED_EDGE('',*,*,#5086,.F.);
#3301=ORIENTED_EDGE('',*,*,#5087,.F.);
#3302=ORIENTED_EDGE('',*,*,#5088,.T.);
#3303=ORIENTED_EDGE('',*,*,#5083,.T.);
#3304=ORIENTED_EDGE('',*,*,#5089,.F.);
#3305=ORIENTED_EDGE('',*,*,#5090,.F.);
#3306=ORIENTED_EDGE('',*,*,#5091,.T.);
#3307=ORIENTED_EDGE('',*,*,#5087,.T.);
#3308=ORIENTED_EDGE('',*,*,#5092,.F.);
#3309=ORIENTED_EDGE('',*,*,#5093,.F.);
#3310=ORIENTED_EDGE('',*,*,#5094,.T.);
#3311=ORIENTED_EDGE('',*,*,#5090,.T.);
#3312=ORIENTED_EDGE('',*,*,#5095,.F.);
#3313=ORIENTED_EDGE('',*,*,#5096,.F.);
#3314=ORIENTED_EDGE('',*,*,#5097,.T.);
#3315=ORIENTED_EDGE('',*,*,#5093,.T.);
#3316=ORIENTED_EDGE('',*,*,#5098,.F.);
#3317=ORIENTED_EDGE('',*,*,#4718,.F.);
#3318=ORIENTED_EDGE('',*,*,#5099,.T.);
#3319=ORIENTED_EDGE('',*,*,#4747,.T.);
#3320=ORIENTED_EDGE('',*,*,#5100,.F.);
#3321=ORIENTED_EDGE('',*,*,#4752,.F.);
#3322=ORIENTED_EDGE('',*,*,#5101,.T.);
#3323=ORIENTED_EDGE('',*,*,#4769,.T.);
#3324=ORIENTED_EDGE('',*,*,#5102,.F.);
#3325=ORIENTED_EDGE('',*,*,#4774,.F.);
#3326=ORIENTED_EDGE('',*,*,#5103,.T.);
#3327=ORIENTED_EDGE('',*,*,#4821,.T.);
#3328=ORIENTED_EDGE('',*,*,#5104,.F.);
#3329=ORIENTED_EDGE('',*,*,#4826,.F.);
#3330=ORIENTED_EDGE('',*,*,#5105,.T.);
#3331=ORIENTED_EDGE('',*,*,#4831,.T.);
#3332=ORIENTED_EDGE('',*,*,#5106,.F.);
#3333=ORIENTED_EDGE('',*,*,#4836,.F.);
#3334=ORIENTED_EDGE('',*,*,#5107,.T.);
#3335=ORIENTED_EDGE('',*,*,#4841,.T.);
#3336=ORIENTED_EDGE('',*,*,#5108,.T.);
#3337=ORIENTED_EDGE('',*,*,#4692,.T.);
#3338=ORIENTED_EDGE('',*,*,#5109,.F.);
#3339=ORIENTED_EDGE('',*,*,#4846,.F.);
#3340=ORIENTED_EDGE('',*,*,#5110,.T.);
#3341=ORIENTED_EDGE('',*,*,#4857,.T.);
#3342=ORIENTED_EDGE('',*,*,#5111,.F.);
#3343=ORIENTED_EDGE('',*,*,#4862,.F.);
#3344=ORIENTED_EDGE('',*,*,#5112,.T.);
#3345=ORIENTED_EDGE('',*,*,#4867,.T.);
#3346=ORIENTED_EDGE('',*,*,#5113,.F.);
#3347=ORIENTED_EDGE('',*,*,#4872,.F.);
#3348=ORIENTED_EDGE('',*,*,#5114,.T.);
#3349=ORIENTED_EDGE('',*,*,#4877,.T.);
#3350=ORIENTED_EDGE('',*,*,#5115,.F.);
#3351=ORIENTED_EDGE('',*,*,#4882,.F.);
#3352=ORIENTED_EDGE('',*,*,#5116,.T.);
#3353=ORIENTED_EDGE('',*,*,#4887,.T.);
#3354=ORIENTED_EDGE('',*,*,#5117,.F.);
#3355=ORIENTED_EDGE('',*,*,#4892,.F.);
#3356=ORIENTED_EDGE('',*,*,#5118,.T.);
#3357=ORIENTED_EDGE('',*,*,#4948,.T.);
#3358=ORIENTED_EDGE('',*,*,#5119,.F.);
#3359=ORIENTED_EDGE('',*,*,#4953,.F.);
#3360=ORIENTED_EDGE('',*,*,#5120,.T.);
#3361=ORIENTED_EDGE('',*,*,#4982,.T.);
#3362=ORIENTED_EDGE('',*,*,#5121,.F.);
#3363=ORIENTED_EDGE('',*,*,#4987,.F.);
#3364=ORIENTED_EDGE('',*,*,#5122,.T.);
#3365=ORIENTED_EDGE('',*,*,#4992,.T.);
#3366=ORIENTED_EDGE('',*,*,#5123,.F.);
#3367=ORIENTED_EDGE('',*,*,#4997,.F.);
#3368=ORIENTED_EDGE('',*,*,#5124,.T.);
#3369=ORIENTED_EDGE('',*,*,#5020,.T.);
#3370=ORIENTED_EDGE('',*,*,#5125,.F.);
#3371=ORIENTED_EDGE('',*,*,#5025,.F.);
#3372=ORIENTED_EDGE('',*,*,#5126,.T.);
#3373=ORIENTED_EDGE('',*,*,#5054,.T.);
#3374=ORIENTED_EDGE('',*,*,#5127,.F.);
#3375=ORIENTED_EDGE('',*,*,#5059,.F.);
#3376=ORIENTED_EDGE('',*,*,#5128,.T.);
#3377=ORIENTED_EDGE('',*,*,#5064,.T.);
#3378=ORIENTED_EDGE('',*,*,#5129,.F.);
#3379=ORIENTED_EDGE('',*,*,#5069,.F.);
#3380=ORIENTED_EDGE('',*,*,#5130,.T.);
#3381=ORIENTED_EDGE('',*,*,#5080,.T.);
#3382=ORIENTED_EDGE('',*,*,#5131,.F.);
#3383=ORIENTED_EDGE('',*,*,#5085,.F.);
#3384=ORIENTED_EDGE('',*,*,#5132,.T.);
#3385=ORIENTED_EDGE('',*,*,#5096,.T.);
#3386=ORIENTED_EDGE('',*,*,#5133,.T.);
#3387=ORIENTED_EDGE('',*,*,#5134,.T.);
#3388=ORIENTED_EDGE('',*,*,#5135,.T.);
#3389=ORIENTED_EDGE('',*,*,#5136,.T.);
#3390=ORIENTED_EDGE('',*,*,#5135,.F.);
#3391=ORIENTED_EDGE('',*,*,#5133,.F.);
#3392=ORIENTED_EDGE('',*,*,#5084,.F.);
#3393=ORIENTED_EDGE('',*,*,#5088,.F.);
#3394=ORIENTED_EDGE('',*,*,#5091,.F.);
#3395=ORIENTED_EDGE('',*,*,#5094,.F.);
#3396=ORIENTED_EDGE('',*,*,#5097,.F.);
#3397=ORIENTED_EDGE('',*,*,#5132,.F.);
#3398=ORIENTED_EDGE('',*,*,#5068,.F.);
#3399=ORIENTED_EDGE('',*,*,#5072,.F.);
#3400=ORIENTED_EDGE('',*,*,#5075,.F.);
#3401=ORIENTED_EDGE('',*,*,#5078,.F.);
#3402=ORIENTED_EDGE('',*,*,#5081,.F.);
#3403=ORIENTED_EDGE('',*,*,#5130,.F.);
#3404=ORIENTED_EDGE('',*,*,#5058,.F.);
#3405=ORIENTED_EDGE('',*,*,#5062,.T.);
#3406=ORIENTED_EDGE('',*,*,#5065,.F.);
#3407=ORIENTED_EDGE('',*,*,#5128,.F.);
#3408=ORIENTED_EDGE('',*,*,#5024,.F.);
#3409=ORIENTED_EDGE('',*,*,#5028,.F.);
#3410=ORIENTED_EDGE('',*,*,#5031,.F.);
#3411=ORIENTED_EDGE('',*,*,#5034,.F.);
#3412=ORIENTED_EDGE('',*,*,#5037,.F.);
#3413=ORIENTED_EDGE('',*,*,#5040,.F.);
#3414=ORIENTED_EDGE('',*,*,#5043,.F.);
#3415=ORIENTED_EDGE('',*,*,#5046,.F.);
#3416=ORIENTED_EDGE('',*,*,#5049,.F.);
#3417=ORIENTED_EDGE('',*,*,#5052,.F.);
#3418=ORIENTED_EDGE('',*,*,#5055,.F.);
#3419=ORIENTED_EDGE('',*,*,#5126,.F.);
#3420=ORIENTED_EDGE('',*,*,#4996,.F.);
#3421=ORIENTED_EDGE('',*,*,#5000,.F.);
#3422=ORIENTED_EDGE('',*,*,#5003,.F.);
#3423=ORIENTED_EDGE('',*,*,#5006,.F.);
#3424=ORIENTED_EDGE('',*,*,#5009,.F.);
#3425=ORIENTED_EDGE('',*,*,#5012,.F.);
#3426=ORIENTED_EDGE('',*,*,#5015,.F.);
#3427=ORIENTED_EDGE('',*,*,#5018,.F.);
#3428=ORIENTED_EDGE('',*,*,#5021,.F.);
#3429=ORIENTED_EDGE('',*,*,#5124,.F.);
#3430=ORIENTED_EDGE('',*,*,#4986,.F.);
#3431=ORIENTED_EDGE('',*,*,#4990,.F.);
#3432=ORIENTED_EDGE('',*,*,#4993,.F.);
#3433=ORIENTED_EDGE('',*,*,#5122,.F.);
#3434=ORIENTED_EDGE('',*,*,#4952,.F.);
#3435=ORIENTED_EDGE('',*,*,#4956,.F.);
#3436=ORIENTED_EDGE('',*,*,#4959,.F.);
#3437=ORIENTED_EDGE('',*,*,#4962,.F.);
#3438=ORIENTED_EDGE('',*,*,#4965,.F.);
#3439=ORIENTED_EDGE('',*,*,#4968,.F.);
#3440=ORIENTED_EDGE('',*,*,#4971,.F.);
#3441=ORIENTED_EDGE('',*,*,#4974,.F.);
#3442=ORIENTED_EDGE('',*,*,#4977,.F.);
#3443=ORIENTED_EDGE('',*,*,#4980,.F.);
#3444=ORIENTED_EDGE('',*,*,#4983,.F.);
#3445=ORIENTED_EDGE('',*,*,#5120,.F.);
#3446=ORIENTED_EDGE('',*,*,#4891,.F.);
#3447=ORIENTED_EDGE('',*,*,#4895,.F.);
#3448=ORIENTED_EDGE('',*,*,#4898,.F.);
#3449=ORIENTED_EDGE('',*,*,#4901,.F.);
#3450=ORIENTED_EDGE('',*,*,#4904,.F.);
#3451=ORIENTED_EDGE('',*,*,#4907,.F.);
#3452=ORIENTED_EDGE('',*,*,#4910,.F.);
#3453=ORIENTED_EDGE('',*,*,#4913,.F.);
#3454=ORIENTED_EDGE('',*,*,#4916,.F.);
#3455=ORIENTED_EDGE('',*,*,#4919,.F.);
#3456=ORIENTED_EDGE('',*,*,#4922,.F.);
#3457=ORIENTED_EDGE('',*,*,#4925,.F.);
#3458=ORIENTED_EDGE('',*,*,#4928,.F.);
#3459=ORIENTED_EDGE('',*,*,#4931,.F.);
#3460=ORIENTED_EDGE('',*,*,#4934,.F.);
#3461=ORIENTED_EDGE('',*,*,#4937,.F.);
#3462=ORIENTED_EDGE('',*,*,#4940,.F.);
#3463=ORIENTED_EDGE('',*,*,#4943,.F.);
#3464=ORIENTED_EDGE('',*,*,#4946,.F.);
#3465=ORIENTED_EDGE('',*,*,#4949,.F.);
#3466=ORIENTED_EDGE('',*,*,#5118,.F.);
#3467=ORIENTED_EDGE('',*,*,#4881,.F.);
#3468=ORIENTED_EDGE('',*,*,#4885,.F.);
#3469=ORIENTED_EDGE('',*,*,#4888,.F.);
#3470=ORIENTED_EDGE('',*,*,#5116,.F.);
#3471=ORIENTED_EDGE('',*,*,#4871,.F.);
#3472=ORIENTED_EDGE('',*,*,#4875,.T.);
#3473=ORIENTED_EDGE('',*,*,#4878,.F.);
#3474=ORIENTED_EDGE('',*,*,#5114,.F.);
#3475=ORIENTED_EDGE('',*,*,#4861,.F.);
#3476=ORIENTED_EDGE('',*,*,#4865,.F.);
#3477=ORIENTED_EDGE('',*,*,#4868,.F.);
#3478=ORIENTED_EDGE('',*,*,#5112,.F.);
#3479=ORIENTED_EDGE('',*,*,#4845,.F.);
#3480=ORIENTED_EDGE('',*,*,#4849,.F.);
#3481=ORIENTED_EDGE('',*,*,#4852,.F.);
#3482=ORIENTED_EDGE('',*,*,#4855,.F.);
#3483=ORIENTED_EDGE('',*,*,#4858,.F.);
#3484=ORIENTED_EDGE('',*,*,#5110,.F.);
#3485=ORIENTED_EDGE('',*,*,#5108,.F.);
#3486=ORIENTED_EDGE('',*,*,#4835,.F.);
#3487=ORIENTED_EDGE('',*,*,#4839,.F.);
#3488=ORIENTED_EDGE('',*,*,#4842,.F.);
#3489=ORIENTED_EDGE('',*,*,#5107,.F.);
#3490=ORIENTED_EDGE('',*,*,#4825,.F.);
#3491=ORIENTED_EDGE('',*,*,#4829,.F.);
#3492=ORIENTED_EDGE('',*,*,#4832,.F.);
#3493=ORIENTED_EDGE('',*,*,#5105,.F.);
#3494=ORIENTED_EDGE('',*,*,#4773,.F.);
#3495=ORIENTED_EDGE('',*,*,#4777,.F.);
#3496=ORIENTED_EDGE('',*,*,#4780,.F.);
#3497=ORIENTED_EDGE('',*,*,#4783,.F.);
#3498=ORIENTED_EDGE('',*,*,#4786,.F.);
#3499=ORIENTED_EDGE('',*,*,#4789,.F.);
#3500=ORIENTED_EDGE('',*,*,#4792,.F.);
#3501=ORIENTED_EDGE('',*,*,#4795,.F.);
#3502=ORIENTED_EDGE('',*,*,#4798,.F.);
#3503=ORIENTED_EDGE('',*,*,#4801,.F.);
#3504=ORIENTED_EDGE('',*,*,#4804,.F.);
#3505=ORIENTED_EDGE('',*,*,#4807,.T.);
#3506=ORIENTED_EDGE('',*,*,#4810,.T.);
#3507=ORIENTED_EDGE('',*,*,#4813,.T.);
#3508=ORIENTED_EDGE('',*,*,#4816,.T.);
#3509=ORIENTED_EDGE('',*,*,#4819,.T.);
#3510=ORIENTED_EDGE('',*,*,#4822,.F.);
#3511=ORIENTED_EDGE('',*,*,#5103,.F.);
#3512=ORIENTED_EDGE('',*,*,#4751,.F.);
#3513=ORIENTED_EDGE('',*,*,#4755,.T.);
#3514=ORIENTED_EDGE('',*,*,#4758,.F.);
#3515=ORIENTED_EDGE('',*,*,#4761,.F.);
#3516=ORIENTED_EDGE('',*,*,#4764,.F.);
#3517=ORIENTED_EDGE('',*,*,#4767,.T.);
#3518=ORIENTED_EDGE('',*,*,#4770,.F.);
#3519=ORIENTED_EDGE('',*,*,#5101,.F.);
#3520=ORIENTED_EDGE('',*,*,#4717,.F.);
#3521=ORIENTED_EDGE('',*,*,#4721,.F.);
#3522=ORIENTED_EDGE('',*,*,#4724,.F.);
#3523=ORIENTED_EDGE('',*,*,#4727,.F.);
#3524=ORIENTED_EDGE('',*,*,#4730,.F.);
#3525=ORIENTED_EDGE('',*,*,#4733,.F.);
#3526=ORIENTED_EDGE('',*,*,#4736,.F.);
#3527=ORIENTED_EDGE('',*,*,#4739,.F.);
#3528=ORIENTED_EDGE('',*,*,#4742,.F.);
#3529=ORIENTED_EDGE('',*,*,#4745,.F.);
#3530=ORIENTED_EDGE('',*,*,#4748,.F.);
#3531=ORIENTED_EDGE('',*,*,#5099,.F.);
#3532=ORIENTED_EDGE('',*,*,#4700,.T.);
#3533=ORIENTED_EDGE('',*,*,#4703,.T.);
#3534=ORIENTED_EDGE('',*,*,#4705,.T.);
#3535=ORIENTED_EDGE('',*,*,#4707,.T.);
#3536=ORIENTED_EDGE('',*,*,#4709,.T.);
#3537=ORIENTED_EDGE('',*,*,#4711,.T.);
#3538=ORIENTED_EDGE('',*,*,#4713,.T.);
#3539=ORIENTED_EDGE('',*,*,#4714,.T.);
#3540=ORIENTED_EDGE('',*,*,#5136,.F.);
#3541=ORIENTED_EDGE('',*,*,#5134,.F.);
#3542=ORIENTED_EDGE('',*,*,#5082,.T.);
#3543=ORIENTED_EDGE('',*,*,#5131,.T.);
#3544=ORIENTED_EDGE('',*,*,#5095,.T.);
#3545=ORIENTED_EDGE('',*,*,#5092,.T.);
#3546=ORIENTED_EDGE('',*,*,#5089,.T.);
#3547=ORIENTED_EDGE('',*,*,#5086,.T.);
#3548=ORIENTED_EDGE('',*,*,#5066,.T.);
#3549=ORIENTED_EDGE('',*,*,#5129,.T.);
#3550=ORIENTED_EDGE('',*,*,#5079,.T.);
#3551=ORIENTED_EDGE('',*,*,#5076,.T.);
#3552=ORIENTED_EDGE('',*,*,#5073,.T.);
#3553=ORIENTED_EDGE('',*,*,#5070,.T.);
#3554=ORIENTED_EDGE('',*,*,#5056,.T.);
#3555=ORIENTED_EDGE('',*,*,#5127,.T.);
#3556=ORIENTED_EDGE('',*,*,#5063,.T.);
#3557=ORIENTED_EDGE('',*,*,#5060,.F.);
#3558=ORIENTED_EDGE('',*,*,#5022,.T.);
#3559=ORIENTED_EDGE('',*,*,#5125,.T.);
#3560=ORIENTED_EDGE('',*,*,#5053,.T.);
#3561=ORIENTED_EDGE('',*,*,#5050,.T.);
#3562=ORIENTED_EDGE('',*,*,#5047,.T.);
#3563=ORIENTED_EDGE('',*,*,#5044,.T.);
#3564=ORIENTED_EDGE('',*,*,#5041,.T.);
#3565=ORIENTED_EDGE('',*,*,#5038,.T.);
#3566=ORIENTED_EDGE('',*,*,#5035,.T.);
#3567=ORIENTED_EDGE('',*,*,#5032,.T.);
#3568=ORIENTED_EDGE('',*,*,#5029,.T.);
#3569=ORIENTED_EDGE('',*,*,#5026,.T.);
#3570=ORIENTED_EDGE('',*,*,#4994,.T.);
#3571=ORIENTED_EDGE('',*,*,#5123,.T.);
#3572=ORIENTED_EDGE('',*,*,#5019,.T.);
#3573=ORIENTED_EDGE('',*,*,#5016,.T.);
#3574=ORIENTED_EDGE('',*,*,#5013,.T.);
#3575=ORIENTED_EDGE('',*,*,#5010,.T.);
#3576=ORIENTED_EDGE('',*,*,#5007,.T.);
#3577=ORIENTED_EDGE('',*,*,#5004,.T.);
#3578=ORIENTED_EDGE('',*,*,#5001,.T.);
#3579=ORIENTED_EDGE('',*,*,#4998,.T.);
#3580=ORIENTED_EDGE('',*,*,#4984,.T.);
#3581=ORIENTED_EDGE('',*,*,#5121,.T.);
#3582=ORIENTED_EDGE('',*,*,#4991,.T.);
#3583=ORIENTED_EDGE('',*,*,#4988,.T.);
#3584=ORIENTED_EDGE('',*,*,#4950,.T.);
#3585=ORIENTED_EDGE('',*,*,#5119,.T.);
#3586=ORIENTED_EDGE('',*,*,#4981,.T.);
#3587=ORIENTED_EDGE('',*,*,#4978,.T.);
#3588=ORIENTED_EDGE('',*,*,#4975,.T.);
#3589=ORIENTED_EDGE('',*,*,#4972,.T.);
#3590=ORIENTED_EDGE('',*,*,#4969,.T.);
#3591=ORIENTED_EDGE('',*,*,#4966,.T.);
#3592=ORIENTED_EDGE('',*,*,#4963,.T.);
#3593=ORIENTED_EDGE('',*,*,#4960,.T.);
#3594=ORIENTED_EDGE('',*,*,#4957,.T.);
#3595=ORIENTED_EDGE('',*,*,#4954,.T.);
#3596=ORIENTED_EDGE('',*,*,#5137,.F.);
#3597=ORIENTED_EDGE('',*,*,#5138,.F.);
#3598=ORIENTED_EDGE('',*,*,#5139,.F.);
#3599=ORIENTED_EDGE('',*,*,#5140,.F.);
#3600=ORIENTED_EDGE('',*,*,#5141,.F.);
#3601=ORIENTED_EDGE('',*,*,#5142,.F.);
#3602=ORIENTED_EDGE('',*,*,#5143,.F.);
#3603=ORIENTED_EDGE('',*,*,#5144,.F.);
#3604=ORIENTED_EDGE('',*,*,#5145,.F.);
#3605=ORIENTED_EDGE('',*,*,#5146,.F.);
#3606=ORIENTED_EDGE('',*,*,#5147,.F.);
#3607=ORIENTED_EDGE('',*,*,#5148,.F.);
#3608=ORIENTED_EDGE('',*,*,#5149,.F.);
#3609=ORIENTED_EDGE('',*,*,#5150,.F.);
#3610=ORIENTED_EDGE('',*,*,#5151,.F.);
#3611=ORIENTED_EDGE('',*,*,#5152,.F.);
#3612=ORIENTED_EDGE('',*,*,#5153,.F.);
#3613=ORIENTED_EDGE('',*,*,#5154,.F.);
#3614=ORIENTED_EDGE('',*,*,#5155,.F.);
#3615=ORIENTED_EDGE('',*,*,#5156,.F.);
#3616=ORIENTED_EDGE('',*,*,#5157,.F.);
#3617=ORIENTED_EDGE('',*,*,#4889,.T.);
#3618=ORIENTED_EDGE('',*,*,#5117,.T.);
#3619=ORIENTED_EDGE('',*,*,#4947,.T.);
#3620=ORIENTED_EDGE('',*,*,#4944,.T.);
#3621=ORIENTED_EDGE('',*,*,#4941,.T.);
#3622=ORIENTED_EDGE('',*,*,#4938,.T.);
#3623=ORIENTED_EDGE('',*,*,#4935,.T.);
#3624=ORIENTED_EDGE('',*,*,#4932,.T.);
#3625=ORIENTED_EDGE('',*,*,#4929,.T.);
#3626=ORIENTED_EDGE('',*,*,#4926,.T.);
#3627=ORIENTED_EDGE('',*,*,#4923,.T.);
#3628=ORIENTED_EDGE('',*,*,#4920,.T.);
#3629=ORIENTED_EDGE('',*,*,#4917,.T.);
#3630=ORIENTED_EDGE('',*,*,#4914,.T.);
#3631=ORIENTED_EDGE('',*,*,#4911,.T.);
#3632=ORIENTED_EDGE('',*,*,#4908,.T.);
#3633=ORIENTED_EDGE('',*,*,#4905,.T.);
#3634=ORIENTED_EDGE('',*,*,#4902,.T.);
#3635=ORIENTED_EDGE('',*,*,#4899,.T.);
#3636=ORIENTED_EDGE('',*,*,#4896,.T.);
#3637=ORIENTED_EDGE('',*,*,#4893,.T.);
#3638=ORIENTED_EDGE('',*,*,#4879,.T.);
#3639=ORIENTED_EDGE('',*,*,#5115,.T.);
#3640=ORIENTED_EDGE('',*,*,#4886,.T.);
#3641=ORIENTED_EDGE('',*,*,#4883,.T.);
#3642=ORIENTED_EDGE('',*,*,#4869,.T.);
#3643=ORIENTED_EDGE('',*,*,#5113,.T.);
#3644=ORIENTED_EDGE('',*,*,#4876,.T.);
#3645=ORIENTED_EDGE('',*,*,#4873,.F.);
#3646=ORIENTED_EDGE('',*,*,#4859,.T.);
#3647=ORIENTED_EDGE('',*,*,#5111,.T.);
#3648=ORIENTED_EDGE('',*,*,#4866,.T.);
#3649=ORIENTED_EDGE('',*,*,#4863,.T.);
#3650=ORIENTED_EDGE('',*,*,#4843,.T.);
#3651=ORIENTED_EDGE('',*,*,#5109,.T.);
#3652=ORIENTED_EDGE('',*,*,#4856,.T.);
#3653=ORIENTED_EDGE('',*,*,#4853,.T.);
#3654=ORIENTED_EDGE('',*,*,#4850,.T.);
#3655=ORIENTED_EDGE('',*,*,#4847,.T.);
#3656=ORIENTED_EDGE('',*,*,#4833,.T.);
#3657=ORIENTED_EDGE('',*,*,#5106,.T.);
#3658=ORIENTED_EDGE('',*,*,#4840,.T.);
#3659=ORIENTED_EDGE('',*,*,#4837,.T.);
#3660=ORIENTED_EDGE('',*,*,#4823,.T.);
#3661=ORIENTED_EDGE('',*,*,#5104,.T.);
#3662=ORIENTED_EDGE('',*,*,#4830,.T.);
#3663=ORIENTED_EDGE('',*,*,#4827,.T.);
#3664=ORIENTED_EDGE('',*,*,#4771,.T.);
#3665=ORIENTED_EDGE('',*,*,#5102,.T.);
#3666=ORIENTED_EDGE('',*,*,#4820,.T.);
#3667=ORIENTED_EDGE('',*,*,#4817,.F.);
#3668=ORIENTED_EDGE('',*,*,#4814,.F.);
#3669=ORIENTED_EDGE('',*,*,#4811,.F.);
#3670=ORIENTED_EDGE('',*,*,#4808,.F.);
#3671=ORIENTED_EDGE('',*,*,#4805,.F.);
#3672=ORIENTED_EDGE('',*,*,#4802,.T.);
#3673=ORIENTED_EDGE('',*,*,#4799,.T.);
#3674=ORIENTED_EDGE('',*,*,#4796,.T.);
#3675=ORIENTED_EDGE('',*,*,#4793,.T.);
#3676=ORIENTED_EDGE('',*,*,#4790,.T.);
#3677=ORIENTED_EDGE('',*,*,#4787,.T.);
#3678=ORIENTED_EDGE('',*,*,#4784,.T.);
#3679=ORIENTED_EDGE('',*,*,#4781,.T.);
#3680=ORIENTED_EDGE('',*,*,#4778,.T.);
#3681=ORIENTED_EDGE('',*,*,#4775,.T.);
#3682=ORIENTED_EDGE('',*,*,#4749,.T.);
#3683=ORIENTED_EDGE('',*,*,#5100,.T.);
#3684=ORIENTED_EDGE('',*,*,#4768,.T.);
#3685=ORIENTED_EDGE('',*,*,#4765,.F.);
#3686=ORIENTED_EDGE('',*,*,#4762,.T.);
#3687=ORIENTED_EDGE('',*,*,#4759,.T.);
#3688=ORIENTED_EDGE('',*,*,#4756,.T.);
#3689=ORIENTED_EDGE('',*,*,#4753,.F.);
#3690=ORIENTED_EDGE('',*,*,#4715,.T.);
#3691=ORIENTED_EDGE('',*,*,#5098,.T.);
#3692=ORIENTED_EDGE('',*,*,#4746,.T.);
#3693=ORIENTED_EDGE('',*,*,#4743,.T.);
#3694=ORIENTED_EDGE('',*,*,#4740,.T.);
#3695=ORIENTED_EDGE('',*,*,#4737,.T.);
#3696=ORIENTED_EDGE('',*,*,#4734,.T.);
#3697=ORIENTED_EDGE('',*,*,#4731,.T.);
#3698=ORIENTED_EDGE('',*,*,#4728,.T.);
#3699=ORIENTED_EDGE('',*,*,#4725,.T.);
#3700=ORIENTED_EDGE('',*,*,#4722,.T.);
#3701=ORIENTED_EDGE('',*,*,#4719,.T.);
#3702=ORIENTED_EDGE('',*,*,#5138,.T.);
#3703=ORIENTED_EDGE('',*,*,#5158,.F.);
#3704=ORIENTED_EDGE('',*,*,#5159,.F.);
#3705=ORIENTED_EDGE('',*,*,#5160,.T.);
#3706=ORIENTED_EDGE('',*,*,#5137,.T.);
#3707=ORIENTED_EDGE('',*,*,#5161,.F.);
#3708=ORIENTED_EDGE('',*,*,#5162,.F.);
#3709=ORIENTED_EDGE('',*,*,#5158,.T.);
#3710=ORIENTED_EDGE('',*,*,#5157,.T.);
#3711=ORIENTED_EDGE('',*,*,#5163,.F.);
#3712=ORIENTED_EDGE('',*,*,#5164,.F.);
#3713=ORIENTED_EDGE('',*,*,#5161,.T.);
#3714=ORIENTED_EDGE('',*,*,#5156,.T.);
#3715=ORIENTED_EDGE('',*,*,#5165,.F.);
#3716=ORIENTED_EDGE('',*,*,#5166,.F.);
#3717=ORIENTED_EDGE('',*,*,#5163,.T.);
#3718=ORIENTED_EDGE('',*,*,#5155,.T.);
#3719=ORIENTED_EDGE('',*,*,#5167,.F.);
#3720=ORIENTED_EDGE('',*,*,#5168,.F.);
#3721=ORIENTED_EDGE('',*,*,#5165,.T.);
#3722=ORIENTED_EDGE('',*,*,#5154,.T.);
#3723=ORIENTED_EDGE('',*,*,#5169,.F.);
#3724=ORIENTED_EDGE('',*,*,#5170,.F.);
#3725=ORIENTED_EDGE('',*,*,#5167,.T.);
#3726=ORIENTED_EDGE('',*,*,#5153,.T.);
#3727=ORIENTED_EDGE('',*,*,#5171,.F.);
#3728=ORIENTED_EDGE('',*,*,#5172,.F.);
#3729=ORIENTED_EDGE('',*,*,#5169,.T.);
#3730=ORIENTED_EDGE('',*,*,#5152,.T.);
#3731=ORIENTED_EDGE('',*,*,#5173,.F.);
#3732=ORIENTED_EDGE('',*,*,#5174,.F.);
#3733=ORIENTED_EDGE('',*,*,#5171,.T.);
#3734=ORIENTED_EDGE('',*,*,#5151,.T.);
#3735=ORIENTED_EDGE('',*,*,#5175,.F.);
#3736=ORIENTED_EDGE('',*,*,#5176,.F.);
#3737=ORIENTED_EDGE('',*,*,#5173,.T.);
#3738=ORIENTED_EDGE('',*,*,#5150,.T.);
#3739=ORIENTED_EDGE('',*,*,#5177,.F.);
#3740=ORIENTED_EDGE('',*,*,#5178,.F.);
#3741=ORIENTED_EDGE('',*,*,#5175,.T.);
#3742=ORIENTED_EDGE('',*,*,#5149,.T.);
#3743=ORIENTED_EDGE('',*,*,#5179,.F.);
#3744=ORIENTED_EDGE('',*,*,#5180,.F.);
#3745=ORIENTED_EDGE('',*,*,#5177,.T.);
#3746=ORIENTED_EDGE('',*,*,#5148,.T.);
#3747=ORIENTED_EDGE('',*,*,#5181,.F.);
#3748=ORIENTED_EDGE('',*,*,#5182,.F.);
#3749=ORIENTED_EDGE('',*,*,#5179,.T.);
#3750=ORIENTED_EDGE('',*,*,#5147,.T.);
#3751=ORIENTED_EDGE('',*,*,#5183,.F.);
#3752=ORIENTED_EDGE('',*,*,#5184,.F.);
#3753=ORIENTED_EDGE('',*,*,#5181,.T.);
#3754=ORIENTED_EDGE('',*,*,#5146,.T.);
#3755=ORIENTED_EDGE('',*,*,#5185,.F.);
#3756=ORIENTED_EDGE('',*,*,#5186,.F.);
#3757=ORIENTED_EDGE('',*,*,#5183,.T.);
#3758=ORIENTED_EDGE('',*,*,#5145,.T.);
#3759=ORIENTED_EDGE('',*,*,#5187,.F.);
#3760=ORIENTED_EDGE('',*,*,#5188,.F.);
#3761=ORIENTED_EDGE('',*,*,#5185,.T.);
#3762=ORIENTED_EDGE('',*,*,#5144,.T.);
#3763=ORIENTED_EDGE('',*,*,#5189,.F.);
#3764=ORIENTED_EDGE('',*,*,#5190,.F.);
#3765=ORIENTED_EDGE('',*,*,#5187,.T.);
#3766=ORIENTED_EDGE('',*,*,#5143,.T.);
#3767=ORIENTED_EDGE('',*,*,#5191,.F.);
#3768=ORIENTED_EDGE('',*,*,#5192,.F.);
#3769=ORIENTED_EDGE('',*,*,#5189,.T.);
#3770=ORIENTED_EDGE('',*,*,#5142,.T.);
#3771=ORIENTED_EDGE('',*,*,#5193,.F.);
#3772=ORIENTED_EDGE('',*,*,#5194,.F.);
#3773=ORIENTED_EDGE('',*,*,#5191,.T.);
#3774=ORIENTED_EDGE('',*,*,#5141,.T.);
#3775=ORIENTED_EDGE('',*,*,#5195,.F.);
#3776=ORIENTED_EDGE('',*,*,#5196,.F.);
#3777=ORIENTED_EDGE('',*,*,#5193,.T.);
#3778=ORIENTED_EDGE('',*,*,#5140,.T.);
#3779=ORIENTED_EDGE('',*,*,#5197,.F.);
#3780=ORIENTED_EDGE('',*,*,#5198,.F.);
#3781=ORIENTED_EDGE('',*,*,#5195,.T.);
#3782=ORIENTED_EDGE('',*,*,#5139,.T.);
#3783=ORIENTED_EDGE('',*,*,#5160,.F.);
#3784=ORIENTED_EDGE('',*,*,#5199,.F.);
#3785=ORIENTED_EDGE('',*,*,#5197,.T.);
#3786=ORIENTED_EDGE('',*,*,#5159,.T.);
#3787=ORIENTED_EDGE('',*,*,#5162,.T.);
#3788=ORIENTED_EDGE('',*,*,#5164,.T.);
#3789=ORIENTED_EDGE('',*,*,#5166,.T.);
#3790=ORIENTED_EDGE('',*,*,#5168,.T.);
#3791=ORIENTED_EDGE('',*,*,#5170,.T.);
#3792=ORIENTED_EDGE('',*,*,#5172,.T.);
#3793=ORIENTED_EDGE('',*,*,#5174,.T.);
#3794=ORIENTED_EDGE('',*,*,#5176,.T.);
#3795=ORIENTED_EDGE('',*,*,#5178,.T.);
#3796=ORIENTED_EDGE('',*,*,#5180,.T.);
#3797=ORIENTED_EDGE('',*,*,#5182,.T.);
#3798=ORIENTED_EDGE('',*,*,#5184,.T.);
#3799=ORIENTED_EDGE('',*,*,#5186,.T.);
#3800=ORIENTED_EDGE('',*,*,#5188,.T.);
#3801=ORIENTED_EDGE('',*,*,#5190,.T.);
#3802=ORIENTED_EDGE('',*,*,#5192,.T.);
#3803=ORIENTED_EDGE('',*,*,#5194,.T.);
#3804=ORIENTED_EDGE('',*,*,#5196,.T.);
#3805=ORIENTED_EDGE('',*,*,#5198,.T.);
#3806=ORIENTED_EDGE('',*,*,#5199,.T.);
#3807=ORIENTED_EDGE('',*,*,#5200,.T.);
#3808=ORIENTED_EDGE('',*,*,#4686,.F.);
#3809=ORIENTED_EDGE('',*,*,#5201,.F.);
#3810=ORIENTED_EDGE('',*,*,#4694,.F.);
#3811=ORIENTED_EDGE('',*,*,#5202,.T.);
#3812=ORIENTED_EDGE('',*,*,#4687,.F.);
#3813=ORIENTED_EDGE('',*,*,#5200,.F.);
#3814=ORIENTED_EDGE('',*,*,#4693,.F.);
#3815=ORIENTED_EDGE('',*,*,#5203,.T.);
#3816=ORIENTED_EDGE('',*,*,#4688,.F.);
#3817=ORIENTED_EDGE('',*,*,#5202,.F.);
#3818=ORIENTED_EDGE('',*,*,#4698,.F.);
#3819=ORIENTED_EDGE('',*,*,#5204,.T.);
#3820=ORIENTED_EDGE('',*,*,#4689,.F.);
#3821=ORIENTED_EDGE('',*,*,#5203,.F.);
#3822=ORIENTED_EDGE('',*,*,#4697,.F.);
#3823=ORIENTED_EDGE('',*,*,#5205,.T.);
#3824=ORIENTED_EDGE('',*,*,#4690,.F.);
#3825=ORIENTED_EDGE('',*,*,#5204,.F.);
#3826=ORIENTED_EDGE('',*,*,#4696,.F.);
#3827=ORIENTED_EDGE('',*,*,#5201,.T.);
#3828=ORIENTED_EDGE('',*,*,#4691,.F.);
#3829=ORIENTED_EDGE('',*,*,#5205,.F.);
#3830=ORIENTED_EDGE('',*,*,#4695,.F.);
#3831=ORIENTED_EDGE('',*,*,#5206,.T.);
#3832=ORIENTED_EDGE('',*,*,#5207,.F.);
#3833=ORIENTED_EDGE('',*,*,#5208,.T.);
#3834=ORIENTED_EDGE('',*,*,#5209,.F.);
#3835=ORIENTED_EDGE('',*,*,#5210,.F.);
#3836=ORIENTED_EDGE('',*,*,#5211,.T.);
#3837=ORIENTED_EDGE('',*,*,#5212,.T.);
#3838=ORIENTED_EDGE('',*,*,#5213,.F.);
#3839=ORIENTED_EDGE('',*,*,#5214,.T.);
#3840=ORIENTED_EDGE('',*,*,#5215,.T.);
#3841=ORIENTED_EDGE('',*,*,#5216,.T.);
#3842=ORIENTED_EDGE('',*,*,#5217,.T.);
#3843=ORIENTED_EDGE('',*,*,#5218,.T.);
#3844=ORIENTED_EDGE('',*,*,#5219,.T.);
#3845=ORIENTED_EDGE('',*,*,#5220,.T.);
#3846=ORIENTED_EDGE('',*,*,#5221,.T.);
#3847=ORIENTED_EDGE('',*,*,#5212,.F.);
#3848=ORIENTED_EDGE('',*,*,#5222,.T.);
#3849=ORIENTED_EDGE('',*,*,#5223,.T.);
#3850=ORIENTED_EDGE('',*,*,#5224,.F.);
#3851=ORIENTED_EDGE('',*,*,#5223,.F.);
#3852=ORIENTED_EDGE('',*,*,#5225,.T.);
#3853=ORIENTED_EDGE('',*,*,#5226,.T.);
#3854=ORIENTED_EDGE('',*,*,#5227,.F.);
#3855=ORIENTED_EDGE('',*,*,#5226,.F.);
#3856=ORIENTED_EDGE('',*,*,#5228,.T.);
#3857=ORIENTED_EDGE('',*,*,#5229,.T.);
#3858=ORIENTED_EDGE('',*,*,#5230,.F.);
#3859=ORIENTED_EDGE('',*,*,#5229,.F.);
#3860=ORIENTED_EDGE('',*,*,#5231,.T.);
#3861=ORIENTED_EDGE('',*,*,#5232,.T.);
#3862=ORIENTED_EDGE('',*,*,#5233,.T.);
#3863=ORIENTED_EDGE('',*,*,#5234,.F.);
#3864=ORIENTED_EDGE('',*,*,#5233,.F.);
#3865=ORIENTED_EDGE('',*,*,#5235,.T.);
#3866=ORIENTED_EDGE('',*,*,#5236,.T.);
#3867=ORIENTED_EDGE('',*,*,#5237,.T.);
#3868=ORIENTED_EDGE('',*,*,#5238,.T.);
#3869=ORIENTED_EDGE('',*,*,#5239,.F.);
#3870=ORIENTED_EDGE('',*,*,#5240,.F.);
#3871=ORIENTED_EDGE('',*,*,#5241,.T.);
#3872=ORIENTED_EDGE('',*,*,#5242,.T.);
#3873=ORIENTED_EDGE('',*,*,#5243,.F.);
#3874=ORIENTED_EDGE('',*,*,#5244,.T.);
#3875=ORIENTED_EDGE('',*,*,#5245,.T.);
#3876=ORIENTED_EDGE('',*,*,#5246,.T.);
#3877=ORIENTED_EDGE('',*,*,#5247,.T.);
#3878=ORIENTED_EDGE('',*,*,#5248,.T.);
#3879=ORIENTED_EDGE('',*,*,#5249,.T.);
#3880=ORIENTED_EDGE('',*,*,#5250,.T.);
#3881=ORIENTED_EDGE('',*,*,#5251,.T.);
#3882=ORIENTED_EDGE('',*,*,#5242,.F.);
#3883=ORIENTED_EDGE('',*,*,#5252,.T.);
#3884=ORIENTED_EDGE('',*,*,#5253,.T.);
#3885=ORIENTED_EDGE('',*,*,#5254,.F.);
#3886=ORIENTED_EDGE('',*,*,#5253,.F.);
#3887=ORIENTED_EDGE('',*,*,#5255,.T.);
#3888=ORIENTED_EDGE('',*,*,#5256,.T.);
#3889=ORIENTED_EDGE('',*,*,#5257,.F.);
#3890=ORIENTED_EDGE('',*,*,#5256,.F.);
#3891=ORIENTED_EDGE('',*,*,#5258,.T.);
#3892=ORIENTED_EDGE('',*,*,#5210,.T.);
#3893=ORIENTED_EDGE('',*,*,#5259,.F.);
#3894=ORIENTED_EDGE('',*,*,#5237,.F.);
#3895=ORIENTED_EDGE('',*,*,#5260,.F.);
#3896=ORIENTED_EDGE('',*,*,#5261,.F.);
#3897=ORIENTED_EDGE('',*,*,#5262,.F.);
#3898=ORIENTED_EDGE('',*,*,#5263,.F.);
#3899=ORIENTED_EDGE('',*,*,#5264,.F.);
#3900=ORIENTED_EDGE('',*,*,#5265,.F.);
#3901=ORIENTED_EDGE('',*,*,#5266,.F.);
#3902=ORIENTED_EDGE('',*,*,#5267,.F.);
#3903=ORIENTED_EDGE('',*,*,#5268,.F.);
#3904=ORIENTED_EDGE('',*,*,#5269,.F.);
#3905=ORIENTED_EDGE('',*,*,#5270,.F.);
#3906=ORIENTED_EDGE('',*,*,#5271,.F.);
#3907=ORIENTED_EDGE('',*,*,#5272,.F.);
#3908=ORIENTED_EDGE('',*,*,#5273,.F.);
#3909=ORIENTED_EDGE('',*,*,#5274,.F.);
#3910=ORIENTED_EDGE('',*,*,#5238,.F.);
#3911=ORIENTED_EDGE('',*,*,#5273,.T.);
#3912=ORIENTED_EDGE('',*,*,#5275,.T.);
#3913=ORIENTED_EDGE('',*,*,#5276,.F.);
#3914=ORIENTED_EDGE('',*,*,#5275,.F.);
#3915=ORIENTED_EDGE('',*,*,#5272,.T.);
#3916=ORIENTED_EDGE('',*,*,#5277,.T.);
#3917=ORIENTED_EDGE('',*,*,#5278,.F.);
#3918=ORIENTED_EDGE('',*,*,#5277,.F.);
#3919=ORIENTED_EDGE('',*,*,#5271,.T.);
#3920=ORIENTED_EDGE('',*,*,#5279,.T.);
#3921=ORIENTED_EDGE('',*,*,#5280,.F.);
#3922=ORIENTED_EDGE('',*,*,#5279,.F.);
#3923=ORIENTED_EDGE('',*,*,#5270,.T.);
#3924=ORIENTED_EDGE('',*,*,#5281,.T.);
#3925=ORIENTED_EDGE('',*,*,#5282,.F.);
#3926=ORIENTED_EDGE('',*,*,#5281,.F.);
#3927=ORIENTED_EDGE('',*,*,#5269,.T.);
#3928=ORIENTED_EDGE('',*,*,#5283,.T.);
#3929=ORIENTED_EDGE('',*,*,#5284,.F.);
#3930=ORIENTED_EDGE('',*,*,#5283,.F.);
#3931=ORIENTED_EDGE('',*,*,#5268,.T.);
#3932=ORIENTED_EDGE('',*,*,#5285,.T.);
#3933=ORIENTED_EDGE('',*,*,#5286,.F.);
#3934=ORIENTED_EDGE('',*,*,#5285,.F.);
#3935=ORIENTED_EDGE('',*,*,#5267,.T.);
#3936=ORIENTED_EDGE('',*,*,#5287,.T.);
#3937=ORIENTED_EDGE('',*,*,#5288,.F.);
#3938=ORIENTED_EDGE('',*,*,#5287,.F.);
#3939=ORIENTED_EDGE('',*,*,#5266,.T.);
#3940=ORIENTED_EDGE('',*,*,#5289,.T.);
#3941=ORIENTED_EDGE('',*,*,#5290,.F.);
#3942=ORIENTED_EDGE('',*,*,#5289,.F.);
#3943=ORIENTED_EDGE('',*,*,#5265,.T.);
#3944=ORIENTED_EDGE('',*,*,#5291,.T.);
#3945=ORIENTED_EDGE('',*,*,#5292,.F.);
#3946=ORIENTED_EDGE('',*,*,#5291,.F.);
#3947=ORIENTED_EDGE('',*,*,#5264,.T.);
#3948=ORIENTED_EDGE('',*,*,#5293,.T.);
#3949=ORIENTED_EDGE('',*,*,#5294,.F.);
#3950=ORIENTED_EDGE('',*,*,#5293,.F.);
#3951=ORIENTED_EDGE('',*,*,#5263,.T.);
#3952=ORIENTED_EDGE('',*,*,#5295,.T.);
#3953=ORIENTED_EDGE('',*,*,#5296,.F.);
#3954=ORIENTED_EDGE('',*,*,#5295,.F.);
#3955=ORIENTED_EDGE('',*,*,#5262,.T.);
#3956=ORIENTED_EDGE('',*,*,#5297,.T.);
#3957=ORIENTED_EDGE('',*,*,#5298,.F.);
#3958=ORIENTED_EDGE('',*,*,#5297,.F.);
#3959=ORIENTED_EDGE('',*,*,#5261,.T.);
#3960=ORIENTED_EDGE('',*,*,#5299,.T.);
#3961=ORIENTED_EDGE('',*,*,#5300,.F.);
#3962=ORIENTED_EDGE('',*,*,#5240,.T.);
#3963=ORIENTED_EDGE('',*,*,#5301,.F.);
#3964=ORIENTED_EDGE('',*,*,#5299,.F.);
#3965=ORIENTED_EDGE('',*,*,#5260,.T.);
#3966=ORIENTED_EDGE('',*,*,#5236,.F.);
#3967=ORIENTED_EDGE('',*,*,#5302,.T.);
#3968=ORIENTED_EDGE('',*,*,#5303,.F.);
#3969=ORIENTED_EDGE('',*,*,#5304,.F.);
#3970=ORIENTED_EDGE('',*,*,#5213,.T.);
#3971=ORIENTED_EDGE('',*,*,#5224,.T.);
#3972=ORIENTED_EDGE('',*,*,#5227,.T.);
#3973=ORIENTED_EDGE('',*,*,#5230,.T.);
#3974=ORIENTED_EDGE('',*,*,#5234,.T.);
#3975=ORIENTED_EDGE('',*,*,#5239,.T.);
#3976=ORIENTED_EDGE('',*,*,#5274,.T.);
#3977=ORIENTED_EDGE('',*,*,#5276,.T.);
#3978=ORIENTED_EDGE('',*,*,#5278,.T.);
#3979=ORIENTED_EDGE('',*,*,#5280,.T.);
#3980=ORIENTED_EDGE('',*,*,#5282,.T.);
#3981=ORIENTED_EDGE('',*,*,#5284,.T.);
#3982=ORIENTED_EDGE('',*,*,#5286,.T.);
#3983=ORIENTED_EDGE('',*,*,#5288,.T.);
#3984=ORIENTED_EDGE('',*,*,#5290,.T.);
#3985=ORIENTED_EDGE('',*,*,#5292,.T.);
#3986=ORIENTED_EDGE('',*,*,#5294,.T.);
#3987=ORIENTED_EDGE('',*,*,#5296,.T.);
#3988=ORIENTED_EDGE('',*,*,#5298,.T.);
#3989=ORIENTED_EDGE('',*,*,#5301,.T.);
#3990=ORIENTED_EDGE('',*,*,#5243,.T.);
#3991=ORIENTED_EDGE('',*,*,#5254,.T.);
#3992=ORIENTED_EDGE('',*,*,#5257,.T.);
#3993=ORIENTED_EDGE('',*,*,#5259,.T.);
#3994=ORIENTED_EDGE('',*,*,#5258,.F.);
#3995=ORIENTED_EDGE('',*,*,#5255,.F.);
#3996=ORIENTED_EDGE('',*,*,#5305,.T.);
#3997=ORIENTED_EDGE('',*,*,#5211,.F.);
#3998=ORIENTED_EDGE('',*,*,#5306,.F.);
#3999=ORIENTED_EDGE('',*,*,#5307,.F.);
#4000=ORIENTED_EDGE('',*,*,#5308,.F.);
#4001=ORIENTED_EDGE('',*,*,#5305,.F.);
#4002=ORIENTED_EDGE('',*,*,#5252,.F.);
#4003=ORIENTED_EDGE('',*,*,#5309,.T.);
#4004=ORIENTED_EDGE('',*,*,#5231,.F.);
#4005=ORIENTED_EDGE('',*,*,#5228,.F.);
#4006=ORIENTED_EDGE('',*,*,#5225,.F.);
#4007=ORIENTED_EDGE('',*,*,#5222,.F.);
#4008=ORIENTED_EDGE('',*,*,#5309,.F.);
#4009=ORIENTED_EDGE('',*,*,#5241,.F.);
#4010=ORIENTED_EDGE('',*,*,#5300,.T.);
#4011=ORIENTED_EDGE('',*,*,#5235,.F.);
#4012=ORIENTED_EDGE('',*,*,#5232,.F.);
#4013=ORIENTED_EDGE('',*,*,#5310,.T.);
#4014=ORIENTED_EDGE('',*,*,#5208,.F.);
#4015=ORIENTED_EDGE('',*,*,#5308,.T.);
#4016=ORIENTED_EDGE('',*,*,#5310,.F.);
#4017=ORIENTED_EDGE('',*,*,#5311,.T.);
#4018=ORIENTED_EDGE('',*,*,#5206,.F.);
#4019=ORIENTED_EDGE('',*,*,#5307,.T.);
#4020=ORIENTED_EDGE('',*,*,#5311,.F.);
#4021=ORIENTED_EDGE('',*,*,#5306,.T.);
#4022=ORIENTED_EDGE('',*,*,#5302,.F.);
#4023=ORIENTED_EDGE('',*,*,#5312,.T.);
#4024=ORIENTED_EDGE('',*,*,#5313,.T.);
#4025=ORIENTED_EDGE('',*,*,#5314,.T.);
#4026=ORIENTED_EDGE('',*,*,#5315,.T.);
#4027=ORIENTED_EDGE('',*,*,#5316,.T.);
#4028=ORIENTED_EDGE('',*,*,#5317,.T.);
#4029=ORIENTED_EDGE('',*,*,#5318,.T.);
#4030=ORIENTED_EDGE('',*,*,#5319,.T.);
#4031=ORIENTED_EDGE('',*,*,#5320,.T.);
#4032=ORIENTED_EDGE('',*,*,#5321,.T.);
#4033=ORIENTED_EDGE('',*,*,#5322,.T.);
#4034=ORIENTED_EDGE('',*,*,#5323,.T.);
#4035=ORIENTED_EDGE('',*,*,#5324,.T.);
#4036=ORIENTED_EDGE('',*,*,#5325,.T.);
#4037=ORIENTED_EDGE('',*,*,#5326,.T.);
#4038=ORIENTED_EDGE('',*,*,#5327,.T.);
#4039=ORIENTED_EDGE('',*,*,#5328,.T.);
#4040=ORIENTED_EDGE('',*,*,#5329,.T.);
#4041=ORIENTED_EDGE('',*,*,#5330,.T.);
#4042=ORIENTED_EDGE('',*,*,#5331,.T.);
#4043=ORIENTED_EDGE('',*,*,#5332,.T.);
#4044=ORIENTED_EDGE('',*,*,#5333,.T.);
#4045=ORIENTED_EDGE('',*,*,#5334,.T.);
#4046=ORIENTED_EDGE('',*,*,#5335,.T.);
#4047=ORIENTED_EDGE('',*,*,#5336,.T.);
#4048=ORIENTED_EDGE('',*,*,#5337,.T.);
#4049=ORIENTED_EDGE('',*,*,#5338,.T.);
#4050=ORIENTED_EDGE('',*,*,#5339,.T.);
#4051=ORIENTED_EDGE('',*,*,#5340,.T.);
#4052=ORIENTED_EDGE('',*,*,#5341,.T.);
#4053=ORIENTED_EDGE('',*,*,#5342,.T.);
#4054=ORIENTED_EDGE('',*,*,#5343,.T.);
#4055=ORIENTED_EDGE('',*,*,#5344,.T.);
#4056=ORIENTED_EDGE('',*,*,#5345,.T.);
#4057=ORIENTED_EDGE('',*,*,#5346,.T.);
#4058=ORIENTED_EDGE('',*,*,#5347,.T.);
#4059=ORIENTED_EDGE('',*,*,#5348,.T.);
#4060=ORIENTED_EDGE('',*,*,#5349,.T.);
#4061=ORIENTED_EDGE('',*,*,#5350,.T.);
#4062=ORIENTED_EDGE('',*,*,#5351,.T.);
#4063=ORIENTED_EDGE('',*,*,#5304,.T.);
#4064=ORIENTED_EDGE('',*,*,#5352,.T.);
#4065=ORIENTED_EDGE('',*,*,#5353,.T.);
#4066=ORIENTED_EDGE('',*,*,#5352,.F.);
#4067=ORIENTED_EDGE('',*,*,#5209,.T.);
#4068=ORIENTED_EDGE('',*,*,#5353,.F.);
#4069=ORIENTED_EDGE('',*,*,#5303,.T.);
#4070=ORIENTED_EDGE('',*,*,#5354,.T.);
#4071=ORIENTED_EDGE('',*,*,#5355,.T.);
#4072=ORIENTED_EDGE('',*,*,#5354,.F.);
#4073=ORIENTED_EDGE('',*,*,#5207,.T.);
#4074=ORIENTED_EDGE('',*,*,#5355,.F.);
#4075=ORIENTED_EDGE('',*,*,#5356,.F.);
#4076=ORIENTED_EDGE('',*,*,#5351,.F.);
#4077=ORIENTED_EDGE('',*,*,#5357,.F.);
#4078=ORIENTED_EDGE('',*,*,#5336,.F.);
#4079=ORIENTED_EDGE('',*,*,#5358,.F.);
#4080=ORIENTED_EDGE('',*,*,#5356,.T.);
#4081=ORIENTED_EDGE('',*,*,#5359,.F.);
#4082=ORIENTED_EDGE('',*,*,#5360,.F.);
#4083=ORIENTED_EDGE('',*,*,#5357,.T.);
#4084=ORIENTED_EDGE('',*,*,#5361,.F.);
#4085=ORIENTED_EDGE('',*,*,#5359,.T.);
#4086=ORIENTED_EDGE('',*,*,#5339,.F.);
#4087=ORIENTED_EDGE('',*,*,#5362,.F.);
#4088=ORIENTED_EDGE('',*,*,#5343,.F.);
#4089=ORIENTED_EDGE('',*,*,#5358,.T.);
#4090=ORIENTED_EDGE('',*,*,#5342,.F.);
#4091=ORIENTED_EDGE('',*,*,#5363,.F.);
#4092=ORIENTED_EDGE('',*,*,#5348,.F.);
#4093=ORIENTED_EDGE('',*,*,#5364,.F.);
#4094=ORIENTED_EDGE('',*,*,#5349,.F.);
#4095=ORIENTED_EDGE('',*,*,#5365,.F.);
#4096=ORIENTED_EDGE('',*,*,#5250,.F.);
#4097=ORIENTED_EDGE('',*,*,#5361,.T.);
#4098=ORIENTED_EDGE('',*,*,#5350,.F.);
#4099=ORIENTED_EDGE('',*,*,#5366,.F.);
#4100=ORIENTED_EDGE('',*,*,#5332,.F.);
#4101=ORIENTED_EDGE('',*,*,#5360,.T.);
#4102=ORIENTED_EDGE('',*,*,#5335,.F.);
#4103=ORIENTED_EDGE('',*,*,#5367,.F.);
#4104=ORIENTED_EDGE('',*,*,#5337,.F.);
#4105=ORIENTED_EDGE('',*,*,#5368,.F.);
#4106=ORIENTED_EDGE('',*,*,#5338,.F.);
#4107=ORIENTED_EDGE('',*,*,#5369,.F.);
#4108=ORIENTED_EDGE('',*,*,#5347,.F.);
#4109=ORIENTED_EDGE('',*,*,#5362,.T.);
#4110=ORIENTED_EDGE('',*,*,#5368,.T.);
#4111=ORIENTED_EDGE('',*,*,#5370,.F.);
#4112=ORIENTED_EDGE('',*,*,#5365,.T.);
#4113=ORIENTED_EDGE('',*,*,#5363,.T.);
#4114=ORIENTED_EDGE('',*,*,#5371,.F.);
#4115=ORIENTED_EDGE('',*,*,#5251,.F.);
#4116=ORIENTED_EDGE('',*,*,#5364,.T.);
#4117=ORIENTED_EDGE('',*,*,#5249,.F.);
#4118=ORIENTED_EDGE('',*,*,#5372,.F.);
#4119=ORIENTED_EDGE('',*,*,#5366,.T.);
#4120=ORIENTED_EDGE('',*,*,#5369,.T.);
#4121=ORIENTED_EDGE('',*,*,#5367,.T.);
#4122=ORIENTED_EDGE('',*,*,#5373,.F.);
#4123=ORIENTED_EDGE('',*,*,#5370,.T.);
#4124=ORIENTED_EDGE('',*,*,#5346,.F.);
#4125=ORIENTED_EDGE('',*,*,#5374,.F.);
#4126=ORIENTED_EDGE('',*,*,#5340,.F.);
#4127=ORIENTED_EDGE('',*,*,#5371,.T.);
#4128=ORIENTED_EDGE('',*,*,#5341,.F.);
#4129=ORIENTED_EDGE('',*,*,#5375,.F.);
#4130=ORIENTED_EDGE('',*,*,#5244,.F.);
#4131=ORIENTED_EDGE('',*,*,#5372,.T.);
#4132=ORIENTED_EDGE('',*,*,#5248,.F.);
#4133=ORIENTED_EDGE('',*,*,#5376,.F.);
#4134=ORIENTED_EDGE('',*,*,#5333,.F.);
#4135=ORIENTED_EDGE('',*,*,#5373,.T.);
#4136=ORIENTED_EDGE('',*,*,#5334,.F.);
#4137=ORIENTED_EDGE('',*,*,#5377,.F.);
#4138=ORIENTED_EDGE('',*,*,#5344,.F.);
#4139=ORIENTED_EDGE('',*,*,#5375,.T.);
#4140=ORIENTED_EDGE('',*,*,#5374,.T.);
#4141=ORIENTED_EDGE('',*,*,#5378,.F.);
#4142=ORIENTED_EDGE('',*,*,#5245,.F.);
#4143=ORIENTED_EDGE('',*,*,#5376,.T.);
#4144=ORIENTED_EDGE('',*,*,#5247,.F.);
#4145=ORIENTED_EDGE('',*,*,#5379,.F.);
#4146=ORIENTED_EDGE('',*,*,#5377,.T.);
#4147=ORIENTED_EDGE('',*,*,#5378,.T.);
#4148=ORIENTED_EDGE('',*,*,#5345,.F.);
#4149=ORIENTED_EDGE('',*,*,#5379,.T.);
#4150=ORIENTED_EDGE('',*,*,#5246,.F.);
#4151=ORIENTED_EDGE('',*,*,#5380,.F.);
#4152=ORIENTED_EDGE('',*,*,#5315,.F.);
#4153=ORIENTED_EDGE('',*,*,#5381,.F.);
#4154=ORIENTED_EDGE('',*,*,#5321,.F.);
#4155=ORIENTED_EDGE('',*,*,#5382,.F.);
#4156=ORIENTED_EDGE('',*,*,#5380,.T.);
#4157=ORIENTED_EDGE('',*,*,#5383,.F.);
#4158=ORIENTED_EDGE('',*,*,#5384,.F.);
#4159=ORIENTED_EDGE('',*,*,#5381,.T.);
#4160=ORIENTED_EDGE('',*,*,#5385,.F.);
#4161=ORIENTED_EDGE('',*,*,#5383,.T.);
#4162=ORIENTED_EDGE('',*,*,#5320,.F.);
#4163=ORIENTED_EDGE('',*,*,#5386,.F.);
#4164=ORIENTED_EDGE('',*,*,#5327,.F.);
#4165=ORIENTED_EDGE('',*,*,#5382,.T.);
#4166=ORIENTED_EDGE('',*,*,#5326,.F.);
#4167=ORIENTED_EDGE('',*,*,#5387,.F.);
#4168=ORIENTED_EDGE('',*,*,#5312,.F.);
#4169=ORIENTED_EDGE('',*,*,#5388,.F.);
#4170=ORIENTED_EDGE('',*,*,#5313,.F.);
#4171=ORIENTED_EDGE('',*,*,#5389,.F.);
#4172=ORIENTED_EDGE('',*,*,#5216,.F.);
#4173=ORIENTED_EDGE('',*,*,#5385,.T.);
#4174=ORIENTED_EDGE('',*,*,#5314,.F.);
#4175=ORIENTED_EDGE('',*,*,#5390,.F.);
#4176=ORIENTED_EDGE('',*,*,#5328,.F.);
#4177=ORIENTED_EDGE('',*,*,#5384,.T.);
#4178=ORIENTED_EDGE('',*,*,#5331,.F.);
#4179=ORIENTED_EDGE('',*,*,#5391,.F.);
#4180=ORIENTED_EDGE('',*,*,#5322,.F.);
#4181=ORIENTED_EDGE('',*,*,#5392,.F.);
#4182=ORIENTED_EDGE('',*,*,#5323,.F.);
#4183=ORIENTED_EDGE('',*,*,#5393,.F.);
#4184=ORIENTED_EDGE('',*,*,#5319,.F.);
#4185=ORIENTED_EDGE('',*,*,#5386,.T.);
#4186=ORIENTED_EDGE('',*,*,#5392,.T.);
#4187=ORIENTED_EDGE('',*,*,#5394,.F.);
#4188=ORIENTED_EDGE('',*,*,#5389,.T.);
#4189=ORIENTED_EDGE('',*,*,#5387,.T.);
#4190=ORIENTED_EDGE('',*,*,#5395,.F.);
#4191=ORIENTED_EDGE('',*,*,#5217,.F.);
#4192=ORIENTED_EDGE('',*,*,#5388,.T.);
#4193=ORIENTED_EDGE('',*,*,#5215,.F.);
#4194=ORIENTED_EDGE('',*,*,#5396,.F.);
#4195=ORIENTED_EDGE('',*,*,#5390,.T.);
#4196=ORIENTED_EDGE('',*,*,#5393,.T.);
#4197=ORIENTED_EDGE('',*,*,#5391,.T.);
#4198=ORIENTED_EDGE('',*,*,#5397,.F.);
#4199=ORIENTED_EDGE('',*,*,#5394,.T.);
#4200=ORIENTED_EDGE('',*,*,#5318,.F.);
#4201=ORIENTED_EDGE('',*,*,#5398,.F.);
#4202=ORIENTED_EDGE('',*,*,#5324,.F.);
#4203=ORIENTED_EDGE('',*,*,#5395,.T.);
#4204=ORIENTED_EDGE('',*,*,#5325,.F.);
#4205=ORIENTED_EDGE('',*,*,#5399,.F.);
#4206=ORIENTED_EDGE('',*,*,#5218,.F.);
#4207=ORIENTED_EDGE('',*,*,#5396,.T.);
#4208=ORIENTED_EDGE('',*,*,#5214,.F.);
#4209=ORIENTED_EDGE('',*,*,#5400,.F.);
#4210=ORIENTED_EDGE('',*,*,#5329,.F.);
#4211=ORIENTED_EDGE('',*,*,#5397,.T.);
#4212=ORIENTED_EDGE('',*,*,#5330,.F.);
#4213=ORIENTED_EDGE('',*,*,#5401,.F.);
#4214=ORIENTED_EDGE('',*,*,#5316,.F.);
#4215=ORIENTED_EDGE('',*,*,#5399,.T.);
#4216=ORIENTED_EDGE('',*,*,#5398,.T.);
#4217=ORIENTED_EDGE('',*,*,#5402,.F.);
#4218=ORIENTED_EDGE('',*,*,#5219,.F.);
#4219=ORIENTED_EDGE('',*,*,#5400,.T.);
#4220=ORIENTED_EDGE('',*,*,#5221,.F.);
#4221=ORIENTED_EDGE('',*,*,#5403,.F.);
#4222=ORIENTED_EDGE('',*,*,#5401,.T.);
#4223=ORIENTED_EDGE('',*,*,#5402,.T.);
#4224=ORIENTED_EDGE('',*,*,#5317,.F.);
#4225=ORIENTED_EDGE('',*,*,#5403,.T.);
#4226=ORIENTED_EDGE('',*,*,#5220,.F.);
#4227=EDGE_CURVE('',#5404,#5405,#6202,.T.);
#4228=EDGE_CURVE('',#5404,#5406,#1817,.T.);
#4229=EDGE_CURVE('',#5406,#5407,#281,.T.);
#4230=EDGE_CURVE('',#5407,#5408,#1818,.T.);
#4231=EDGE_CURVE('',#5409,#5408,#6203,.T.);
#4232=EDGE_CURVE('',#5409,#5410,#1819,.T.);
#4233=EDGE_CURVE('',#5410,#5411,#282,.T.);
#4234=EDGE_CURVE('',#5411,#5405,#1820,.T.);
#4235=EDGE_CURVE('',#5412,#5413,#283,.T.);
#4236=EDGE_CURVE('',#5413,#5414,#284,.T.);
#4237=EDGE_CURVE('',#5415,#5414,#285,.T.);
#4238=EDGE_CURVE('',#5416,#5415,#286,.T.);
#4239=EDGE_CURVE('',#5417,#5416,#6204,.T.);
#4240=EDGE_CURVE('',#5418,#5417,#287,.T.);
#4241=EDGE_CURVE('',#5419,#5418,#288,.T.);
#4242=EDGE_CURVE('',#5419,#5420,#289,.T.);
#4243=EDGE_CURVE('',#5421,#5420,#290,.T.);
#4244=EDGE_CURVE('',#5422,#5421,#291,.T.);
#4245=EDGE_CURVE('',#5423,#5422,#292,.T.);
#4246=EDGE_CURVE('',#5424,#5423,#293,.T.);
#4247=EDGE_CURVE('',#5425,#5424,#294,.T.);
#4248=EDGE_CURVE('',#5426,#5425,#295,.T.);
#4249=EDGE_CURVE('',#5427,#5426,#296,.T.);
#4250=EDGE_CURVE('',#5428,#5427,#297,.T.);
#4251=EDGE_CURVE('',#5429,#5428,#298,.T.);
#4252=EDGE_CURVE('',#5430,#5429,#299,.T.);
#4253=EDGE_CURVE('',#5431,#5430,#300,.T.);
#4254=EDGE_CURVE('',#5432,#5431,#301,.T.);
#4255=EDGE_CURVE('',#5433,#5432,#302,.T.);
#4256=EDGE_CURVE('',#5434,#5433,#303,.T.);
#4257=EDGE_CURVE('',#5435,#5434,#304,.T.);
#4258=EDGE_CURVE('',#5436,#5435,#305,.T.);
#4259=EDGE_CURVE('',#5437,#5436,#306,.T.);
#4260=EDGE_CURVE('',#5438,#5437,#307,.T.);
#4261=EDGE_CURVE('',#5439,#5438,#308,.T.);
#4262=EDGE_CURVE('',#5440,#5439,#309,.T.);
#4263=EDGE_CURVE('',#5441,#5440,#310,.T.);
#4264=EDGE_CURVE('',#5441,#5442,#311,.T.);
#4265=EDGE_CURVE('',#5442,#5443,#312,.T.);
#4266=EDGE_CURVE('',#5444,#5443,#313,.T.);
#4267=EDGE_CURVE('',#5445,#5444,#6205,.T.);
#4268=EDGE_CURVE('',#5412,#5445,#314,.T.);
#4269=EDGE_CURVE('',#5446,#5447,#6206,.F.);
#4270=EDGE_CURVE('',#5448,#5446,#315,.T.);
#4271=EDGE_CURVE('',#5449,#5448,#6207,.F.);
#4272=EDGE_CURVE('',#5450,#5449,#316,.T.);
#4273=EDGE_CURVE('',#5451,#5450,#6208,.F.);
#4274=EDGE_CURVE('',#5452,#5451,#317,.T.);
#4275=EDGE_CURVE('',#5453,#5452,#6209,.F.);
#4276=EDGE_CURVE('',#5447,#5453,#318,.T.);
#4277=EDGE_CURVE('',#5454,#5455,#6210,.T.);
#4278=EDGE_CURVE('',#5454,#5404,#1821,.T.);
#4279=EDGE_CURVE('',#5405,#5455,#1822,.T.);
#4280=EDGE_CURVE('',#5456,#5457,#6211,.T.);
#4281=EDGE_CURVE('',#5456,#5409,#1823,.T.);
#4282=EDGE_CURVE('',#5408,#5457,#1824,.T.);
#4283=EDGE_CURVE('',#5458,#5458,#6212,.T.);
#4284=EDGE_CURVE('',#5459,#5460,#6213,.T.);
#4285=EDGE_CURVE('',#5460,#5461,#6214,.T.);
#4286=EDGE_CURVE('',#5461,#5462,#6215,.T.);
#4287=EDGE_CURVE('',#5462,#5459,#6216,.T.);
#4288=EDGE_CURVE('',#5459,#5454,#6217,.T.);
#4289=EDGE_CURVE('',#5455,#5460,#6218,.F.);
#4290=EDGE_CURVE('',#5461,#5456,#6219,.T.);
#4291=EDGE_CURVE('',#5457,#5462,#6220,.F.);
#4292=EDGE_CURVE('',#5463,#5463,#6221,.T.);
#4293=EDGE_CURVE('',#5464,#5464,#6222,.F.);
#4294=EDGE_CURVE('',#5465,#5465,#6223,.T.);
#4295=EDGE_CURVE('',#5466,#5466,#6224,.F.);
#4296=EDGE_CURVE('',#5467,#5467,#6225,.T.);
#4297=EDGE_CURVE('',#5468,#5469,#65,.T.);
#4298=EDGE_CURVE('',#5469,#5470,#66,.T.);
#4299=EDGE_CURVE('',#5470,#5471,#67,.T.);
#4300=EDGE_CURVE('',#5471,#5468,#1825,.T.);
#4301=EDGE_CURVE('',#5472,#5472,#6226,.T.);
#4302=EDGE_CURVE('',#5469,#5473,#68,.F.);
#4303=EDGE_CURVE('',#5473,#5474,#1826,.T.);
#4304=EDGE_CURVE('',#5474,#5470,#69,.F.);
#4305=EDGE_CURVE('',#5470,#5469,#70,.F.);
#4306=EDGE_CURVE('',#5475,#5475,#6227,.T.);
#4307=EDGE_CURVE('',#5476,#5477,#71,.T.);
#4308=EDGE_CURVE('',#5477,#5478,#72,.T.);
#4309=EDGE_CURVE('',#5478,#5479,#73,.T.);
#4310=EDGE_CURVE('',#5479,#5476,#1827,.T.);
#4311=EDGE_CURVE('',#5480,#5480,#6228,.T.);
#4312=EDGE_CURVE('',#5477,#5481,#74,.F.);
#4313=EDGE_CURVE('',#5481,#5482,#1828,.T.);
#4314=EDGE_CURVE('',#5482,#5478,#75,.F.);
#4315=EDGE_CURVE('',#5478,#5477,#76,.F.);
#4316=EDGE_CURVE('',#5483,#5484,#319,.T.);
#4317=EDGE_CURVE('',#5484,#5485,#320,.T.);
#4318=EDGE_CURVE('',#5485,#5486,#321,.T.);
#4319=EDGE_CURVE('',#5486,#5487,#322,.T.);
#4320=EDGE_CURVE('',#5487,#5488,#323,.T.);
#4321=EDGE_CURVE('',#5488,#5489,#324,.T.);
#4322=EDGE_CURVE('',#5489,#5490,#325,.T.);
#4323=EDGE_CURVE('',#5490,#5491,#326,.T.);
#4324=EDGE_CURVE('',#5491,#5492,#327,.T.);
#4325=EDGE_CURVE('',#5492,#5493,#328,.T.);
#4326=EDGE_CURVE('',#5493,#5494,#329,.T.);
#4327=EDGE_CURVE('',#5494,#5495,#330,.T.);
#4328=EDGE_CURVE('',#5495,#5496,#331,.T.);
#4329=EDGE_CURVE('',#5496,#5497,#332,.T.);
#4330=EDGE_CURVE('',#5497,#5498,#333,.T.);
#4331=EDGE_CURVE('',#5498,#5499,#334,.T.);
#4332=EDGE_CURVE('',#5499,#5500,#335,.T.);
#4333=EDGE_CURVE('',#5500,#5501,#336,.T.);
#4334=EDGE_CURVE('',#5501,#5502,#337,.T.);
#4335=EDGE_CURVE('',#5502,#5503,#338,.T.);
#4336=EDGE_CURVE('',#5503,#5504,#339,.T.);
#4337=EDGE_CURVE('',#5504,#5505,#340,.T.);
#4338=EDGE_CURVE('',#5505,#5506,#341,.T.);
#4339=EDGE_CURVE('',#5506,#5507,#342,.T.);
#4340=EDGE_CURVE('',#5507,#5508,#6229,.T.);
#4341=EDGE_CURVE('',#5508,#5509,#343,.T.);
#4342=EDGE_CURVE('',#5509,#5510,#344,.T.);
#4343=EDGE_CURVE('',#5510,#5511,#345,.T.);
#4344=EDGE_CURVE('',#5512,#5511,#346,.T.);
#4345=EDGE_CURVE('',#5512,#5513,#347,.T.);
#4346=EDGE_CURVE('',#5513,#5514,#6230,.T.);
#4347=EDGE_CURVE('',#5514,#5515,#348,.T.);
#4348=EDGE_CURVE('',#5516,#5515,#349,.T.);
#4349=EDGE_CURVE('',#5516,#5483,#350,.T.);
#4350=EDGE_CURVE('',#5517,#5518,#351,.T.);
#4351=EDGE_CURVE('',#5518,#5519,#352,.T.);
#4352=EDGE_CURVE('',#5519,#5520,#353,.T.);
#4353=EDGE_CURVE('',#5520,#5521,#6231,.T.);
#4354=EDGE_CURVE('',#5521,#5522,#354,.T.);
#4355=EDGE_CURVE('',#5522,#5517,#6232,.T.);
#4356=EDGE_CURVE('',#5523,#5524,#355,.T.);
#4357=EDGE_CURVE('',#5525,#5524,#356,.T.);
#4358=EDGE_CURVE('',#5525,#5526,#357,.T.);
#4359=EDGE_CURVE('',#5526,#5527,#6233,.T.);
#4360=EDGE_CURVE('',#5527,#5528,#358,.T.);
#4361=EDGE_CURVE('',#5528,#5523,#6234,.T.);
#4362=EDGE_CURVE('',#5441,#5518,#359,.T.);
#4363=EDGE_CURVE('',#5517,#5442,#360,.T.);
#4364=EDGE_CURVE('',#5525,#5420,#361,.T.);
#4365=EDGE_CURVE('',#5526,#5419,#362,.T.);
#4366=EDGE_CURVE('',#5519,#5483,#363,.T.);
#4367=EDGE_CURVE('',#5516,#5520,#364,.T.);
#4368=EDGE_CURVE('',#5504,#5524,#365,.T.);
#4369=EDGE_CURVE('',#5505,#5523,#366,.T.);
#4370=EDGE_CURVE('',#5529,#5509,#6235,.T.);
#4371=EDGE_CURVE('',#5530,#5529,#367,.T.);
#4372=EDGE_CURVE('',#5530,#5531,#1829,.T.);
#4373=EDGE_CURVE('',#5532,#5531,#6236,.T.);
#4374=EDGE_CURVE('',#5532,#5533,#368,.T.);
#4375=EDGE_CURVE('',#5533,#5510,#6237,.T.);
#4376=EDGE_CURVE('',#5506,#5534,#6238,.T.);
#4377=EDGE_CURVE('',#5505,#5535,#6239,.F.);
#4378=EDGE_CURVE('',#5535,#5536,#369,.T.);
#4379=EDGE_CURVE('',#5537,#5536,#6240,.T.);
#4380=EDGE_CURVE('',#5537,#5538,#1830,.T.);
#4381=EDGE_CURVE('',#5534,#5538,#370,.T.);
#4382=EDGE_CURVE('',#5415,#5539,#6241,.T.);
#4383=EDGE_CURVE('',#5414,#5540,#6242,.T.);
#4384=EDGE_CURVE('',#5541,#5540,#371,.T.);
#4385=EDGE_CURVE('',#5542,#5541,#6243,.T.);
#4386=EDGE_CURVE('',#5542,#5543,#1831,.T.);
#4387=EDGE_CURVE('',#5539,#5543,#372,.F.);
#4388=EDGE_CURVE('',#5544,#5418,#6244,.T.);
#4389=EDGE_CURVE('',#5545,#5544,#373,.F.);
#4390=EDGE_CURVE('',#5545,#5546,#1832,.T.);
#4391=EDGE_CURVE('',#5547,#5546,#6245,.T.);
#4392=EDGE_CURVE('',#5548,#5547,#374,.T.);
#4393=EDGE_CURVE('',#5548,#5419,#6246,.F.);
#4394=EDGE_CURVE('',#5549,#5549,#6247,.T.);
#4395=EDGE_CURVE('',#5550,#5550,#6248,.T.);
#4396=EDGE_CURVE('',#5541,#5532,#375,.T.);
#4397=EDGE_CURVE('',#5540,#5533,#376,.T.);
#4398=EDGE_CURVE('',#5547,#5536,#377,.T.);
#4399=EDGE_CURVE('',#5535,#5548,#378,.T.);
#4400=EDGE_CURVE('',#5551,#5552,#6249,.T.);
#4401=EDGE_CURVE('',#5551,#5553,#1833,.T.);
#4402=EDGE_CURVE('',#5554,#5553,#379,.F.);
#4403=EDGE_CURVE('',#5512,#5554,#6250,.T.);
#4404=EDGE_CURVE('',#5511,#5555,#6251,.T.);
#4405=EDGE_CURVE('',#5552,#5555,#380,.T.);
#4406=EDGE_CURVE('',#5556,#5515,#6252,.T.);
#4407=EDGE_CURVE('',#5557,#5556,#381,.F.);
#4408=EDGE_CURVE('',#5557,#5558,#1834,.T.);
#4409=EDGE_CURVE('',#5559,#5558,#6253,.T.);
#4410=EDGE_CURVE('',#5560,#5559,#382,.T.);
#4411=EDGE_CURVE('',#5560,#5516,#6254,.F.);
#4412=EDGE_CURVE('',#5561,#5561,#6255,.T.);
#4413=EDGE_CURVE('',#5562,#5562,#6256,.T.);
#4414=EDGE_CURVE('',#5563,#5552,#383,.T.);
#4415=EDGE_CURVE('',#5555,#5564,#384,.T.);
#4416=EDGE_CURVE('',#5563,#5564,#385,.T.);
#4417=EDGE_CURVE('',#5565,#5559,#386,.T.);
#4418=EDGE_CURVE('',#5566,#5565,#387,.T.);
#4419=EDGE_CURVE('',#5566,#5560,#388,.T.);
#4420=EDGE_CURVE('',#5563,#5567,#6257,.T.);
#4421=EDGE_CURVE('',#5564,#5413,#6258,.T.);
#4422=EDGE_CURVE('',#5568,#5412,#6259,.T.);
#4423=EDGE_CURVE('',#5569,#5568,#389,.T.);
#4424=EDGE_CURVE('',#5569,#5567,#1835,.T.);
#4425=EDGE_CURVE('',#5443,#5570,#6260,.T.);
#4426=EDGE_CURVE('',#5442,#5566,#6261,.F.);
#4427=EDGE_CURVE('',#5571,#5565,#6262,.T.);
#4428=EDGE_CURVE('',#5571,#5572,#1836,.T.);
#4429=EDGE_CURVE('',#5570,#5572,#390,.T.);
#4430=EDGE_CURVE('',#5573,#5573,#6263,.T.);
#4431=EDGE_CURVE('',#5574,#5574,#6264,.T.);
#4432=EDGE_CURVE('',#5575,#5576,#6265,.F.);
#4433=EDGE_CURVE('',#5576,#5577,#391,.F.);
#4434=EDGE_CURVE('',#5577,#5578,#6266,.F.);
#4435=EDGE_CURVE('',#5578,#5579,#392,.F.);
#4436=EDGE_CURVE('',#5579,#5580,#6267,.F.);
#4437=EDGE_CURVE('',#5580,#5581,#393,.F.);
#4438=EDGE_CURVE('',#5581,#5582,#6268,.F.);
#4439=EDGE_CURVE('',#5582,#5575,#394,.F.);
#4440=EDGE_CURVE('',#5560,#5521,#395,.T.);
#4441=EDGE_CURVE('',#5522,#5566,#396,.T.);
#4442=EDGE_CURVE('',#5527,#5548,#397,.T.);
#4443=EDGE_CURVE('',#5535,#5528,#398,.T.);
#4444=EDGE_CURVE('',#5581,#5413,#6269,.T.);
#4445=EDGE_CURVE('',#5414,#5580,#6270,.T.);
#4446=EDGE_CURVE('',#5540,#5579,#6271,.T.);
#4447=EDGE_CURVE('',#5582,#5564,#6272,.T.);
#4448=EDGE_CURVE('',#5533,#5578,#6273,.T.);
#4449=EDGE_CURVE('',#5575,#5555,#6274,.T.);
#4450=EDGE_CURVE('',#5510,#5577,#6275,.T.);
#4451=EDGE_CURVE('',#5576,#5511,#6276,.T.);
#4452=EDGE_CURVE('',#5567,#5551,#399,.T.);
#4453=EDGE_CURVE('',#5569,#5553,#400,.T.);
#4454=EDGE_CURVE('',#5568,#5554,#401,.T.);
#4455=EDGE_CURVE('',#5570,#5556,#402,.T.);
#4456=EDGE_CURVE('',#5572,#5557,#403,.T.);
#4457=EDGE_CURVE('',#5571,#5558,#404,.T.);
#4458=EDGE_CURVE('',#5445,#5513,#405,.T.);
#4459=EDGE_CURVE('',#5444,#5514,#406,.T.);
#4460=EDGE_CURVE('',#5544,#5534,#407,.T.);
#4461=EDGE_CURVE('',#5417,#5507,#408,.T.);
#4462=EDGE_CURVE('',#5416,#5508,#409,.T.);
#4463=EDGE_CURVE('',#5539,#5529,#410,.T.);
#4464=EDGE_CURVE('',#5543,#5530,#411,.T.);
#4465=EDGE_CURVE('',#5542,#5531,#412,.T.);
#4466=EDGE_CURVE('',#5546,#5537,#413,.T.);
#4467=EDGE_CURVE('',#5545,#5538,#414,.T.);
#4468=EDGE_CURVE('',#5440,#5484,#415,.T.);
#4469=EDGE_CURVE('',#5439,#5485,#416,.T.);
#4470=EDGE_CURVE('',#5438,#5486,#417,.T.);
#4471=EDGE_CURVE('',#5437,#5487,#418,.T.);
#4472=EDGE_CURVE('',#5436,#5488,#419,.T.);
#4473=EDGE_CURVE('',#5435,#5489,#420,.T.);
#4474=EDGE_CURVE('',#5434,#5490,#421,.T.);
#4475=EDGE_CURVE('',#5433,#5491,#422,.T.);
#4476=EDGE_CURVE('',#5432,#5492,#423,.T.);
#4477=EDGE_CURVE('',#5431,#5493,#424,.T.);
#4478=EDGE_CURVE('',#5430,#5494,#425,.T.);
#4479=EDGE_CURVE('',#5429,#5495,#426,.T.);
#4480=EDGE_CURVE('',#5428,#5496,#427,.T.);
#4481=EDGE_CURVE('',#5427,#5497,#428,.T.);
#4482=EDGE_CURVE('',#5426,#5498,#429,.T.);
#4483=EDGE_CURVE('',#5425,#5499,#430,.T.);
#4484=EDGE_CURVE('',#5424,#5500,#431,.T.);
#4485=EDGE_CURVE('',#5423,#5501,#432,.T.);
#4486=EDGE_CURVE('',#5422,#5502,#433,.T.);
#4487=EDGE_CURVE('',#5421,#5503,#434,.T.);
#4488=EDGE_CURVE('',#5583,#5583,#6277,.T.);
#4489=EDGE_CURVE('',#5584,#5584,#6278,.T.);
#4490=EDGE_CURVE('',#5585,#5585,#6279,.T.);
#4491=EDGE_CURVE('',#5586,#5586,#6280,.T.);
#4492=EDGE_CURVE('',#5587,#5587,#6281,.T.);
#4493=EDGE_CURVE('',#5588,#5588,#6282,.T.);
#4494=EDGE_CURVE('',#5589,#5589,#6283,.T.);
#4495=EDGE_CURVE('',#5590,#5590,#6284,.T.);
#4496=EDGE_CURVE('',#5476,#5481,#6285,.T.);
#4497=EDGE_CURVE('',#5482,#5479,#6286,.T.);
#4498=EDGE_CURVE('',#5592,#5592,#6287,.T.);
#4499=EDGE_CURVE('',#5468,#5473,#6288,.T.);
#4500=EDGE_CURVE('',#5474,#5471,#6289,.T.);
#4501=EDGE_CURVE('',#5594,#5594,#6290,.T.);
#4502=EDGE_CURVE('',#5595,#5595,#6291,.T.);
#4503=EDGE_CURVE('',#5596,#5596,#6292,.T.);
#4504=EDGE_CURVE('',#5597,#5597,#6293,.T.);
#4505=EDGE_CURVE('',#5598,#5598,#6294,.T.);
#4506=EDGE_CURVE('',#5599,#5599,#6295,.T.);
#4507=EDGE_CURVE('',#5600,#5600,#6296,.T.);
#4508=EDGE_CURVE('',#5601,#5601,#6297,.T.);
#4509=EDGE_CURVE('',#5602,#5602,#6298,.T.);
#4510=EDGE_CURVE('',#5603,#5603,#6299,.T.);
#4511=EDGE_CURVE('',#5604,#5604,#6300,.T.);
#4512=EDGE_CURVE('',#5605,#5605,#6301,.T.);
#4513=EDGE_CURVE('',#5606,#5606,#6302,.T.);
#4514=EDGE_CURVE('',#5607,#5607,#6303,.T.);
#4515=EDGE_CURVE('',#5410,#5608,#1837,.T.);
#4516=EDGE_CURVE('',#5608,#5609,#6304,.T.);
#4517=EDGE_CURVE('',#5609,#5411,#1838,.T.);
#4518=EDGE_CURVE('',#5406,#5610,#1839,.T.);
#4519=EDGE_CURVE('',#5610,#5611,#6305,.T.);
#4520=EDGE_CURVE('',#5611,#5407,#1840,.T.);
#4521=EDGE_CURVE('',#5447,#5612,#435,.T.);
#4522=EDGE_CURVE('',#5613,#5612,#6306,.T.);
#4523=EDGE_CURVE('',#5446,#5613,#436,.T.);
#4524=EDGE_CURVE('',#5453,#5614,#437,.T.);
#4525=EDGE_CURVE('',#5612,#5614,#438,.T.);
#4526=EDGE_CURVE('',#5452,#5615,#439,.T.);
#4527=EDGE_CURVE('',#5614,#5615,#6307,.T.);
#4528=EDGE_CURVE('',#5451,#5616,#440,.T.);
#4529=EDGE_CURVE('',#5615,#5616,#441,.T.);
#4530=EDGE_CURVE('',#5450,#5617,#442,.T.);
#4531=EDGE_CURVE('',#5616,#5617,#6308,.T.);
#4532=EDGE_CURVE('',#5449,#5618,#443,.T.);
#4533=EDGE_CURVE('',#5617,#5618,#444,.T.);
#4534=EDGE_CURVE('',#5448,#5619,#445,.T.);
#4535=EDGE_CURVE('',#5618,#5619,#6309,.T.);
#4536=EDGE_CURVE('',#5619,#5613,#446,.T.);
#4537=EDGE_CURVE('',#5455,#5609,#6310,.T.);
#4538=EDGE_CURVE('',#5460,#5609,#6311,.T.);
#4539=EDGE_CURVE('',#5461,#5608,#6312,.T.);
#4540=EDGE_CURVE('',#5456,#5608,#6313,.T.);
#4541=EDGE_CURVE('',#5457,#5611,#6314,.T.);
#4542=EDGE_CURVE('',#5462,#5611,#6315,.T.);
#4543=EDGE_CURVE('',#5459,#5610,#6316,.T.);
#4544=EDGE_CURVE('',#5454,#5610,#6317,.T.);
#4545=EDGE_CURVE('',#5620,#5620,#6318,.F.);
#4546=EDGE_CURVE('',#5621,#5621,#6319,.T.);
#4547=EDGE_CURVE('',#5622,#5622,#6320,.T.);
#4548=EDGE_CURVE('',#5623,#5623,#6321,.F.);
#4549=EDGE_CURVE('',#5624,#5624,#6322,.T.);
#4550=EDGE_CURVE('',#5625,#5625,#6323,.T.);
#4551=EDGE_CURVE('',#5626,#5626,#6324,.F.);
#4552=EDGE_CURVE('',#5627,#5627,#6325,.F.);
#4553=EDGE_CURVE('',#5628,#5628,#6326,.F.);
#4554=EDGE_CURVE('',#5629,#5629,#6327,.F.);
#4555=EDGE_CURVE('',#5630,#5630,#6328,.F.);
#4556=EDGE_CURVE('',#5631,#5631,#6329,.T.);
#4557=EDGE_CURVE('',#5632,#5633,#6330,.T.);
#4558=EDGE_CURVE('',#5634,#5632,#447,.T.);
#4559=EDGE_CURVE('',#5635,#5634,#6331,.T.);
#4560=EDGE_CURVE('',#5633,#5635,#448,.T.);
#4561=EDGE_CURVE('',#5636,#5637,#449,.T.);
#4562=EDGE_CURVE('',#5636,#5638,#6332,.T.);
#4563=EDGE_CURVE('',#5639,#5638,#450,.F.);
#4564=EDGE_CURVE('',#5637,#5639,#6333,.T.);
#4565=EDGE_CURVE('',#5640,#5641,#451,.F.);
#4566=EDGE_CURVE('',#5642,#5640,#6334,.T.);
#4567=EDGE_CURVE('',#5643,#5642,#452,.T.);
#4568=EDGE_CURVE('',#5643,#5641,#6335,.T.);
#4569=EDGE_CURVE('',#5637,#5644,#1841,.T.);
#4570=EDGE_CURVE('',#5645,#5639,#1842,.T.);
#4571=EDGE_CURVE('',#5644,#5645,#6336,.T.);
#4572=EDGE_CURVE('',#5644,#5640,#1843,.T.);
#4573=EDGE_CURVE('',#5645,#5644,#6337,.T.);
#4574=EDGE_CURVE('',#5642,#5645,#1844,.T.);
#4575=EDGE_CURVE('',#5646,#5646,#6338,.T.);
#4576=EDGE_CURVE('',#5647,#5648,#453,.T.);
#4577=EDGE_CURVE('',#5649,#5648,#6339,.T.);
#4578=EDGE_CURVE('',#5649,#5650,#454,.T.);
#4579=EDGE_CURVE('',#5651,#5650,#6340,.T.);
#4580=EDGE_CURVE('',#5651,#5652,#455,.T.);
#4581=EDGE_CURVE('',#5653,#5652,#6341,.T.);
#4582=EDGE_CURVE('',#5653,#5654,#456,.T.);
#4583=EDGE_CURVE('',#5655,#5654,#6342,.T.);
#4584=EDGE_CURVE('',#5655,#5656,#457,.T.);
#4585=EDGE_CURVE('',#5657,#5656,#6343,.T.);
#4586=EDGE_CURVE('',#5657,#5658,#458,.T.);
#4587=EDGE_CURVE('',#5647,#5658,#6344,.T.);
#4588=EDGE_CURVE('',#5659,#5648,#1845,.T.);
#4589=EDGE_CURVE('',#5660,#5659,#6345,.T.);
#4590=EDGE_CURVE('',#5649,#5660,#1846,.T.);
#4591=EDGE_CURVE('',#5647,#5661,#1847,.T.);
#4592=EDGE_CURVE('',#5662,#5658,#1848,.T.);
#4593=EDGE_CURVE('',#5661,#5662,#6346,.T.);
#4594=EDGE_CURVE('',#5657,#5663,#1849,.T.);
#4595=EDGE_CURVE('',#5664,#5656,#1850,.T.);
#4596=EDGE_CURVE('',#5663,#5664,#6347,.T.);
#4597=EDGE_CURVE('',#5655,#5665,#1851,.T.);
#4598=EDGE_CURVE('',#5666,#5654,#1852,.T.);
#4599=EDGE_CURVE('',#5665,#5666,#6348,.T.);
#4600=EDGE_CURVE('',#5653,#5667,#1853,.T.);
#4601=EDGE_CURVE('',#5668,#5652,#1854,.T.);
#4602=EDGE_CURVE('',#5667,#5668,#6349,.T.);
#4603=EDGE_CURVE('',#5651,#5669,#1855,.T.);
#4604=EDGE_CURVE('',#5670,#5650,#1856,.T.);
#4605=EDGE_CURVE('',#5669,#5670,#6350,.T.);
#4606=EDGE_CURVE('',#5661,#5671,#459,.T.);
#4607=EDGE_CURVE('',#5672,#5662,#460,.F.);
#4608=EDGE_CURVE('',#5671,#5672,#6351,.T.);
#4609=EDGE_CURVE('',#5673,#5659,#461,.F.);
#4610=EDGE_CURVE('',#5674,#5673,#6352,.T.);
#4611=EDGE_CURVE('',#5660,#5674,#462,.T.);
#4612=EDGE_CURVE('',#5663,#5675,#463,.T.);
#4613=EDGE_CURVE('',#5676,#5664,#464,.F.);
#4614=EDGE_CURVE('',#5675,#5676,#6353,.T.);
#4615=EDGE_CURVE('',#5665,#5677,#465,.T.);
#4616=EDGE_CURVE('',#5678,#5666,#466,.F.);
#4617=EDGE_CURVE('',#5677,#5678,#6354,.T.);
#4618=EDGE_CURVE('',#5667,#5679,#467,.T.);
#4619=EDGE_CURVE('',#5680,#5668,#468,.F.);
#4620=EDGE_CURVE('',#5679,#5680,#6355,.T.);
#4621=EDGE_CURVE('',#5669,#5681,#469,.T.);
#4622=EDGE_CURVE('',#5682,#5670,#470,.F.);
#4623=EDGE_CURVE('',#5681,#5682,#6356,.T.);
#4624=EDGE_CURVE('',#5683,#5683,#6357,.T.);
#4625=EDGE_CURVE('',#5684,#5684,#6358,.T.);
#4626=EDGE_CURVE('',#5685,#5685,#6359,.T.);
#4627=EDGE_CURVE('',#5686,#5686,#6360,.T.);
#4628=EDGE_CURVE('',#5687,#5687,#6361,.T.);
#4629=EDGE_CURVE('',#5688,#5688,#6362,.T.);
#4630=EDGE_CURVE('',#5689,#5689,#6363,.T.);
#4631=EDGE_CURVE('',#5690,#5690,#6364,.T.);
#4632=EDGE_CURVE('',#5691,#5691,#6365,.T.);
#4633=EDGE_CURVE('',#5692,#5692,#6366,.T.);
#4634=EDGE_CURVE('',#5693,#5693,#6367,.T.);
#4635=EDGE_CURVE('',#5694,#5694,#6368,.T.);
#4636=EDGE_CURVE('',#5695,#5695,#6369,.T.);
#4637=EDGE_CURVE('',#5696,#5696,#6370,.T.);
#4638=EDGE_CURVE('',#5697,#5697,#6371,.T.);
#4639=EDGE_CURVE('',#5698,#5698,#6372,.T.);
#4640=EDGE_CURVE('',#5699,#5699,#6373,.T.);
#4641=EDGE_CURVE('',#5700,#5700,#6374,.T.);
#4642=EDGE_CURVE('',#5701,#5701,#6375,.T.);
#4643=EDGE_CURVE('',#5702,#5702,#6376,.T.);
#4644=EDGE_CURVE('',#5703,#5703,#6377,.T.);
#4645=EDGE_CURVE('',#5704,#5704,#6378,.T.);
#4646=EDGE_CURVE('',#5705,#5705,#6379,.T.);
#4647=EDGE_CURVE('',#5706,#5706,#6380,.T.);
#4648=EDGE_CURVE('',#5707,#5707,#6381,.T.);
#4649=EDGE_CURVE('',#5708,#5708,#6382,.T.);
#4650=EDGE_CURVE('',#5671,#5673,#471,.T.);
#4651=EDGE_CURVE('',#5675,#5672,#472,.T.);
#4652=EDGE_CURVE('',#5677,#5676,#473,.T.);
#4653=EDGE_CURVE('',#5679,#5678,#474,.T.);
#4654=EDGE_CURVE('',#5681,#5680,#475,.T.);
#4655=EDGE_CURVE('',#5674,#5682,#476,.T.);
#4656=EDGE_CURVE('',#5709,#5709,#6383,.T.);
#4657=EDGE_CURVE('',#5710,#5710,#6384,.T.);
#4658=EDGE_CURVE('',#5711,#5711,#6385,.T.);
#4659=EDGE_CURVE('',#5712,#5712,#6386,.T.);
#4660=EDGE_CURVE('',#5641,#5636,#477,.T.);
#4661=EDGE_CURVE('',#5638,#5643,#478,.T.);
#4662=EDGE_CURVE('',#5713,#5713,#6387,.T.);
#4663=EDGE_CURVE('',#5714,#5714,#6388,.T.);
#4664=EDGE_CURVE('',#5715,#5715,#6389,.T.);
#4665=EDGE_CURVE('',#5716,#5633,#479,.T.);
#4666=EDGE_CURVE('',#5717,#5716,#6390,.T.);
#4667=EDGE_CURVE('',#5717,#5632,#480,.T.);
#4668=EDGE_CURVE('',#5718,#5635,#481,.T.);
#4669=EDGE_CURVE('',#5716,#5718,#482,.T.);
#4670=EDGE_CURVE('',#5719,#5634,#483,.T.);
#4671=EDGE_CURVE('',#5718,#5719,#6391,.T.);
#4672=EDGE_CURVE('',#5719,#5717,#484,.T.);
#4673=EDGE_CURVE('',#5720,#5720,#6392,.T.);
#4674=EDGE_CURVE('',#5721,#5721,#6393,.T.);
#4675=EDGE_CURVE('',#5722,#5722,#6394,.T.);
#4676=EDGE_CURVE('',#5723,#5723,#6395,.T.);
#4677=EDGE_CURVE('',#5724,#5724,#6396,.T.);
#4678=EDGE_CURVE('',#5725,#5726,#6397,.T.);
#4679=EDGE_CURVE('',#5727,#5725,#485,.T.);
#4680=EDGE_CURVE('',#5728,#5727,#6398,.T.);
#4681=EDGE_CURVE('',#5729,#5728,#486,.T.);
#4682=EDGE_CURVE('',#5730,#5729,#6399,.T.);
#4683=EDGE_CURVE('',#5731,#5730,#487,.T.);
#4684=EDGE_CURVE('',#5732,#5731,#6400,.T.);
#4685=EDGE_CURVE('',#5726,#5732,#488,.T.);
#4686=EDGE_CURVE('',#5733,#5734,#489,.T.);
#4687=EDGE_CURVE('',#5734,#5735,#490,.T.);
#4688=EDGE_CURVE('',#5735,#5736,#491,.T.);
#4689=EDGE_CURVE('',#5736,#5737,#492,.T.);
#4690=EDGE_CURVE('',#5737,#5738,#493,.T.);
#4691=EDGE_CURVE('',#5738,#5733,#494,.T.);
#4692=EDGE_CURVE('',#5739,#5739,#6401,.F.);
#4693=EDGE_CURVE('',#5740,#5741,#495,.T.);
#4694=EDGE_CURVE('',#5741,#5742,#496,.T.);
#4695=EDGE_CURVE('',#5742,#5743,#497,.T.);
#4696=EDGE_CURVE('',#5743,#5744,#498,.T.);
#4697=EDGE_CURVE('',#5744,#5745,#499,.T.);
#4698=EDGE_CURVE('',#5745,#5740,#500,.T.);
#4699=EDGE_CURVE('',#5746,#5726,#501,.T.);
#4700=EDGE_CURVE('',#5747,#5746,#6402,.T.);
#4701=EDGE_CURVE('',#5747,#5725,#502,.T.);
#4702=EDGE_CURVE('',#5748,#5732,#503,.T.);
#4703=EDGE_CURVE('',#5746,#5748,#504,.T.);
#4704=EDGE_CURVE('',#5749,#5731,#505,.T.);
#4705=EDGE_CURVE('',#5748,#5749,#6403,.T.);
#4706=EDGE_CURVE('',#5750,#5730,#506,.T.);
#4707=EDGE_CURVE('',#5749,#5750,#507,.T.);
#4708=EDGE_CURVE('',#5751,#5729,#508,.T.);
#4709=EDGE_CURVE('',#5750,#5751,#6404,.T.);
#4710=EDGE_CURVE('',#5752,#5728,#509,.T.);
#4711=EDGE_CURVE('',#5751,#5752,#510,.T.);
#4712=EDGE_CURVE('',#5753,#5727,#511,.T.);
#4713=EDGE_CURVE('',#5752,#5753,#6405,.T.);
#4714=EDGE_CURVE('',#5753,#5747,#512,.T.);
#4715=EDGE_CURVE('',#5754,#5755,#513,.T.);
#4716=EDGE_CURVE('',#5756,#5754,#514,.T.);
#4717=EDGE_CURVE('',#5756,#5757,#515,.T.);
#4718=EDGE_CURVE('',#5757,#5755,#516,.T.);
#4719=EDGE_CURVE('',#5758,#5754,#517,.T.);
#4720=EDGE_CURVE('',#5759,#5758,#518,.T.);
#4721=EDGE_CURVE('',#5759,#5756,#519,.T.);
#4722=EDGE_CURVE('',#5760,#5758,#520,.T.);
#4723=EDGE_CURVE('',#5761,#5760,#521,.T.);
#4724=EDGE_CURVE('',#5761,#5759,#522,.T.);
#4725=EDGE_CURVE('',#5762,#5760,#523,.T.);
#4726=EDGE_CURVE('',#5763,#5762,#524,.T.);
#4727=EDGE_CURVE('',#5763,#5761,#525,.T.);
#4728=EDGE_CURVE('',#5764,#5762,#526,.T.);
#4729=EDGE_CURVE('',#5765,#5764,#527,.T.);
#4730=EDGE_CURVE('',#5765,#5763,#528,.T.);
#4731=EDGE_CURVE('',#5766,#5764,#529,.T.);
#4732=EDGE_CURVE('',#5767,#5766,#530,.T.);
#4733=EDGE_CURVE('',#5767,#5765,#531,.T.);
#4734=EDGE_CURVE('',#5768,#5766,#532,.T.);
#4735=EDGE_CURVE('',#5769,#5768,#533,.T.);
#4736=EDGE_CURVE('',#5769,#5767,#534,.T.);
#4737=EDGE_CURVE('',#5770,#5768,#535,.T.);
#4738=EDGE_CURVE('',#5771,#5770,#536,.T.);
#4739=EDGE_CURVE('',#5771,#5769,#537,.T.);
#4740=EDGE_CURVE('',#5772,#5770,#538,.T.);
#4741=EDGE_CURVE('',#5773,#5772,#539,.T.);
#4742=EDGE_CURVE('',#5773,#5771,#540,.T.);
#4743=EDGE_CURVE('',#5774,#5772,#541,.T.);
#4744=EDGE_CURVE('',#5775,#5774,#542,.T.);
#4745=EDGE_CURVE('',#5775,#5773,#543,.T.);
#4746=EDGE_CURVE('',#5776,#5774,#544,.T.);
#4747=EDGE_CURVE('',#5777,#5776,#545,.T.);
#4748=EDGE_CURVE('',#5777,#5775,#546,.T.);
#4749=EDGE_CURVE('',#5778,#5779,#547,.T.);
#4750=EDGE_CURVE('',#5780,#5778,#548,.T.);
#4751=EDGE_CURVE('',#5780,#5781,#549,.T.);
#4752=EDGE_CURVE('',#5781,#5779,#550,.T.);
#4753=EDGE_CURVE('',#5778,#5782,#6406,.T.);
#4754=EDGE_CURVE('',#5783,#5782,#551,.T.);
#4755=EDGE_CURVE('',#5780,#5783,#6407,.T.);
#4756=EDGE_CURVE('',#5784,#5782,#552,.T.);
#4757=EDGE_CURVE('',#5785,#5784,#553,.T.);
#4758=EDGE_CURVE('',#5785,#5783,#554,.T.);
#4759=EDGE_CURVE('',#5786,#5784,#555,.T.);
#4760=EDGE_CURVE('',#5787,#5786,#556,.T.);
#4761=EDGE_CURVE('',#5787,#5785,#557,.T.);
#4762=EDGE_CURVE('',#5788,#5786,#558,.T.);
#4763=EDGE_CURVE('',#5789,#5788,#559,.T.);
#4764=EDGE_CURVE('',#5789,#5787,#560,.T.);
#4765=EDGE_CURVE('',#5788,#5790,#6408,.T.);
#4766=EDGE_CURVE('',#5791,#5790,#561,.T.);
#4767=EDGE_CURVE('',#5789,#5791,#6409,.T.);
#4768=EDGE_CURVE('',#5792,#5790,#562,.T.);
#4769=EDGE_CURVE('',#5793,#5792,#563,.T.);
#4770=EDGE_CURVE('',#5793,#5791,#564,.T.);
#4771=EDGE_CURVE('',#5794,#5795,#565,.T.);
#4772=EDGE_CURVE('',#5796,#5794,#566,.T.);
#4773=EDGE_CURVE('',#5796,#5797,#567,.T.);
#4774=EDGE_CURVE('',#5797,#5795,#568,.T.);
#4775=EDGE_CURVE('',#5798,#5794,#569,.T.);
#4776=EDGE_CURVE('',#5799,#5798,#570,.T.);
#4777=EDGE_CURVE('',#5799,#5796,#571,.T.);
#4778=EDGE_CURVE('',#5800,#5798,#572,.T.);
#4779=EDGE_CURVE('',#5801,#5800,#573,.T.);
#4780=EDGE_CURVE('',#5801,#5799,#574,.T.);
#4781=EDGE_CURVE('',#5802,#5800,#6410,.T.);
#4782=EDGE_CURVE('',#5803,#5802,#575,.T.);
#4783=EDGE_CURVE('',#5803,#5801,#6411,.T.);
#4784=EDGE_CURVE('',#5804,#5802,#576,.T.);
#4785=EDGE_CURVE('',#5805,#5804,#577,.T.);
#4786=EDGE_CURVE('',#5805,#5803,#578,.T.);
#4787=EDGE_CURVE('',#5806,#5804,#6412,.T.);
#4788=EDGE_CURVE('',#5807,#5806,#579,.T.);
#4789=EDGE_CURVE('',#5807,#5805,#6413,.T.);
#4790=EDGE_CURVE('',#5808,#5806,#6414,.T.);
#4791=EDGE_CURVE('',#5809,#5808,#580,.T.);
#4792=EDGE_CURVE('',#5809,#5807,#6415,.T.);
#4793=EDGE_CURVE('',#5810,#5808,#6416,.T.);
#4794=EDGE_CURVE('',#5811,#5810,#581,.T.);
#4795=EDGE_CURVE('',#5811,#5809,#6417,.T.);
#4796=EDGE_CURVE('',#5812,#5810,#582,.T.);
#4797=EDGE_CURVE('',#5813,#5812,#583,.T.);
#4798=EDGE_CURVE('',#5813,#5811,#584,.T.);
#4799=EDGE_CURVE('',#5814,#5812,#585,.T.);
#4800=EDGE_CURVE('',#5815,#5814,#586,.T.);
#4801=EDGE_CURVE('',#5815,#5813,#587,.T.);
#4802=EDGE_CURVE('',#5816,#5814,#588,.T.);
#4803=EDGE_CURVE('',#5817,#5816,#589,.T.);
#4804=EDGE_CURVE('',#5817,#5815,#590,.T.);
#4805=EDGE_CURVE('',#5816,#5818,#6418,.T.);
#4806=EDGE_CURVE('',#5819,#5818,#591,.T.);
#4807=EDGE_CURVE('',#5817,#5819,#6419,.T.);
#4808=EDGE_CURVE('',#5818,#5820,#6420,.T.);
#4809=EDGE_CURVE('',#5821,#5820,#592,.T.);
#4810=EDGE_CURVE('',#5819,#5821,#6421,.T.);
#4811=EDGE_CURVE('',#5820,#5822,#6422,.T.);
#4812=EDGE_CURVE('',#5823,#5822,#593,.T.);
#4813=EDGE_CURVE('',#5821,#5823,#6423,.T.);
#4814=EDGE_CURVE('',#5822,#5824,#6424,.T.);
#4815=EDGE_CURVE('',#5825,#5824,#594,.T.);
#4816=EDGE_CURVE('',#5823,#5825,#6425,.T.);
#4817=EDGE_CURVE('',#5824,#5826,#6426,.T.);
#4818=EDGE_CURVE('',#5827,#5826,#595,.T.);
#4819=EDGE_CURVE('',#5825,#5827,#6427,.T.);
#4820=EDGE_CURVE('',#5828,#5826,#596,.T.);
#4821=EDGE_CURVE('',#5829,#5828,#597,.T.);
#4822=EDGE_CURVE('',#5829,#5827,#598,.T.);
#4823=EDGE_CURVE('',#5830,#5831,#599,.T.);
#4824=EDGE_CURVE('',#5832,#5830,#600,.T.);
#4825=EDGE_CURVE('',#5832,#5833,#601,.T.);
#4826=EDGE_CURVE('',#5833,#5831,#602,.T.);
#4827=EDGE_CURVE('',#5834,#5830,#603,.T.);
#4828=EDGE_CURVE('',#5835,#5834,#604,.T.);
#4829=EDGE_CURVE('',#5835,#5832,#605,.T.);
#4830=EDGE_CURVE('',#5836,#5834,#606,.T.);
#4831=EDGE_CURVE('',#5837,#5836,#607,.T.);
#4832=EDGE_CURVE('',#5837,#5835,#608,.T.);
#4833=EDGE_CURVE('',#5838,#5839,#609,.T.);
#4834=EDGE_CURVE('',#5840,#5838,#610,.T.);
#4835=EDGE_CURVE('',#5840,#5841,#611,.T.);
#4836=EDGE_CURVE('',#5841,#5839,#612,.T.);
#4837=EDGE_CURVE('',#5842,#5838,#613,.T.);
#4838=EDGE_CURVE('',#5843,#5842,#614,.T.);
#4839=EDGE_CURVE('',#5843,#5840,#615,.T.);
#4840=EDGE_CURVE('',#5844,#5842,#616,.T.);
#4841=EDGE_CURVE('',#5845,#5844,#617,.T.);
#4842=EDGE_CURVE('',#5845,#5843,#618,.T.);
#4843=EDGE_CURVE('',#5846,#5847,#619,.T.);
#4844=EDGE_CURVE('',#5848,#5846,#620,.T.);
#4845=EDGE_CURVE('',#5848,#5849,#621,.T.);
#4846=EDGE_CURVE('',#5849,#5847,#622,.T.);
#4847=EDGE_CURVE('',#5850,#5846,#623,.T.);
#4848=EDGE_CURVE('',#5851,#5850,#624,.T.);
#4849=EDGE_CURVE('',#5851,#5848,#625,.T.);
#4850=EDGE_CURVE('',#5852,#5850,#626,.T.);
#4851=EDGE_CURVE('',#5853,#5852,#627,.T.);
#4852=EDGE_CURVE('',#5853,#5851,#628,.T.);
#4853=EDGE_CURVE('',#5854,#5852,#629,.T.);
#4854=EDGE_CURVE('',#5855,#5854,#630,.T.);
#4855=EDGE_CURVE('',#5855,#5853,#631,.T.);
#4856=EDGE_CURVE('',#5856,#5854,#632,.T.);
#4857=EDGE_CURVE('',#5857,#5856,#633,.T.);
#4858=EDGE_CURVE('',#5857,#5855,#634,.T.);
#4859=EDGE_CURVE('',#5858,#5859,#635,.T.);
#4860=EDGE_CURVE('',#5860,#5858,#636,.T.);
#4861=EDGE_CURVE('',#5860,#5861,#637,.T.);
#4862=EDGE_CURVE('',#5861,#5859,#638,.T.);
#4863=EDGE_CURVE('',#5862,#5858,#639,.T.);
#4864=EDGE_CURVE('',#5863,#5862,#640,.T.);
#4865=EDGE_CURVE('',#5863,#5860,#641,.T.);
#4866=EDGE_CURVE('',#5864,#5862,#642,.T.);
#4867=EDGE_CURVE('',#5865,#5864,#643,.T.);
#4868=EDGE_CURVE('',#5865,#5863,#644,.T.);
#4869=EDGE_CURVE('',#5866,#5867,#645,.T.);
#4870=EDGE_CURVE('',#5868,#5866,#646,.T.);
#4871=EDGE_CURVE('',#5868,#5869,#647,.T.);
#4872=EDGE_CURVE('',#5869,#5867,#648,.T.);
#4873=EDGE_CURVE('',#5866,#5870,#6428,.T.);
#4874=EDGE_CURVE('',#5871,#5870,#649,.T.);
#4875=EDGE_CURVE('',#5868,#5871,#6429,.T.);
#4876=EDGE_CURVE('',#5872,#5870,#650,.T.);
#4877=EDGE_CURVE('',#5873,#5872,#651,.T.);
#4878=EDGE_CURVE('',#5873,#5871,#652,.T.);
#4879=EDGE_CURVE('',#5874,#5875,#653,.T.);
#4880=EDGE_CURVE('',#5876,#5874,#654,.T.);
#4881=EDGE_CURVE('',#5876,#5877,#655,.T.);
#4882=EDGE_CURVE('',#5877,#5875,#656,.T.);
#4883=EDGE_CURVE('',#5878,#5874,#657,.T.);
#4884=EDGE_CURVE('',#5879,#5878,#658,.T.);
#4885=EDGE_CURVE('',#5879,#5876,#659,.T.);
#4886=EDGE_CURVE('',#5880,#5878,#660,.T.);
#4887=EDGE_CURVE('',#5881,#5880,#661,.T.);
#4888=EDGE_CURVE('',#5881,#5879,#662,.T.);
#4889=EDGE_CURVE('',#5882,#5883,#6430,.T.);
#4890=EDGE_CURVE('',#5884,#5882,#663,.T.);
#4891=EDGE_CURVE('',#5884,#5885,#6431,.T.);
#4892=EDGE_CURVE('',#5885,#5883,#664,.T.);
#4893=EDGE_CURVE('',#5886,#5882,#6432,.T.);
#4894=EDGE_CURVE('',#5887,#5886,#665,.T.);
#4895=EDGE_CURVE('',#5887,#5884,#6433,.T.);
#4896=EDGE_CURVE('',#5888,#5886,#6434,.T.);
#4897=EDGE_CURVE('',#5889,#5888,#666,.T.);
#4898=EDGE_CURVE('',#5889,#5887,#6435,.T.);
#4899=EDGE_CURVE('',#5890,#5888,#6436,.T.);
#4900=EDGE_CURVE('',#5891,#5890,#667,.T.);
#4901=EDGE_CURVE('',#5891,#5889,#6437,.T.);
#4902=EDGE_CURVE('',#5892,#5890,#6438,.T.);
#4903=EDGE_CURVE('',#5893,#5892,#668,.T.);
#4904=EDGE_CURVE('',#5893,#5891,#6439,.T.);
#4905=EDGE_CURVE('',#5894,#5892,#6440,.T.);
#4906=EDGE_CURVE('',#5895,#5894,#669,.T.);
#4907=EDGE_CURVE('',#5895,#5893,#6441,.T.);
#4908=EDGE_CURVE('',#5896,#5894,#6442,.T.);
#4909=EDGE_CURVE('',#5897,#5896,#670,.T.);
#4910=EDGE_CURVE('',#5897,#5895,#6443,.T.);
#4911=EDGE_CURVE('',#5898,#5896,#6444,.T.);
#4912=EDGE_CURVE('',#5899,#5898,#671,.T.);
#4913=EDGE_CURVE('',#5899,#5897,#6445,.T.);
#4914=EDGE_CURVE('',#5900,#5898,#6446,.T.);
#4915=EDGE_CURVE('',#5901,#5900,#672,.T.);
#4916=EDGE_CURVE('',#5901,#5899,#6447,.T.);
#4917=EDGE_CURVE('',#5902,#5900,#6448,.T.);
#4918=EDGE_CURVE('',#5903,#5902,#673,.T.);
#4919=EDGE_CURVE('',#5903,#5901,#6449,.T.);
#4920=EDGE_CURVE('',#5904,#5902,#6450,.T.);
#4921=EDGE_CURVE('',#5905,#5904,#674,.T.);
#4922=EDGE_CURVE('',#5905,#5903,#6451,.T.);
#4923=EDGE_CURVE('',#5906,#5904,#6452,.T.);
#4924=EDGE_CURVE('',#5907,#5906,#675,.T.);
#4925=EDGE_CURVE('',#5907,#5905,#6453,.T.);
#4926=EDGE_CURVE('',#5908,#5906,#6454,.T.);
#4927=EDGE_CURVE('',#5909,#5908,#676,.T.);
#4928=EDGE_CURVE('',#5909,#5907,#6455,.T.);
#4929=EDGE_CURVE('',#5910,#5908,#6456,.T.);
#4930=EDGE_CURVE('',#5911,#5910,#677,.T.);
#4931=EDGE_CURVE('',#5911,#5909,#6457,.T.);
#4932=EDGE_CURVE('',#5912,#5910,#6458,.T.);
#4933=EDGE_CURVE('',#5913,#5912,#678,.T.);
#4934=EDGE_CURVE('',#5913,#5911,#6459,.T.);
#4935=EDGE_CURVE('',#5914,#5912,#6460,.T.);
#4936=EDGE_CURVE('',#5915,#5914,#679,.T.);
#4937=EDGE_CURVE('',#5915,#5913,#6461,.T.);
#4938=EDGE_CURVE('',#5916,#5914,#6462,.T.);
#4939=EDGE_CURVE('',#5917,#5916,#680,.T.);
#4940=EDGE_CURVE('',#5917,#5915,#6463,.T.);
#4941=EDGE_CURVE('',#5918,#5916,#6464,.T.);
#4942=EDGE_CURVE('',#5919,#5918,#681,.T.);
#4943=EDGE_CURVE('',#5919,#5917,#6465,.T.);
#4944=EDGE_CURVE('',#5920,#5918,#6466,.T.);
#4945=EDGE_CURVE('',#5921,#5920,#682,.T.);
#4946=EDGE_CURVE('',#5921,#5919,#6467,.T.);
#4947=EDGE_CURVE('',#5922,#5920,#6468,.T.);
#4948=EDGE_CURVE('',#5923,#5922,#683,.T.);
#4949=EDGE_CURVE('',#5923,#5921,#6469,.T.);
#4950=EDGE_CURVE('',#5924,#5925,#684,.T.);
#4951=EDGE_CURVE('',#5926,#5924,#685,.T.);
#4952=EDGE_CURVE('',#5926,#5927,#686,.T.);
#4953=EDGE_CURVE('',#5927,#5925,#687,.T.);
#4954=EDGE_CURVE('',#5928,#5924,#688,.T.);
#4955=EDGE_CURVE('',#5929,#5928,#689,.T.);
#4956=EDGE_CURVE('',#5929,#5926,#690,.T.);
#4957=EDGE_CURVE('',#5930,#5928,#691,.T.);
#4958=EDGE_CURVE('',#5931,#5930,#692,.T.);
#4959=EDGE_CURVE('',#5931,#5929,#693,.T.);
#4960=EDGE_CURVE('',#5932,#5930,#694,.T.);
#4961=EDGE_CURVE('',#5933,#5932,#695,.T.);
#4962=EDGE_CURVE('',#5933,#5931,#696,.T.);
#4963=EDGE_CURVE('',#5934,#5932,#697,.T.);
#4964=EDGE_CURVE('',#5935,#5934,#698,.T.);
#4965=EDGE_CURVE('',#5935,#5933,#699,.T.);
#4966=EDGE_CURVE('',#5936,#5934,#700,.T.);
#4967=EDGE_CURVE('',#5937,#5936,#701,.T.);
#4968=EDGE_CURVE('',#5937,#5935,#702,.T.);
#4969=EDGE_CURVE('',#5938,#5936,#703,.T.);
#4970=EDGE_CURVE('',#5939,#5938,#704,.T.);
#4971=EDGE_CURVE('',#5939,#5937,#705,.T.);
#4972=EDGE_CURVE('',#5940,#5938,#706,.T.);
#4973=EDGE_CURVE('',#5941,#5940,#707,.T.);
#4974=EDGE_CURVE('',#5941,#5939,#708,.T.);
#4975=EDGE_CURVE('',#5942,#5940,#709,.T.);
#4976=EDGE_CURVE('',#5943,#5942,#710,.T.);
#4977=EDGE_CURVE('',#5943,#5941,#711,.T.);
#4978=EDGE_CURVE('',#5944,#5942,#712,.T.);
#4979=EDGE_CURVE('',#5945,#5944,#713,.T.);
#4980=EDGE_CURVE('',#5945,#5943,#714,.T.);
#4981=EDGE_CURVE('',#5946,#5944,#715,.T.);
#4982=EDGE_CURVE('',#5947,#5946,#716,.T.);
#4983=EDGE_CURVE('',#5947,#5945,#717,.T.);
#4984=EDGE_CURVE('',#5948,#5949,#718,.T.);
#4985=EDGE_CURVE('',#5950,#5948,#719,.T.);
#4986=EDGE_CURVE('',#5950,#5951,#720,.T.);
#4987=EDGE_CURVE('',#5951,#5949,#721,.T.);
#4988=EDGE_CURVE('',#5952,#5948,#722,.T.);
#4989=EDGE_CURVE('',#5953,#5952,#723,.T.);
#4990=EDGE_CURVE('',#5953,#5950,#724,.T.);
#4991=EDGE_CURVE('',#5954,#5952,#725,.T.);
#4992=EDGE_CURVE('',#5955,#5954,#726,.T.);
#4993=EDGE_CURVE('',#5955,#5953,#727,.T.);
#4994=EDGE_CURVE('',#5956,#5957,#728,.T.);
#4995=EDGE_CURVE('',#5958,#5956,#729,.T.);
#4996=EDGE_CURVE('',#5958,#5959,#730,.T.);
#4997=EDGE_CURVE('',#5959,#5957,#731,.T.);
#4998=EDGE_CURVE('',#5960,#5956,#732,.T.);
#4999=EDGE_CURVE('',#5961,#5960,#733,.T.);
#5000=EDGE_CURVE('',#5961,#5958,#734,.T.);
#5001=EDGE_CURVE('',#5962,#5960,#735,.T.);
#5002=EDGE_CURVE('',#5963,#5962,#736,.T.);
#5003=EDGE_CURVE('',#5963,#5961,#737,.T.);
#5004=EDGE_CURVE('',#5964,#5962,#738,.T.);
#5005=EDGE_CURVE('',#5965,#5964,#739,.T.);
#5006=EDGE_CURVE('',#5965,#5963,#740,.T.);
#5007=EDGE_CURVE('',#5966,#5964,#741,.T.);
#5008=EDGE_CURVE('',#5967,#5966,#742,.T.);
#5009=EDGE_CURVE('',#5967,#5965,#743,.T.);
#5010=EDGE_CURVE('',#5968,#5966,#744,.T.);
#5011=EDGE_CURVE('',#5969,#5968,#745,.T.);
#5012=EDGE_CURVE('',#5969,#5967,#746,.T.);
#5013=EDGE_CURVE('',#5970,#5968,#747,.T.);
#5014=EDGE_CURVE('',#5971,#5970,#748,.T.);
#5015=EDGE_CURVE('',#5971,#5969,#749,.T.);
#5016=EDGE_CURVE('',#5972,#5970,#750,.T.);
#5017=EDGE_CURVE('',#5973,#5972,#751,.T.);
#5018=EDGE_CURVE('',#5973,#5971,#752,.T.);
#5019=EDGE_CURVE('',#5974,#5972,#753,.T.);
#5020=EDGE_CURVE('',#5975,#5974,#754,.T.);
#5021=EDGE_CURVE('',#5975,#5973,#755,.T.);
#5022=EDGE_CURVE('',#5976,#5977,#756,.T.);
#5023=EDGE_CURVE('',#5978,#5976,#757,.T.);
#5024=EDGE_CURVE('',#5978,#5979,#758,.T.);
#5025=EDGE_CURVE('',#5979,#5977,#759,.T.);
#5026=EDGE_CURVE('',#5980,#5976,#760,.T.);
#5027=EDGE_CURVE('',#5981,#5980,#761,.T.);
#5028=EDGE_CURVE('',#5981,#5978,#762,.T.);
#5029=EDGE_CURVE('',#5982,#5980,#763,.T.);
#5030=EDGE_CURVE('',#5983,#5982,#764,.T.);
#5031=EDGE_CURVE('',#5983,#5981,#765,.T.);
#5032=EDGE_CURVE('',#5984,#5982,#766,.T.);
#5033=EDGE_CURVE('',#5985,#5984,#767,.T.);
#5034=EDGE_CURVE('',#5985,#5983,#768,.T.);
#5035=EDGE_CURVE('',#5986,#5984,#769,.T.);
#5036=EDGE_CURVE('',#5987,#5986,#770,.T.);
#5037=EDGE_CURVE('',#5987,#5985,#771,.T.);
#5038=EDGE_CURVE('',#5988,#5986,#772,.T.);
#5039=EDGE_CURVE('',#5989,#5988,#773,.T.);
#5040=EDGE_CURVE('',#5989,#5987,#774,.T.);
#5041=EDGE_CURVE('',#5990,#5988,#775,.T.);
#5042=EDGE_CURVE('',#5991,#5990,#776,.T.);
#5043=EDGE_CURVE('',#5991,#5989,#777,.T.);
#5044=EDGE_CURVE('',#5992,#5990,#778,.T.);
#5045=EDGE_CURVE('',#5993,#5992,#779,.T.);
#5046=EDGE_CURVE('',#5993,#5991,#780,.T.);
#5047=EDGE_CURVE('',#5994,#5992,#781,.T.);
#5048=EDGE_CURVE('',#5995,#5994,#782,.T.);
#5049=EDGE_CURVE('',#5995,#5993,#783,.T.);
#5050=EDGE_CURVE('',#5996,#5994,#784,.T.);
#5051=EDGE_CURVE('',#5997,#5996,#785,.T.);
#5052=EDGE_CURVE('',#5997,#5995,#786,.T.);
#5053=EDGE_CURVE('',#5998,#5996,#787,.T.);
#5054=EDGE_CURVE('',#5999,#5998,#788,.T.);
#5055=EDGE_CURVE('',#5999,#5997,#789,.T.);
#5056=EDGE_CURVE('',#6000,#6001,#790,.T.);
#5057=EDGE_CURVE('',#6002,#6000,#791,.T.);
#5058=EDGE_CURVE('',#6002,#6003,#792,.T.);
#5059=EDGE_CURVE('',#6003,#6001,#793,.T.);
#5060=EDGE_CURVE('',#6000,#6004,#6470,.T.);
#5061=EDGE_CURVE('',#6005,#6004,#794,.T.);
#5062=EDGE_CURVE('',#6002,#6005,#6471,.T.);
#5063=EDGE_CURVE('',#6006,#6004,#795,.T.);
#5064=EDGE_CURVE('',#6007,#6006,#796,.T.);
#5065=EDGE_CURVE('',#6007,#6005,#797,.T.);
#5066=EDGE_CURVE('',#6008,#6009,#798,.T.);
#5067=EDGE_CURVE('',#6010,#6008,#799,.T.);
#5068=EDGE_CURVE('',#6010,#6011,#800,.T.);
#5069=EDGE_CURVE('',#6011,#6009,#801,.T.);
#5070=EDGE_CURVE('',#6012,#6008,#802,.T.);
#5071=EDGE_CURVE('',#6013,#6012,#803,.T.);
#5072=EDGE_CURVE('',#6013,#6010,#804,.T.);
#5073=EDGE_CURVE('',#6014,#6012,#805,.T.);
#5074=EDGE_CURVE('',#6015,#6014,#806,.T.);
#5075=EDGE_CURVE('',#6015,#6013,#807,.T.);
#5076=EDGE_CURVE('',#6016,#6014,#808,.T.);
#5077=EDGE_CURVE('',#6017,#6016,#809,.T.);
#5078=EDGE_CURVE('',#6017,#6015,#810,.T.);
#5079=EDGE_CURVE('',#6018,#6016,#811,.T.);
#5080=EDGE_CURVE('',#6019,#6018,#812,.T.);
#5081=EDGE_CURVE('',#6019,#6017,#813,.T.);
#5082=EDGE_CURVE('',#6020,#6021,#814,.T.);
#5083=EDGE_CURVE('',#6022,#6020,#815,.T.);
#5084=EDGE_CURVE('',#6022,#6023,#816,.T.);
#5085=EDGE_CURVE('',#6023,#6021,#817,.T.);
#5086=EDGE_CURVE('',#6024,#6020,#818,.T.);
#5087=EDGE_CURVE('',#6025,#6024,#819,.T.);
#5088=EDGE_CURVE('',#6025,#6022,#820,.T.);
#5089=EDGE_CURVE('',#6026,#6024,#821,.T.);
#5090=EDGE_CURVE('',#6027,#6026,#822,.T.);
#5091=EDGE_CURVE('',#6027,#6025,#823,.T.);
#5092=EDGE_CURVE('',#6028,#6026,#824,.T.);
#5093=EDGE_CURVE('',#6029,#6028,#825,.T.);
#5094=EDGE_CURVE('',#6029,#6027,#826,.T.);
#5095=EDGE_CURVE('',#6030,#6028,#827,.T.);
#5096=EDGE_CURVE('',#6031,#6030,#828,.T.);
#5097=EDGE_CURVE('',#6031,#6029,#829,.T.);
#5098=EDGE_CURVE('',#5755,#5776,#830,.T.);
#5099=EDGE_CURVE('',#5757,#5777,#831,.T.);
#5100=EDGE_CURVE('',#5779,#5792,#6472,.T.);
#5101=EDGE_CURVE('',#5781,#5793,#6473,.T.);
#5102=EDGE_CURVE('',#5795,#5828,#832,.T.);
#5103=EDGE_CURVE('',#5797,#5829,#833,.T.);
#5104=EDGE_CURVE('',#5831,#5836,#834,.T.);
#5105=EDGE_CURVE('',#5833,#5837,#835,.T.);
#5106=EDGE_CURVE('',#5839,#5844,#836,.T.);
#5107=EDGE_CURVE('',#5841,#5845,#837,.T.);
#5108=EDGE_CURVE('',#6032,#6032,#6474,.T.);
#5109=EDGE_CURVE('',#5847,#5856,#838,.T.);
#5110=EDGE_CURVE('',#5849,#5857,#839,.T.);
#5111=EDGE_CURVE('',#5859,#5864,#840,.T.);
#5112=EDGE_CURVE('',#5861,#5865,#841,.T.);
#5113=EDGE_CURVE('',#5867,#5872,#6475,.T.);
#5114=EDGE_CURVE('',#5869,#5873,#6476,.T.);
#5115=EDGE_CURVE('',#5875,#5880,#842,.T.);
#5116=EDGE_CURVE('',#5877,#5881,#843,.T.);
#5117=EDGE_CURVE('',#5883,#5922,#6477,.T.);
#5118=EDGE_CURVE('',#5885,#5923,#6478,.T.);
#5119=EDGE_CURVE('',#5925,#5946,#844,.T.);
#5120=EDGE_CURVE('',#5927,#5947,#845,.T.);
#5121=EDGE_CURVE('',#5949,#5954,#846,.T.);
#5122=EDGE_CURVE('',#5951,#5955,#847,.T.);
#5123=EDGE_CURVE('',#5957,#5974,#848,.T.);
#5124=EDGE_CURVE('',#5959,#5975,#849,.T.);
#5125=EDGE_CURVE('',#5977,#5998,#850,.T.);
#5126=EDGE_CURVE('',#5979,#5999,#851,.T.);
#5127=EDGE_CURVE('',#6001,#6006,#6479,.T.);
#5128=EDGE_CURVE('',#6003,#6007,#6480,.T.);
#5129=EDGE_CURVE('',#6009,#6018,#852,.T.);
#5130=EDGE_CURVE('',#6011,#6019,#853,.T.);
#5131=EDGE_CURVE('',#6021,#6030,#854,.T.);
#5132=EDGE_CURVE('',#6023,#6031,#855,.T.);
#5133=EDGE_CURVE('',#6033,#6033,#6481,.T.);
#5134=EDGE_CURVE('',#6034,#6034,#6482,.F.);
#5135=EDGE_CURVE('',#6035,#6035,#6483,.T.);
#5136=EDGE_CURVE('',#6036,#6036,#6484,.F.);
#5137=EDGE_CURVE('',#6037,#6038,#6485,.T.);
#5138=EDGE_CURVE('',#6039,#6037,#6486,.T.);
#5139=EDGE_CURVE('',#6040,#6039,#6487,.T.);
#5140=EDGE_CURVE('',#6041,#6040,#6488,.T.);
#5141=EDGE_CURVE('',#6042,#6041,#6489,.T.);
#5142=EDGE_CURVE('',#6043,#6042,#6490,.T.);
#5143=EDGE_CURVE('',#6044,#6043,#6491,.T.);
#5144=EDGE_CURVE('',#6045,#6044,#6492,.T.);
#5145=EDGE_CURVE('',#6046,#6045,#6493,.T.);
#5146=EDGE_CURVE('',#6047,#6046,#6494,.T.);
#5147=EDGE_CURVE('',#6048,#6047,#6495,.T.);
#5148=EDGE_CURVE('',#6049,#6048,#6496,.T.);
#5149=EDGE_CURVE('',#6050,#6049,#6497,.T.);
#5150=EDGE_CURVE('',#6051,#6050,#6498,.T.);
#5151=EDGE_CURVE('',#6052,#6051,#6499,.T.);
#5152=EDGE_CURVE('',#6053,#6052,#6500,.T.);
#5153=EDGE_CURVE('',#6054,#6053,#6501,.T.);
#5154=EDGE_CURVE('',#6055,#6054,#6502,.T.);
#5155=EDGE_CURVE('',#6056,#6055,#6503,.T.);
#5156=EDGE_CURVE('',#6057,#6056,#6504,.T.);
#5157=EDGE_CURVE('',#6038,#6057,#6505,.T.);
#5158=EDGE_CURVE('',#6058,#6037,#856,.T.);
#5159=EDGE_CURVE('',#6059,#6058,#6506,.T.);
#5160=EDGE_CURVE('',#6059,#6039,#857,.T.);
#5161=EDGE_CURVE('',#6060,#6038,#858,.T.);
#5162=EDGE_CURVE('',#6058,#6060,#6507,.T.);
#5163=EDGE_CURVE('',#6061,#6057,#859,.T.);
#5164=EDGE_CURVE('',#6060,#6061,#6508,.T.);
#5165=EDGE_CURVE('',#6062,#6056,#860,.T.);
#5166=EDGE_CURVE('',#6061,#6062,#6509,.T.);
#5167=EDGE_CURVE('',#6063,#6055,#861,.T.);
#5168=EDGE_CURVE('',#6062,#6063,#6510,.T.);
#5169=EDGE_CURVE('',#6064,#6054,#862,.T.);
#5170=EDGE_CURVE('',#6063,#6064,#6511,.T.);
#5171=EDGE_CURVE('',#6065,#6053,#863,.T.);
#5172=EDGE_CURVE('',#6064,#6065,#6512,.T.);
#5173=EDGE_CURVE('',#6066,#6052,#864,.T.);
#5174=EDGE_CURVE('',#6065,#6066,#6513,.T.);
#5175=EDGE_CURVE('',#6067,#6051,#865,.T.);
#5176=EDGE_CURVE('',#6066,#6067,#6514,.T.);
#5177=EDGE_CURVE('',#6068,#6050,#866,.T.);
#5178=EDGE_CURVE('',#6067,#6068,#6515,.T.);
#5179=EDGE_CURVE('',#6069,#6049,#867,.T.);
#5180=EDGE_CURVE('',#6068,#6069,#6516,.T.);
#5181=EDGE_CURVE('',#6070,#6048,#868,.T.);
#5182=EDGE_CURVE('',#6069,#6070,#6517,.T.);
#5183=EDGE_CURVE('',#6071,#6047,#869,.T.);
#5184=EDGE_CURVE('',#6070,#6071,#6518,.T.);
#5185=EDGE_CURVE('',#6072,#6046,#870,.T.);
#5186=EDGE_CURVE('',#6071,#6072,#6519,.T.);
#5187=EDGE_CURVE('',#6073,#6045,#871,.T.);
#5188=EDGE_CURVE('',#6072,#6073,#6520,.T.);
#5189=EDGE_CURVE('',#6074,#6044,#872,.T.);
#5190=EDGE_CURVE('',#6073,#6074,#6521,.T.);
#5191=EDGE_CURVE('',#6075,#6043,#873,.T.);
#5192=EDGE_CURVE('',#6074,#6075,#6522,.T.);
#5193=EDGE_CURVE('',#6076,#6042,#874,.T.);
#5194=EDGE_CURVE('',#6075,#6076,#6523,.T.);
#5195=EDGE_CURVE('',#6077,#6041,#875,.T.);
#5196=EDGE_CURVE('',#6076,#6077,#6524,.T.);
#5197=EDGE_CURVE('',#6078,#6040,#876,.T.);
#5198=EDGE_CURVE('',#6077,#6078,#6525,.T.);
#5199=EDGE_CURVE('',#6078,#6059,#6526,.T.);
#5200=EDGE_CURVE('',#5741,#5734,#877,.T.);
#5201=EDGE_CURVE('',#5742,#5733,#878,.T.);
#5202=EDGE_CURVE('',#5740,#5735,#879,.T.);
#5203=EDGE_CURVE('',#5745,#5736,#880,.T.);
#5204=EDGE_CURVE('',#5744,#5737,#881,.T.);
#5205=EDGE_CURVE('',#5743,#5738,#882,.T.);
#5206=EDGE_CURVE('',#6079,#6079,#6527,.T.);
#5207=EDGE_CURVE('',#6080,#6080,#6528,.F.);
#5208=EDGE_CURVE('',#6081,#6081,#6529,.T.);
#5209=EDGE_CURVE('',#6082,#6082,#6530,.F.);
#5210=EDGE_CURVE('',#6083,#6084,#883,.T.);
#5211=EDGE_CURVE('',#6083,#6085,#884,.T.);
#5212=EDGE_CURVE('',#6085,#6086,#885,.T.);
#5213=EDGE_CURVE('',#6084,#6086,#886,.T.);
#5214=EDGE_CURVE('',#6087,#6088,#887,.T.);
#5215=EDGE_CURVE('',#6088,#6089,#1857,.F.);
#5216=EDGE_CURVE('',#6089,#6090,#888,.T.);
#5217=EDGE_CURVE('',#6090,#6091,#1858,.F.);
#5218=EDGE_CURVE('',#6091,#6092,#889,.T.);
#5219=EDGE_CURVE('',#6092,#6093,#1859,.F.);
#5220=EDGE_CURVE('',#6093,#6094,#890,.T.);
#5221=EDGE_CURVE('',#6094,#6087,#1860,.F.);
#5222=EDGE_CURVE('',#6085,#6095,#891,.T.);
#5223=EDGE_CURVE('',#6095,#6096,#892,.T.);
#5224=EDGE_CURVE('',#6086,#6096,#893,.T.);
#5225=EDGE_CURVE('',#6095,#6097,#894,.T.);
#5226=EDGE_CURVE('',#6097,#6098,#895,.T.);
#5227=EDGE_CURVE('',#6096,#6098,#896,.T.);
#5228=EDGE_CURVE('',#6097,#6099,#897,.T.);
#5229=EDGE_CURVE('',#6099,#6100,#898,.T.);
#5230=EDGE_CURVE('',#6098,#6100,#899,.T.);
#5231=EDGE_CURVE('',#6099,#6101,#900,.T.);
#5232=EDGE_CURVE('',#6101,#6102,#901,.T.);
#5233=EDGE_CURVE('',#6102,#6103,#902,.T.);
#5234=EDGE_CURVE('',#6100,#6103,#903,.T.);
#5235=EDGE_CURVE('',#6102,#6104,#904,.T.);
#5236=EDGE_CURVE('',#6104,#6105,#905,.T.);
#5237=EDGE_CURVE('',#6105,#6106,#906,.T.);
#5238=EDGE_CURVE('',#6106,#6107,#907,.T.);
#5239=EDGE_CURVE('',#6103,#6107,#908,.T.);
#5240=EDGE_CURVE('',#6108,#6109,#909,.T.);
#5241=EDGE_CURVE('',#6108,#6110,#910,.T.);
#5242=EDGE_CURVE('',#6110,#6111,#911,.T.);
#5243=EDGE_CURVE('',#6109,#6111,#912,.T.);
#5244=EDGE_CURVE('',#6112,#6113,#913,.T.);
#5245=EDGE_CURVE('',#6113,#6114,#1861,.F.);
#5246=EDGE_CURVE('',#6114,#6115,#914,.T.);
#5247=EDGE_CURVE('',#6115,#6116,#1862,.F.);
#5248=EDGE_CURVE('',#6116,#6117,#915,.T.);
#5249=EDGE_CURVE('',#6117,#6118,#1863,.F.);
#5250=EDGE_CURVE('',#6118,#6119,#916,.T.);
#5251=EDGE_CURVE('',#6119,#6112,#1864,.F.);
#5252=EDGE_CURVE('',#6110,#6120,#917,.T.);
#5253=EDGE_CURVE('',#6120,#6121,#918,.T.);
#5254=EDGE_CURVE('',#6111,#6121,#919,.T.);
#5255=EDGE_CURVE('',#6120,#6122,#920,.T.);
#5256=EDGE_CURVE('',#6122,#6123,#921,.T.);
#5257=EDGE_CURVE('',#6121,#6123,#922,.T.);
#5258=EDGE_CURVE('',#6122,#6083,#923,.T.);
#5259=EDGE_CURVE('',#6123,#6084,#924,.T.);
#5260=EDGE_CURVE('',#6124,#6105,#925,.T.);
#5261=EDGE_CURVE('',#6125,#6124,#926,.T.);
#5262=EDGE_CURVE('',#6126,#6125,#927,.T.);
#5263=EDGE_CURVE('',#6127,#6126,#928,.T.);
#5264=EDGE_CURVE('',#6128,#6127,#929,.T.);
#5265=EDGE_CURVE('',#6129,#6128,#930,.T.);
#5266=EDGE_CURVE('',#6130,#6129,#931,.T.);
#5267=EDGE_CURVE('',#6131,#6130,#932,.T.);
#5268=EDGE_CURVE('',#6132,#6131,#933,.T.);
#5269=EDGE_CURVE('',#6133,#6132,#934,.T.);
#5270=EDGE_CURVE('',#6134,#6133,#935,.T.);
#5271=EDGE_CURVE('',#6135,#6134,#936,.T.);
#5272=EDGE_CURVE('',#6136,#6135,#937,.T.);
#5273=EDGE_CURVE('',#6106,#6136,#938,.T.);
#5274=EDGE_CURVE('',#6107,#6137,#939,.T.);
#5275=EDGE_CURVE('',#6136,#6137,#940,.T.);
#5276=EDGE_CURVE('',#6137,#6138,#941,.T.);
#5277=EDGE_CURVE('',#6135,#6138,#942,.T.);
#5278=EDGE_CURVE('',#6138,#6139,#943,.T.);
#5279=EDGE_CURVE('',#6134,#6139,#944,.T.);
#5280=EDGE_CURVE('',#6139,#6140,#945,.T.);
#5281=EDGE_CURVE('',#6133,#6140,#946,.T.);
#5282=EDGE_CURVE('',#6140,#6141,#947,.T.);
#5283=EDGE_CURVE('',#6132,#6141,#948,.T.);
#5284=EDGE_CURVE('',#6141,#6142,#949,.T.);
#5285=EDGE_CURVE('',#6131,#6142,#950,.T.);
#5286=EDGE_CURVE('',#6142,#6143,#951,.T.);
#5287=EDGE_CURVE('',#6130,#6143,#952,.T.);
#5288=EDGE_CURVE('',#6143,#6144,#953,.T.);
#5289=EDGE_CURVE('',#6129,#6144,#954,.T.);
#5290=EDGE_CURVE('',#6144,#6145,#955,.T.);
#5291=EDGE_CURVE('',#6128,#6145,#956,.T.);
#5292=EDGE_CURVE('',#6145,#6146,#957,.T.);
#5293=EDGE_CURVE('',#6127,#6146,#958,.T.);
#5294=EDGE_CURVE('',#6146,#6147,#959,.T.);
#5295=EDGE_CURVE('',#6126,#6147,#960,.T.);
#5296=EDGE_CURVE('',#6147,#6148,#961,.T.);
#5297=EDGE_CURVE('',#6125,#6148,#962,.T.);
#5298=EDGE_CURVE('',#6148,#6149,#963,.T.);
#5299=EDGE_CURVE('',#6124,#6149,#964,.T.);
#5300=EDGE_CURVE('',#6108,#6104,#965,.T.);
#5301=EDGE_CURVE('',#6149,#6109,#966,.T.);
#5302=EDGE_CURVE('',#6150,#6150,#6531,.T.);
#5303=EDGE_CURVE('',#6151,#6151,#6532,.T.);
#5304=EDGE_CURVE('',#6152,#6152,#6533,.T.);
#5305=EDGE_CURVE('',#6120,#6085,#967,.T.);
#5306=EDGE_CURVE('',#6153,#6153,#6534,.T.);
#5307=EDGE_CURVE('',#6154,#6154,#6535,.T.);
#5308=EDGE_CURVE('',#6155,#6155,#6536,.T.);
#5309=EDGE_CURVE('',#6110,#6101,#968,.T.);
#5310=EDGE_CURVE('',#6156,#6156,#6537,.T.);
#5311=EDGE_CURVE('',#6157,#6157,#6538,.T.);
#5312=EDGE_CURVE('',#6158,#6159,#969,.T.);
#5313=EDGE_CURVE('',#6159,#6160,#970,.T.);
#5314=EDGE_CURVE('',#6160,#6161,#971,.T.);
#5315=EDGE_CURVE('',#6161,#6158,#972,.T.);
#5316=EDGE_CURVE('',#6162,#6163,#973,.T.);
#5317=EDGE_CURVE('',#6163,#6164,#974,.T.);
#5318=EDGE_CURVE('',#6164,#6165,#975,.T.);
#5319=EDGE_CURVE('',#6165,#6162,#976,.T.);
#5320=EDGE_CURVE('',#6166,#6167,#977,.T.);
#5321=EDGE_CURVE('',#6167,#6168,#978,.T.);
#5322=EDGE_CURVE('',#6168,#6169,#979,.T.);
#5323=EDGE_CURVE('',#6169,#6166,#980,.T.);
#5324=EDGE_CURVE('',#6170,#6171,#981,.T.);
#5325=EDGE_CURVE('',#6171,#6172,#982,.T.);
#5326=EDGE_CURVE('',#6172,#6173,#983,.T.);
#5327=EDGE_CURVE('',#6173,#6170,#984,.T.);
#5328=EDGE_CURVE('',#6174,#6175,#985,.T.);
#5329=EDGE_CURVE('',#6175,#6176,#986,.T.);
#5330=EDGE_CURVE('',#6176,#6177,#987,.T.);
#5331=EDGE_CURVE('',#6177,#6174,#988,.T.);
#5332=EDGE_CURVE('',#6178,#6179,#989,.T.);
#5333=EDGE_CURVE('',#6179,#6180,#990,.T.);
#5334=EDGE_CURVE('',#6180,#6181,#991,.T.);
#5335=EDGE_CURVE('',#6181,#6178,#992,.T.);
#5336=EDGE_CURVE('',#6182,#6183,#993,.T.);
#5337=EDGE_CURVE('',#6183,#6184,#994,.T.);
#5338=EDGE_CURVE('',#6184,#6185,#995,.T.);
#5339=EDGE_CURVE('',#6185,#6182,#996,.T.);
#5340=EDGE_CURVE('',#6186,#6187,#997,.T.);
#5341=EDGE_CURVE('',#6187,#6188,#998,.T.);
#5342=EDGE_CURVE('',#6188,#6189,#999,.T.);
#5343=EDGE_CURVE('',#6189,#6186,#1000,.T.);
#5344=EDGE_CURVE('',#6190,#6191,#1001,.T.);
#5345=EDGE_CURVE('',#6191,#6192,#1002,.T.);
#5346=EDGE_CURVE('',#6192,#6193,#1003,.T.);
#5347=EDGE_CURVE('',#6193,#6190,#1004,.T.);
#5348=EDGE_CURVE('',#6194,#6195,#1005,.T.);
#5349=EDGE_CURVE('',#6195,#6196,#1006,.T.);
#5350=EDGE_CURVE('',#6196,#6197,#1007,.T.);
#5351=EDGE_CURVE('',#6197,#6194,#1008,.T.);
#5352=EDGE_CURVE('',#6198,#6198,#6539,.T.);
#5353=EDGE_CURVE('',#6199,#6199,#6540,.T.);
#5354=EDGE_CURVE('',#6200,#6200,#6541,.T.);
#5355=EDGE_CURVE('',#6201,#6201,#6542,.T.);
#5356=EDGE_CURVE('',#6194,#6182,#1009,.F.);
#5357=EDGE_CURVE('',#6183,#6197,#1010,.F.);
#5358=EDGE_CURVE('',#6194,#6189,#1011,.T.);
#5359=EDGE_CURVE('',#6189,#6182,#1012,.T.);
#5360=EDGE_CURVE('',#6183,#6178,#1013,.T.);
#5361=EDGE_CURVE('',#6178,#6197,#1014,.T.);
#5362=EDGE_CURVE('',#6186,#6185,#1015,.F.);
#5363=EDGE_CURVE('',#6195,#6188,#1865,.T.);
#5364=EDGE_CURVE('',#6196,#6118,#1016,.T.);
#5365=EDGE_CURVE('',#6119,#6195,#1017,.T.);
#5366=EDGE_CURVE('',#6179,#6196,#1866,.T.);
#5367=EDGE_CURVE('',#6184,#6181,#1018,.F.);
#5368=EDGE_CURVE('',#6185,#6193,#1019,.T.);
#5369=EDGE_CURVE('',#6190,#6184,#1020,.T.);
#5370=EDGE_CURVE('',#6186,#6193,#1021,.F.);
#5371=EDGE_CURVE('',#6112,#6188,#1022,.F.);
#5372=EDGE_CURVE('',#6179,#6117,#1023,.F.);
#5373=EDGE_CURVE('',#6190,#6181,#1024,.F.);
#5374=EDGE_CURVE('',#6187,#6192,#1867,.T.);
#5375=EDGE_CURVE('',#6113,#6187,#1025,.T.);
#5376=EDGE_CURVE('',#6180,#6116,#1026,.T.);
#5377=EDGE_CURVE('',#6191,#6180,#1868,.T.);
#5378=EDGE_CURVE('',#6114,#6192,#1027,.F.);
#5379=EDGE_CURVE('',#6191,#6115,#1028,.F.);
#5380=EDGE_CURVE('',#6158,#6167,#1029,.F.);
#5381=EDGE_CURVE('',#6168,#6161,#1030,.F.);
#5382=EDGE_CURVE('',#6158,#6173,#1031,.F.);
#5383=EDGE_CURVE('',#6173,#6167,#1032,.F.);
#5384=EDGE_CURVE('',#6168,#6174,#1033,.T.);
#5385=EDGE_CURVE('',#6174,#6161,#1034,.T.);
#5386=EDGE_CURVE('',#6170,#6166,#1035,.T.);
#5387=EDGE_CURVE('',#6159,#6172,#1869,.T.);
#5388=EDGE_CURVE('',#6160,#6089,#1036,.T.);
#5389=EDGE_CURVE('',#6090,#6159,#1037,.T.);
#5390=EDGE_CURVE('',#6175,#6160,#1870,.T.);
#5391=EDGE_CURVE('',#6169,#6177,#1038,.F.);
#5392=EDGE_CURVE('',#6166,#6165,#1039,.F.);
#5393=EDGE_CURVE('',#6162,#6169,#1040,.F.);
#5394=EDGE_CURVE('',#6170,#6165,#1041,.F.);
#5395=EDGE_CURVE('',#6091,#6172,#1042,.F.);
#5396=EDGE_CURVE('',#6175,#6088,#1043,.F.);
#5397=EDGE_CURVE('',#6162,#6177,#1044,.T.);
#5398=EDGE_CURVE('',#6171,#6164,#1871,.T.);
#5399=EDGE_CURVE('',#6092,#6171,#1045,.T.);
#5400=EDGE_CURVE('',#6176,#6087,#1046,.T.);
#5401=EDGE_CURVE('',#6163,#6176,#1872,.T.);
#5402=EDGE_CURVE('',#6093,#6164,#1047,.F.);
#5403=EDGE_CURVE('',#6163,#6094,#1048,.F.);
#5404=VERTEX_POINT('',#12113);
#5405=VERTEX_POINT('',#12114);
#5406=VERTEX_POINT('',#12119);
#5407=VERTEX_POINT('',#12121);
#5408=VERTEX_POINT('',#12126);
#5409=VERTEX_POINT('',#12128);
#5410=VERTEX_POINT('',#12133);
#5411=VERTEX_POINT('',#12135);
#5412=VERTEX_POINT('',#12141);
#5413=VERTEX_POINT('',#12142);
#5414=VERTEX_POINT('',#12144);
#5415=VERTEX_POINT('',#12146);
#5416=VERTEX_POINT('',#12148);
#5417=VERTEX_POINT('',#12150);
#5418=VERTEX_POINT('',#12152);
#5419=VERTEX_POINT('',#12154);
#5420=VERTEX_POINT('',#12156);
#5421=VERTEX_POINT('',#12158);
#5422=VERTEX_POINT('',#12160);
#5423=VERTEX_POINT('',#12162);
#5424=VERTEX_POINT('',#12164);
#5425=VERTEX_POINT('',#12166);
#5426=VERTEX_POINT('',#12168);
#5427=VERTEX_POINT('',#12170);
#5428=VERTEX_POINT('',#12172);
#5429=VERTEX_POINT('',#12174);
#5430=VERTEX_POINT('',#12176);
#5431=VERTEX_POINT('',#12178);
#5432=VERTEX_POINT('',#12180);
#5433=VERTEX_POINT('',#12182);
#5434=VERTEX_POINT('',#12184);
#5435=VERTEX_POINT('',#12186);
#5436=VERTEX_POINT('',#12188);
#5437=VERTEX_POINT('',#12190);
#5438=VERTEX_POINT('',#12192);
#5439=VERTEX_POINT('',#12194);
#5440=VERTEX_POINT('',#12196);
#5441=VERTEX_POINT('',#12198);
#5442=VERTEX_POINT('',#12200);
#5443=VERTEX_POINT('',#12202);
#5444=VERTEX_POINT('',#12204);
#5445=VERTEX_POINT('',#12206);
#5446=VERTEX_POINT('',#12209);
#5447=VERTEX_POINT('',#12210);
#5448=VERTEX_POINT('',#12212);
#5449=VERTEX_POINT('',#12214);
#5450=VERTEX_POINT('',#12216);
#5451=VERTEX_POINT('',#12218);
#5452=VERTEX_POINT('',#12220);
#5453=VERTEX_POINT('',#12222);
#5454=VERTEX_POINT('',#12226);
#5455=VERTEX_POINT('',#12227);
#5456=VERTEX_POINT('',#12238);
#5457=VERTEX_POINT('',#12239);
#5458=VERTEX_POINT('',#12250);
#5459=VERTEX_POINT('',#12252);
#5460=VERTEX_POINT('',#12253);
#5461=VERTEX_POINT('',#12255);
#5462=VERTEX_POINT('',#12257);
#5463=VERTEX_POINT('',#12267);
#5464=VERTEX_POINT('',#12269);
#5465=VERTEX_POINT('',#12272);
#5466=VERTEX_POINT('',#12274);
#5467=VERTEX_POINT('',#12277);
#5468=VERTEX_POINT('',#12279);
#5469=VERTEX_POINT('',#12280);
#5470=VERTEX_POINT('',#12282);
#5471=VERTEX_POINT('',#12284);
#5472=VERTEX_POINT('',#12295);
#5473=VERTEX_POINT('',#12297);
#5474=VERTEX_POINT('',#12306);
#5475=VERTEX_POINT('',#12311);
#5476=VERTEX_POINT('',#12313);
#5477=VERTEX_POINT('',#12314);
#5478=VERTEX_POINT('',#12316);
#5479=VERTEX_POINT('',#12318);
#5480=VERTEX_POINT('',#12329);
#5481=VERTEX_POINT('',#12331);
#5482=VERTEX_POINT('',#12340);
#5483=VERTEX_POINT('',#12345);
#5484=VERTEX_POINT('',#12346);
#5485=VERTEX_POINT('',#12348);
#5486=VERTEX_POINT('',#12350);
#5487=VERTEX_POINT('',#12352);
#5488=VERTEX_POINT('',#12354);
#5489=VERTEX_POINT('',#12356);
#5490=VERTEX_POINT('',#12358);
#5491=VERTEX_POINT('',#12360);
#5492=VERTEX_POINT('',#12362);
#5493=VERTEX_POINT('',#12364);
#5494=VERTEX_POINT('',#12366);
#5495=VERTEX_POINT('',#12368);
#5496=VERTEX_POINT('',#12370);
#5497=VERTEX_POINT('',#12372);
#5498=VERTEX_POINT('',#12374);
#5499=VERTEX_POINT('',#12376);
#5500=VERTEX_POINT('',#12378);
#5501=VERTEX_POINT('',#12380);
#5502=VERTEX_POINT('',#12382);
#5503=VERTEX_POINT('',#12384);
#5504=VERTEX_POINT('',#12386);
#5505=VERTEX_POINT('',#12388);
#5506=VERTEX_POINT('',#12390);
#5507=VERTEX_POINT('',#12392);
#5508=VERTEX_POINT('',#12394);
#5509=VERTEX_POINT('',#12396);
#5510=VERTEX_POINT('',#12398);
#5511=VERTEX_POINT('',#12400);
#5512=VERTEX_POINT('',#12402);
#5513=VERTEX_POINT('',#12404);
#5514=VERTEX_POINT('',#12406);
#5515=VERTEX_POINT('',#12408);
#5516=VERTEX_POINT('',#12410);
#5517=VERTEX_POINT('',#12414);
#5518=VERTEX_POINT('',#12415);
#5519=VERTEX_POINT('',#12417);
#5520=VERTEX_POINT('',#12419);
#5521=VERTEX_POINT('',#12421);
#5522=VERTEX_POINT('',#12423);
#5523=VERTEX_POINT('',#12427);
#5524=VERTEX_POINT('',#12428);
#5525=VERTEX_POINT('',#12430);
#5526=VERTEX_POINT('',#12432);
#5527=VERTEX_POINT('',#12434);
#5528=VERTEX_POINT('',#12436);
#5529=VERTEX_POINT('',#12452);
#5530=VERTEX_POINT('',#12454);
#5531=VERTEX_POINT('',#12459);
#5532=VERTEX_POINT('',#12461);
#5533=VERTEX_POINT('',#12463);
#5534=VERTEX_POINT('',#12467);
#5535=VERTEX_POINT('',#12469);
#5536=VERTEX_POINT('',#12471);
#5537=VERTEX_POINT('',#12473);
#5538=VERTEX_POINT('',#12478);
#5539=VERTEX_POINT('',#12482);
#5540=VERTEX_POINT('',#12484);
#5541=VERTEX_POINT('',#12486);
#5542=VERTEX_POINT('',#12488);
#5543=VERTEX_POINT('',#12493);
#5544=VERTEX_POINT('',#12497);
#5545=VERTEX_POINT('',#12499);
#5546=VERTEX_POINT('',#12504);
#5547=VERTEX_POINT('',#12506);
#5548=VERTEX_POINT('',#12508);
#5549=VERTEX_POINT('',#12512);
#5550=VERTEX_POINT('',#12514);
#5551=VERTEX_POINT('',#12522);
#5552=VERTEX_POINT('',#12523);
#5553=VERTEX_POINT('',#12528);
#5554=VERTEX_POINT('',#12530);
#5555=VERTEX_POINT('',#12533);
#5556=VERTEX_POINT('',#12537);
#5557=VERTEX_POINT('',#12539);
#5558=VERTEX_POINT('',#12544);
#5559=VERTEX_POINT('',#12546);
#5560=VERTEX_POINT('',#12548);
#5561=VERTEX_POINT('',#12552);
#5562=VERTEX_POINT('',#12554);
#5563=VERTEX_POINT('',#12556);
#5564=VERTEX_POINT('',#12558);
#5565=VERTEX_POINT('',#12562);
#5566=VERTEX_POINT('',#12564);
#5567=VERTEX_POINT('',#12568);
#5568=VERTEX_POINT('',#12571);
#5569=VERTEX_POINT('',#12573);
#5570=VERTEX_POINT('',#12580);
#5571=VERTEX_POINT('',#12583);
#5572=VERTEX_POINT('',#12588);
#5573=VERTEX_POINT('',#12592);
#5574=VERTEX_POINT('',#12594);
#5575=VERTEX_POINT('',#12596);
#5576=VERTEX_POINT('',#12597);
#5577=VERTEX_POINT('',#12599);
#5578=VERTEX_POINT('',#12601);
#5579=VERTEX_POINT('',#12603);
#5580=VERTEX_POINT('',#12605);
#5581=VERTEX_POINT('',#12607);
#5582=VERTEX_POINT('',#12609);
#5583=VERTEX_POINT('',#12714);
#5584=VERTEX_POINT('',#12717);
#5585=VERTEX_POINT('',#12721);
#5586=VERTEX_POINT('',#12724);
#5587=VERTEX_POINT('',#12728);
#5588=VERTEX_POINT('',#12731);
#5589=VERTEX_POINT('',#12735);
#5590=VERTEX_POINT('',#12738);
#5591=VERTEX_POINT('',#12741);
#5592=VERTEX_POINT('',#12748);
#5593=VERTEX_POINT('',#12751);
#5594=VERTEX_POINT('',#12758);
#5595=VERTEX_POINT('',#12762);
#5596=VERTEX_POINT('',#12765);
#5597=VERTEX_POINT('',#12768);
#5598=VERTEX_POINT('',#12771);
#5599=VERTEX_POINT('',#12774);
#5600=VERTEX_POINT('',#12778);
#5601=VERTEX_POINT('',#12781);
#5602=VERTEX_POINT('',#12784);
#5603=VERTEX_POINT('',#12787);
#5604=VERTEX_POINT('',#12790);
#5605=VERTEX_POINT('',#12794);
#5606=VERTEX_POINT('',#12796);
#5607=VERTEX_POINT('',#12799);
#5608=VERTEX_POINT('',#12807);
#5609=VERTEX_POINT('',#12809);
#5610=VERTEX_POINT('',#12819);
#5611=VERTEX_POINT('',#12821);
#5612=VERTEX_POINT('',#12828);
#5613=VERTEX_POINT('',#12830);
#5614=VERTEX_POINT('',#12834);
#5615=VERTEX_POINT('',#12838);
#5616=VERTEX_POINT('',#12842);
#5617=VERTEX_POINT('',#12846);
#5618=VERTEX_POINT('',#12850);
#5619=VERTEX_POINT('',#12854);
#5620=VERTEX_POINT('',#12923);
#5621=VERTEX_POINT('',#12925);
#5622=VERTEX_POINT('',#12928);
#5623=VERTEX_POINT('',#12932);
#5624=VERTEX_POINT('',#12934);
#5625=VERTEX_POINT('',#12937);
#5626=VERTEX_POINT('',#12942);
#5627=VERTEX_POINT('',#12944);
#5628=VERTEX_POINT('',#12946);
#5629=VERTEX_POINT('',#12948);
#5630=VERTEX_POINT('',#12950);
#5631=VERTEX_POINT('',#12952);
#5632=VERTEX_POINT('',#12954);
#5633=VERTEX_POINT('',#12955);
#5634=VERTEX_POINT('',#12957);
#5635=VERTEX_POINT('',#12959);
#5636=VERTEX_POINT('',#12963);
#5637=VERTEX_POINT('',#12964);
#5638=VERTEX_POINT('',#12966);
#5639=VERTEX_POINT('',#12968);
#5640=VERTEX_POINT('',#12972);
#5641=VERTEX_POINT('',#12973);
#5642=VERTEX_POINT('',#12975);
#5643=VERTEX_POINT('',#12977);
#5644=VERTEX_POINT('',#12984);
#5645=VERTEX_POINT('',#12989);
#5646=VERTEX_POINT('',#13003);
#5647=VERTEX_POINT('',#13005);
#5648=VERTEX_POINT('',#13006);
#5649=VERTEX_POINT('',#13008);
#5650=VERTEX_POINT('',#13010);
#5651=VERTEX_POINT('',#13012);
#5652=VERTEX_POINT('',#13014);
#5653=VERTEX_POINT('',#13016);
#5654=VERTEX_POINT('',#13018);
#5655=VERTEX_POINT('',#13020);
#5656=VERTEX_POINT('',#13022);
#5657=VERTEX_POINT('',#13024);
#5658=VERTEX_POINT('',#13026);
#5659=VERTEX_POINT('',#13033);
#5660=VERTEX_POINT('',#13035);
#5661=VERTEX_POINT('',#13045);
#5662=VERTEX_POINT('',#13050);
#5663=VERTEX_POINT('',#13057);
#5664=VERTEX_POINT('',#13062);
#5665=VERTEX_POINT('',#13069);
#5666=VERTEX_POINT('',#13074);
#5667=VERTEX_POINT('',#13081);
#5668=VERTEX_POINT('',#13086);
#5669=VERTEX_POINT('',#13093);
#5670=VERTEX_POINT('',#13098);
#5671=VERTEX_POINT('',#13102);
#5672=VERTEX_POINT('',#13104);
#5673=VERTEX_POINT('',#13108);
#5674=VERTEX_POINT('',#13110);
#5675=VERTEX_POINT('',#13114);
#5676=VERTEX_POINT('',#13116);
#5677=VERTEX_POINT('',#13120);
#5678=VERTEX_POINT('',#13122);
#5679=VERTEX_POINT('',#13126);
#5680=VERTEX_POINT('',#13128);
#5681=VERTEX_POINT('',#13132);
#5682=VERTEX_POINT('',#13134);
#5683=VERTEX_POINT('',#13138);
#5684=VERTEX_POINT('',#13141);
#5685=VERTEX_POINT('',#13144);
#5686=VERTEX_POINT('',#13147);
#5687=VERTEX_POINT('',#13150);
#5688=VERTEX_POINT('',#13153);
#5689=VERTEX_POINT('',#13156);
#5690=VERTEX_POINT('',#13159);
#5691=VERTEX_POINT('',#13162);
#5692=VERTEX_POINT('',#13165);
#5693=VERTEX_POINT('',#13168);
#5694=VERTEX_POINT('',#13171);
#5695=VERTEX_POINT('',#13174);
#5696=VERTEX_POINT('',#13177);
#5697=VERTEX_POINT('',#13180);
#5698=VERTEX_POINT('',#13183);
#5699=VERTEX_POINT('',#13186);
#5700=VERTEX_POINT('',#13189);
#5701=VERTEX_POINT('',#13192);
#5702=VERTEX_POINT('',#13195);
#5703=VERTEX_POINT('',#13198);
#5704=VERTEX_POINT('',#13201);
#5705=VERTEX_POINT('',#13204);
#5706=VERTEX_POINT('',#13207);
#5707=VERTEX_POINT('',#13210);
#5708=VERTEX_POINT('',#13213);
#5709=VERTEX_POINT('',#13223);
#5710=VERTEX_POINT('',#13226);
#5711=VERTEX_POINT('',#13229);
#5712=VERTEX_POINT('',#13232);
#5713=VERTEX_POINT('',#13238);
#5714=VERTEX_POINT('',#13241);
#5715=VERTEX_POINT('',#13244);
#5716=VERTEX_POINT('',#13256);
#5717=VERTEX_POINT('',#13258);
#5718=VERTEX_POINT('',#13262);
#5719=VERTEX_POINT('',#13266);
#5720=VERTEX_POINT('',#13273);
#5721=VERTEX_POINT('',#13277);
#5722=VERTEX_POINT('',#13281);
#5723=VERTEX_POINT('',#13285);
#5724=VERTEX_POINT('',#13289);
#5725=VERTEX_POINT('',#13294);
#5726=VERTEX_POINT('',#13295);
#5727=VERTEX_POINT('',#13297);
#5728=VERTEX_POINT('',#13299);
#5729=VERTEX_POINT('',#13301);
#5730=VERTEX_POINT('',#13303);
#5731=VERTEX_POINT('',#13305);
#5732=VERTEX_POINT('',#13307);
#5733=VERTEX_POINT('',#13310);
#5734=VERTEX_POINT('',#13311);
#5735=VERTEX_POINT('',#13313);
#5736=VERTEX_POINT('',#13315);
#5737=VERTEX_POINT('',#13317);
#5738=VERTEX_POINT('',#13319);
#5739=VERTEX_POINT('',#13323);
#5740=VERTEX_POINT('',#13325);
#5741=VERTEX_POINT('',#13326);
#5742=VERTEX_POINT('',#13328);
#5743=VERTEX_POINT('',#13330);
#5744=VERTEX_POINT('',#13332);
#5745=VERTEX_POINT('',#13334);
#5746=VERTEX_POINT('',#13338);
#5747=VERTEX_POINT('',#13340);
#5748=VERTEX_POINT('',#13344);
#5749=VERTEX_POINT('',#13348);
#5750=VERTEX_POINT('',#13352);
#5751=VERTEX_POINT('',#13356);
#5752=VERTEX_POINT('',#13360);
#5753=VERTEX_POINT('',#13364);
#5754=VERTEX_POINT('',#13370);
#5755=VERTEX_POINT('',#13371);
#5756=VERTEX_POINT('',#13373);
#5757=VERTEX_POINT('',#13375);
#5758=VERTEX_POINT('',#13379);
#5759=VERTEX_POINT('',#13381);
#5760=VERTEX_POINT('',#13385);
#5761=VERTEX_POINT('',#13387);
#5762=VERTEX_POINT('',#13391);
#5763=VERTEX_POINT('',#13393);
#5764=VERTEX_POINT('',#13397);
#5765=VERTEX_POINT('',#13399);
#5766=VERTEX_POINT('',#13403);
#5767=VERTEX_POINT('',#13405);
#5768=VERTEX_POINT('',#13409);
#5769=VERTEX_POINT('',#13411);
#5770=VERTEX_POINT('',#13415);
#5771=VERTEX_POINT('',#13417);
#5772=VERTEX_POINT('',#13421);
#5773=VERTEX_POINT('',#13423);
#5774=VERTEX_POINT('',#13427);
#5775=VERTEX_POINT('',#13429);
#5776=VERTEX_POINT('',#13433);
#5777=VERTEX_POINT('',#13435);
#5778=VERTEX_POINT('',#13439);
#5779=VERTEX_POINT('',#13440);
#5780=VERTEX_POINT('',#13442);
#5781=VERTEX_POINT('',#13444);
#5782=VERTEX_POINT('',#13448);
#5783=VERTEX_POINT('',#13450);
#5784=VERTEX_POINT('',#13454);
#5785=VERTEX_POINT('',#13456);
#5786=VERTEX_POINT('',#13460);
#5787=VERTEX_POINT('',#13462);
#5788=VERTEX_POINT('',#13466);
#5789=VERTEX_POINT('',#13468);
#5790=VERTEX_POINT('',#13472);
#5791=VERTEX_POINT('',#13474);
#5792=VERTEX_POINT('',#13478);
#5793=VERTEX_POINT('',#13480);
#5794=VERTEX_POINT('',#13484);
#5795=VERTEX_POINT('',#13485);
#5796=VERTEX_POINT('',#13487);
#5797=VERTEX_POINT('',#13489);
#5798=VERTEX_POINT('',#13493);
#5799=VERTEX_POINT('',#13495);
#5800=VERTEX_POINT('',#13499);
#5801=VERTEX_POINT('',#13501);
#5802=VERTEX_POINT('',#13505);
#5803=VERTEX_POINT('',#13507);
#5804=VERTEX_POINT('',#13511);
#5805=VERTEX_POINT('',#13513);
#5806=VERTEX_POINT('',#13517);
#5807=VERTEX_POINT('',#13519);
#5808=VERTEX_POINT('',#13523);
#5809=VERTEX_POINT('',#13525);
#5810=VERTEX_POINT('',#13529);
#5811=VERTEX_POINT('',#13531);
#5812=VERTEX_POINT('',#13535);
#5813=VERTEX_POINT('',#13537);
#5814=VERTEX_POINT('',#13541);
#5815=VERTEX_POINT('',#13543);
#5816=VERTEX_POINT('',#13547);
#5817=VERTEX_POINT('',#13549);
#5818=VERTEX_POINT('',#13553);
#5819=VERTEX_POINT('',#13555);
#5820=VERTEX_POINT('',#13559);
#5821=VERTEX_POINT('',#13561);
#5822=VERTEX_POINT('',#13565);
#5823=VERTEX_POINT('',#13567);
#5824=VERTEX_POINT('',#13571);
#5825=VERTEX_POINT('',#13573);
#5826=VERTEX_POINT('',#13577);
#5827=VERTEX_POINT('',#13579);
#5828=VERTEX_POINT('',#13583);
#5829=VERTEX_POINT('',#13585);
#5830=VERTEX_POINT('',#13589);
#5831=VERTEX_POINT('',#13590);
#5832=VERTEX_POINT('',#13592);
#5833=VERTEX_POINT('',#13594);
#5834=VERTEX_POINT('',#13598);
#5835=VERTEX_POINT('',#13600);
#5836=VERTEX_POINT('',#13604);
#5837=VERTEX_POINT('',#13606);
#5838=VERTEX_POINT('',#13610);
#5839=VERTEX_POINT('',#13611);
#5840=VERTEX_POINT('',#13613);
#5841=VERTEX_POINT('',#13615);
#5842=VERTEX_POINT('',#13619);
#5843=VERTEX_POINT('',#13621);
#5844=VERTEX_POINT('',#13625);
#5845=VERTEX_POINT('',#13627);
#5846=VERTEX_POINT('',#13631);
#5847=VERTEX_POINT('',#13632);
#5848=VERTEX_POINT('',#13634);
#5849=VERTEX_POINT('',#13636);
#5850=VERTEX_POINT('',#13640);
#5851=VERTEX_POINT('',#13642);
#5852=VERTEX_POINT('',#13646);
#5853=VERTEX_POINT('',#13648);
#5854=VERTEX_POINT('',#13652);
#5855=VERTEX_POINT('',#13654);
#5856=VERTEX_POINT('',#13658);
#5857=VERTEX_POINT('',#13660);
#5858=VERTEX_POINT('',#13664);
#5859=VERTEX_POINT('',#13665);
#5860=VERTEX_POINT('',#13667);
#5861=VERTEX_POINT('',#13669);
#5862=VERTEX_POINT('',#13673);
#5863=VERTEX_POINT('',#13675);
#5864=VERTEX_POINT('',#13679);
#5865=VERTEX_POINT('',#13681);
#5866=VERTEX_POINT('',#13685);
#5867=VERTEX_POINT('',#13686);
#5868=VERTEX_POINT('',#13688);
#5869=VERTEX_POINT('',#13690);
#5870=VERTEX_POINT('',#13694);
#5871=VERTEX_POINT('',#13696);
#5872=VERTEX_POINT('',#13700);
#5873=VERTEX_POINT('',#13702);
#5874=VERTEX_POINT('',#13706);
#5875=VERTEX_POINT('',#13707);
#5876=VERTEX_POINT('',#13709);
#5877=VERTEX_POINT('',#13711);
#5878=VERTEX_POINT('',#13715);
#5879=VERTEX_POINT('',#13717);
#5880=VERTEX_POINT('',#13721);
#5881=VERTEX_POINT('',#13723);
#5882=VERTEX_POINT('',#13727);
#5883=VERTEX_POINT('',#13728);
#5884=VERTEX_POINT('',#13730);
#5885=VERTEX_POINT('',#13732);
#5886=VERTEX_POINT('',#13736);
#5887=VERTEX_POINT('',#13738);
#5888=VERTEX_POINT('',#13742);
#5889=VERTEX_POINT('',#13744);
#5890=VERTEX_POINT('',#13748);
#5891=VERTEX_POINT('',#13750);
#5892=VERTEX_POINT('',#13754);
#5893=VERTEX_POINT('',#13756);
#5894=VERTEX_POINT('',#13760);
#5895=VERTEX_POINT('',#13762);
#5896=VERTEX_POINT('',#13766);
#5897=VERTEX_POINT('',#13768);
#5898=VERTEX_POINT('',#13772);
#5899=VERTEX_POINT('',#13774);
#5900=VERTEX_POINT('',#13778);
#5901=VERTEX_POINT('',#13780);
#5902=VERTEX_POINT('',#13784);
#5903=VERTEX_POINT('',#13786);
#5904=VERTEX_POINT('',#13790);
#5905=VERTEX_POINT('',#13792);
#5906=VERTEX_POINT('',#13796);
#5907=VERTEX_POINT('',#13798);
#5908=VERTEX_POINT('',#13802);
#5909=VERTEX_POINT('',#13804);
#5910=VERTEX_POINT('',#13808);
#5911=VERTEX_POINT('',#13810);
#5912=VERTEX_POINT('',#13814);
#5913=VERTEX_POINT('',#13816);
#5914=VERTEX_POINT('',#13820);
#5915=VERTEX_POINT('',#13822);
#5916=VERTEX_POINT('',#13826);
#5917=VERTEX_POINT('',#13828);
#5918=VERTEX_POINT('',#13832);
#5919=VERTEX_POINT('',#13834);
#5920=VERTEX_POINT('',#13838);
#5921=VERTEX_POINT('',#13840);
#5922=VERTEX_POINT('',#13844);
#5923=VERTEX_POINT('',#13846);
#5924=VERTEX_POINT('',#13850);
#5925=VERTEX_POINT('',#13851);
#5926=VERTEX_POINT('',#13853);
#5927=VERTEX_POINT('',#13855);
#5928=VERTEX_POINT('',#13859);
#5929=VERTEX_POINT('',#13861);
#5930=VERTEX_POINT('',#13865);
#5931=VERTEX_POINT('',#13867);
#5932=VERTEX_POINT('',#13871);
#5933=VERTEX_POINT('',#13873);
#5934=VERTEX_POINT('',#13877);
#5935=VERTEX_POINT('',#13879);
#5936=VERTEX_POINT('',#13883);
#5937=VERTEX_POINT('',#13885);
#5938=VERTEX_POINT('',#13889);
#5939=VERTEX_POINT('',#13891);
#5940=VERTEX_POINT('',#13895);
#5941=VERTEX_POINT('',#13897);
#5942=VERTEX_POINT('',#13901);
#5943=VERTEX_POINT('',#13903);
#5944=VERTEX_POINT('',#13907);
#5945=VERTEX_POINT('',#13909);
#5946=VERTEX_POINT('',#13913);
#5947=VERTEX_POINT('',#13915);
#5948=VERTEX_POINT('',#13919);
#5949=VERTEX_POINT('',#13920);
#5950=VERTEX_POINT('',#13922);
#5951=VERTEX_POINT('',#13924);
#5952=VERTEX_POINT('',#13928);
#5953=VERTEX_POINT('',#13930);
#5954=VERTEX_POINT('',#13934);
#5955=VERTEX_POINT('',#13936);
#5956=VERTEX_POINT('',#13940);
#5957=VERTEX_POINT('',#13941);
#5958=VERTEX_POINT('',#13943);
#5959=VERTEX_POINT('',#13945);
#5960=VERTEX_POINT('',#13949);
#5961=VERTEX_POINT('',#13951);
#5962=VERTEX_POINT('',#13955);
#5963=VERTEX_POINT('',#13957);
#5964=VERTEX_POINT('',#13961);
#5965=VERTEX_POINT('',#13963);
#5966=VERTEX_POINT('',#13967);
#5967=VERTEX_POINT('',#13969);
#5968=VERTEX_POINT('',#13973);
#5969=VERTEX_POINT('',#13975);
#5970=VERTEX_POINT('',#13979);
#5971=VERTEX_POINT('',#13981);
#5972=VERTEX_POINT('',#13985);
#5973=VERTEX_POINT('',#13987);
#5974=VERTEX_POINT('',#13991);
#5975=VERTEX_POINT('',#13993);
#5976=VERTEX_POINT('',#13997);
#5977=VERTEX_POINT('',#13998);
#5978=VERTEX_POINT('',#14000);
#5979=VERTEX_POINT('',#14002);
#5980=VERTEX_POINT('',#14006);
#5981=VERTEX_POINT('',#14008);
#5982=VERTEX_POINT('',#14012);
#5983=VERTEX_POINT('',#14014);
#5984=VERTEX_POINT('',#14018);
#5985=VERTEX_POINT('',#14020);
#5986=VERTEX_POINT('',#14024);
#5987=VERTEX_POINT('',#14026);
#5988=VERTEX_POINT('',#14030);
#5989=VERTEX_POINT('',#14032);
#5990=VERTEX_POINT('',#14036);
#5991=VERTEX_POINT('',#14038);
#5992=VERTEX_POINT('',#14042);
#5993=VERTEX_POINT('',#14044);
#5994=VERTEX_POINT('',#14048);
#5995=VERTEX_POINT('',#14050);
#5996=VERTEX_POINT('',#14054);
#5997=VERTEX_POINT('',#14056);
#5998=VERTEX_POINT('',#14060);
#5999=VERTEX_POINT('',#14062);
#6000=VERTEX_POINT('',#14066);
#6001=VERTEX_POINT('',#14067);
#6002=VERTEX_POINT('',#14069);
#6003=VERTEX_POINT('',#14071);
#6004=VERTEX_POINT('',#14075);
#6005=VERTEX_POINT('',#14077);
#6006=VERTEX_POINT('',#14081);
#6007=VERTEX_POINT('',#14083);
#6008=VERTEX_POINT('',#14087);
#6009=VERTEX_POINT('',#14088);
#6010=VERTEX_POINT('',#14090);
#6011=VERTEX_POINT('',#14092);
#6012=VERTEX_POINT('',#14096);
#6013=VERTEX_POINT('',#14098);
#6014=VERTEX_POINT('',#14102);
#6015=VERTEX_POINT('',#14104);
#6016=VERTEX_POINT('',#14108);
#6017=VERTEX_POINT('',#14110);
#6018=VERTEX_POINT('',#14114);
#6019=VERTEX_POINT('',#14116);
#6020=VERTEX_POINT('',#14120);
#6021=VERTEX_POINT('',#14121);
#6022=VERTEX_POINT('',#14123);
#6023=VERTEX_POINT('',#14125);
#6024=VERTEX_POINT('',#14129);
#6025=VERTEX_POINT('',#14131);
#6026=VERTEX_POINT('',#14135);
#6027=VERTEX_POINT('',#14137);
#6028=VERTEX_POINT('',#14141);
#6029=VERTEX_POINT('',#14143);
#6030=VERTEX_POINT('',#14147);
#6031=VERTEX_POINT('',#14149);
#6032=VERTEX_POINT('',#14168);
#6033=VERTEX_POINT('',#14207);
#6034=VERTEX_POINT('',#14209);
#6035=VERTEX_POINT('',#14212);
#6036=VERTEX_POINT('',#14214);
#6037=VERTEX_POINT('',#14227);
#6038=VERTEX_POINT('',#14228);
#6039=VERTEX_POINT('',#14230);
#6040=VERTEX_POINT('',#14232);
#6041=VERTEX_POINT('',#14234);
#6042=VERTEX_POINT('',#14236);
#6043=VERTEX_POINT('',#14238);
#6044=VERTEX_POINT('',#14240);
#6045=VERTEX_POINT('',#14242);
#6046=VERTEX_POINT('',#14244);
#6047=VERTEX_POINT('',#14246);
#6048=VERTEX_POINT('',#14248);
#6049=VERTEX_POINT('',#14250);
#6050=VERTEX_POINT('',#14252);
#6051=VERTEX_POINT('',#14254);
#6052=VERTEX_POINT('',#14256);
#6053=VERTEX_POINT('',#14258);
#6054=VERTEX_POINT('',#14260);
#6055=VERTEX_POINT('',#14262);
#6056=VERTEX_POINT('',#14264);
#6057=VERTEX_POINT('',#14266);
#6058=VERTEX_POINT('',#14279);
#6059=VERTEX_POINT('',#14281);
#6060=VERTEX_POINT('',#14285);
#6061=VERTEX_POINT('',#14289);
#6062=VERTEX_POINT('',#14293);
#6063=VERTEX_POINT('',#14297);
#6064=VERTEX_POINT('',#14301);
#6065=VERTEX_POINT('',#14305);
#6066=VERTEX_POINT('',#14309);
#6067=VERTEX_POINT('',#14313);
#6068=VERTEX_POINT('',#14317);
#6069=VERTEX_POINT('',#14321);
#6070=VERTEX_POINT('',#14325);
#6071=VERTEX_POINT('',#14329);
#6072=VERTEX_POINT('',#14333);
#6073=VERTEX_POINT('',#14337);
#6074=VERTEX_POINT('',#14341);
#6075=VERTEX_POINT('',#14345);
#6076=VERTEX_POINT('',#14349);
#6077=VERTEX_POINT('',#14353);
#6078=VERTEX_POINT('',#14357);
#6079=VERTEX_POINT('',#14377);
#6080=VERTEX_POINT('',#14379);
#6081=VERTEX_POINT('',#14382);
#6082=VERTEX_POINT('',#14384);
#6083=VERTEX_POINT('',#14387);
#6084=VERTEX_POINT('',#14388);
#6085=VERTEX_POINT('',#14390);
#6086=VERTEX_POINT('',#14392);
#6087=VERTEX_POINT('',#14396);
#6088=VERTEX_POINT('',#14397);
#6089=VERTEX_POINT('',#14402);
#6090=VERTEX_POINT('',#14404);
#6091=VERTEX_POINT('',#14409);
#6092=VERTEX_POINT('',#14411);
#6093=VERTEX_POINT('',#14416);
#6094=VERTEX_POINT('',#14418);
#6095=VERTEX_POINT('',#14424);
#6096=VERTEX_POINT('',#14426);
#6097=VERTEX_POINT('',#14430);
#6098=VERTEX_POINT('',#14432);
#6099=VERTEX_POINT('',#14436);
#6100=VERTEX_POINT('',#14438);
#6101=VERTEX_POINT('',#14442);
#6102=VERTEX_POINT('',#14444);
#6103=VERTEX_POINT('',#14446);
#6104=VERTEX_POINT('',#14450);
#6105=VERTEX_POINT('',#14452);
#6106=VERTEX_POINT('',#14454);
#6107=VERTEX_POINT('',#14456);
#6108=VERTEX_POINT('',#14460);
#6109=VERTEX_POINT('',#14461);
#6110=VERTEX_POINT('',#14463);
#6111=VERTEX_POINT('',#14465);
#6112=VERTEX_POINT('',#14469);
#6113=VERTEX_POINT('',#14470);
#6114=VERTEX_POINT('',#14475);
#6115=VERTEX_POINT('',#14477);
#6116=VERTEX_POINT('',#14482);
#6117=VERTEX_POINT('',#14484);
#6118=VERTEX_POINT('',#14489);
#6119=VERTEX_POINT('',#14491);
#6120=VERTEX_POINT('',#14497);
#6121=VERTEX_POINT('',#14499);
#6122=VERTEX_POINT('',#14503);
#6123=VERTEX_POINT('',#14505);
#6124=VERTEX_POINT('',#14512);
#6125=VERTEX_POINT('',#14514);
#6126=VERTEX_POINT('',#14516);
#6127=VERTEX_POINT('',#14518);
#6128=VERTEX_POINT('',#14520);
#6129=VERTEX_POINT('',#14522);
#6130=VERTEX_POINT('',#14524);
#6131=VERTEX_POINT('',#14526);
#6132=VERTEX_POINT('',#14528);
#6133=VERTEX_POINT('',#14530);
#6134=VERTEX_POINT('',#14532);
#6135=VERTEX_POINT('',#14534);
#6136=VERTEX_POINT('',#14536);
#6137=VERTEX_POINT('',#14540);
#6138=VERTEX_POINT('',#14544);
#6139=VERTEX_POINT('',#14548);
#6140=VERTEX_POINT('',#14552);
#6141=VERTEX_POINT('',#14556);
#6142=VERTEX_POINT('',#14560);
#6143=VERTEX_POINT('',#14564);
#6144=VERTEX_POINT('',#14568);
#6145=VERTEX_POINT('',#14572);
#6146=VERTEX_POINT('',#14576);
#6147=VERTEX_POINT('',#14580);
#6148=VERTEX_POINT('',#14584);
#6149=VERTEX_POINT('',#14588);
#6150=VERTEX_POINT('',#14595);
#6151=VERTEX_POINT('',#14597);
#6152=VERTEX_POINT('',#14599);
#6153=VERTEX_POINT('',#14604);
#6154=VERTEX_POINT('',#14606);
#6155=VERTEX_POINT('',#14608);
#6156=VERTEX_POINT('',#14613);
#6157=VERTEX_POINT('',#14617);
#6158=VERTEX_POINT('',#14622);
#6159=VERTEX_POINT('',#14623);
#6160=VERTEX_POINT('',#14625);
#6161=VERTEX_POINT('',#14627);
#6162=VERTEX_POINT('',#14631);
#6163=VERTEX_POINT('',#14632);
#6164=VERTEX_POINT('',#14634);
#6165=VERTEX_POINT('',#14636);
#6166=VERTEX_POINT('',#14640);
#6167=VERTEX_POINT('',#14641);
#6168=VERTEX_POINT('',#14643);
#6169=VERTEX_POINT('',#14645);
#6170=VERTEX_POINT('',#14649);
#6171=VERTEX_POINT('',#14650);
#6172=VERTEX_POINT('',#14652);
#6173=VERTEX_POINT('',#14654);
#6174=VERTEX_POINT('',#14658);
#6175=VERTEX_POINT('',#14659);
#6176=VERTEX_POINT('',#14661);
#6177=VERTEX_POINT('',#14663);
#6178=VERTEX_POINT('',#14667);
#6179=VERTEX_POINT('',#14668);
#6180=VERTEX_POINT('',#14670);
#6181=VERTEX_POINT('',#14672);
#6182=VERTEX_POINT('',#14676);
#6183=VERTEX_POINT('',#14677);
#6184=VERTEX_POINT('',#14679);
#6185=VERTEX_POINT('',#14681);
#6186=VERTEX_POINT('',#14685);
#6187=VERTEX_POINT('',#14686);
#6188=VERTEX_POINT('',#14688);
#6189=VERTEX_POINT('',#14690);
#6190=VERTEX_POINT('',#14694);
#6191=VERTEX_POINT('',#14695);
#6192=VERTEX_POINT('',#14697);
#6193=VERTEX_POINT('',#14699);
#6194=VERTEX_POINT('',#14703);
#6195=VERTEX_POINT('',#14704);
#6196=VERTEX_POINT('',#14706);
#6197=VERTEX_POINT('',#14708);
#6198=VERTEX_POINT('',#14712);
#6199=VERTEX_POINT('',#14715);
#6200=VERTEX_POINT('',#14719);
#6201=VERTEX_POINT('',#14722);
#6202=CIRCLE('',#8746,8.);
#6203=CIRCLE('',#8747,8.);
#6204=CIRCLE('',#8748,1.89999999999999);
#6205=CIRCLE('',#8749,1.89999999999999);
#6206=CIRCLE('',#8750,0.950000000000006);
#6207=CIRCLE('',#8751,0.950000000000008);
#6208=CIRCLE('',#8752,0.949999999999996);
#6209=CIRCLE('',#8753,0.950000000000001);
#6210=CIRCLE('',#8755,7.78529954419913);
#6211=CIRCLE('',#8757,7.78529954419913);
#6212=CIRCLE('',#8759,3.31970465695064);
#6213=CIRCLE('',#8760,7.43428933657892);
#6214=CIRCLE('',#8761,24.2388223235583);
#6215=CIRCLE('',#8762,7.43428933657892);
#6216=CIRCLE('',#8763,24.2388223235584);
#6217=CIRCLE('',#8765,0.499999999999963);
#6218=CIRCLE('',#8766,0.499999999999963);
#6219=CIRCLE('',#8768,0.499999999999963);
#6220=CIRCLE('',#8769,0.499999999999963);
#6221=CIRCLE('',#8771,2.);
#6222=CIRCLE('',#8772,2.72071067811866);
#6223=CIRCLE('',#8774,2.);
#6224=CIRCLE('',#8775,2.72071067811865);
#6225=CIRCLE('',#8777,1.62100000000002);
#6226=CIRCLE('',#8782,1.621);
#6227=CIRCLE('',#8787,1.621);
#6228=CIRCLE('',#8792,1.621);
#6229=CIRCLE('',#8797,1.89999999999999);
#6230=CIRCLE('',#8798,1.89999999999999);
#6231=CIRCLE('',#8800,1.5);
#6232=CIRCLE('',#8801,1.5);
#6233=CIRCLE('',#8803,1.5);
#6234=CIRCLE('',#8804,1.5);
#6235=CIRCLE('',#8810,2.);
#6236=CIRCLE('',#8811,2.);
#6237=CIRCLE('',#8812,2.);
#6238=CIRCLE('',#8814,2.);
#6239=CIRCLE('',#8815,2.);
#6240=CIRCLE('',#8816,2.);
#6241=CIRCLE('',#8818,2.);
#6242=CIRCLE('',#8819,2.);
#6243=CIRCLE('',#8820,2.);
#6244=CIRCLE('',#8822,2.);
#6245=CIRCLE('',#8823,2.);
#6246=CIRCLE('',#8824,2.);
#6247=CIRCLE('',#8826,3.5);
#6248=CIRCLE('',#8827,3.5);
#6249=CIRCLE('',#8830,2.);
#6250=CIRCLE('',#8831,2.);
#6251=CIRCLE('',#8832,2.);
#6252=CIRCLE('',#8834,2.);
#6253=CIRCLE('',#8835,2.);
#6254=CIRCLE('',#8836,2.);
#6255=CIRCLE('',#8838,3.5);
#6256=CIRCLE('',#8839,3.5);
#6257=CIRCLE('',#8842,2.);
#6258=CIRCLE('',#8843,2.);
#6259=CIRCLE('',#8844,2.);
#6260=CIRCLE('',#8846,2.);
#6261=CIRCLE('',#8847,2.);
#6262=CIRCLE('',#8848,2.);
#6263=CIRCLE('',#8850,3.50000000000003);
#6264=CIRCLE('',#8851,3.50000000000003);
#6265=CIRCLE('',#8852,1.5);
#6266=CIRCLE('',#8853,1.5);
#6267=CIRCLE('',#8854,1.5);
#6268=CIRCLE('',#8855,1.5);
#6269=CIRCLE('',#8863,0.5);
#6270=CIRCLE('',#8864,0.5);
#6271=CIRCLE('',#8866,0.5);
#6272=CIRCLE('',#8868,0.5);
#6273=CIRCLE('',#8870,0.5);
#6274=CIRCLE('',#8872,0.5);
#6275=CIRCLE('',#8874,0.5);
#6276=CIRCLE('',#8876,0.5);
#6277=CIRCLE('',#8918,2.);
#6278=CIRCLE('',#8920,3.5);
#6279=CIRCLE('',#8923,3.5);
#6280=CIRCLE('',#8925,2.);
#6281=CIRCLE('',#8928,3.5);
#6282=CIRCLE('',#8930,2.);
#6283=CIRCLE('',#8933,2.);
#6284=CIRCLE('',#8935,3.5);
#6285=CIRCLE('',#8938,1.621);
#6286=CIRCLE('',#8939,1.621);
#6287=CIRCLE('',#8943,1.621);
#6288=CIRCLE('',#8946,1.621);
#6289=CIRCLE('',#8947,1.621);
#6290=CIRCLE('',#8951,1.621);
#6291=CIRCLE('',#8954,2.65);
#6292=CIRCLE('',#8956,2.65);
#6293=CIRCLE('',#8958,2.72071067811865);
#6294=CIRCLE('',#8960,3.42928932188135);
#6295=CIRCLE('',#8962,3.5);
#6296=CIRCLE('',#8965,2.65);
#6297=CIRCLE('',#8967,2.65);
#6298=CIRCLE('',#8969,2.72071067811866);
#6299=CIRCLE('',#8971,3.42928932188135);
#6300=CIRCLE('',#8973,3.5);
#6301=CIRCLE('',#8976,2.55);
#6302=CIRCLE('',#8977,2.55);
#6303=CIRCLE('',#8979,2.98442603078501);
#6304=CIRCLE('',#8983,23.7540477708703);
#6305=CIRCLE('',#8985,23.7540477708704);
#6306=CIRCLE('',#8987,0.950000000000006);
#6307=CIRCLE('',#8990,0.950000000000001);
#6308=CIRCLE('',#8993,0.949999999999996);
#6309=CIRCLE('',#8996,0.950000000000008);
#6310=CIRCLE('',#8999,0.5);
#6311=CIRCLE('',#9001,0.5);
#6312=CIRCLE('',#9003,0.5);
#6313=CIRCLE('',#9005,0.5);
#6314=CIRCLE('',#9006,0.5);
#6315=CIRCLE('',#9008,0.5);
#6316=CIRCLE('',#9010,0.5);
#6317=CIRCLE('',#9012,0.5);
#6318=CIRCLE('',#9014,3.5);
#6319=CIRCLE('',#9015,3.4292893218814);
#6320=CIRCLE('',#9017,3.5);
#6321=CIRCLE('',#9020,3.5);
#6322=CIRCLE('',#9021,3.4292893218814);
#6323=CIRCLE('',#9023,3.5);
#6324=CIRCLE('',#9027,0.5);
#6325=CIRCLE('',#9028,0.5);
#6326=CIRCLE('',#9029,0.5);
#6327=CIRCLE('',#9030,0.5);
#6328=CIRCLE('',#9031,0.5);
#6329=CIRCLE('',#9032,4.15);
#6330=CIRCLE('',#9033,4.15000000000003);
#6331=CIRCLE('',#9034,0.6);
#6332=CIRCLE('',#9036,6.);
#6333=CIRCLE('',#9037,6.);
#6334=CIRCLE('',#9039,6.);
#6335=CIRCLE('',#9040,6.);
#6336=CIRCLE('',#9042,5.25);
#6337=CIRCLE('',#9044,5.25);
#6338=CIRCLE('',#9046,4.19999999999999);
#6339=CIRCLE('',#9047,6.982);
#6340=CIRCLE('',#9048,6.982);
#6341=CIRCLE('',#9049,6.982);
#6342=CIRCLE('',#9050,6.982);
#6343=CIRCLE('',#9051,6.982);
#6344=CIRCLE('',#9052,6.982);
#6345=CIRCLE('',#9054,7.19999999999999);
#6346=CIRCLE('',#9056,7.19999999999999);
#6347=CIRCLE('',#9058,7.19999999999999);
#6348=CIRCLE('',#9060,7.19999999999999);
#6349=CIRCLE('',#9062,7.19999999999999);
#6350=CIRCLE('',#9064,7.19999999999999);
#6351=CIRCLE('',#9066,7.19999999999999);
#6352=CIRCLE('',#9068,7.19999999999999);
#6353=CIRCLE('',#9070,7.19999999999999);
#6354=CIRCLE('',#9072,7.19999999999999);
#6355=CIRCLE('',#9074,7.19999999999999);
#6356=CIRCLE('',#9076,7.19999999999999);
#6357=CIRCLE('',#9078,2.75216672986296);
#6358=CIRCLE('',#9080,2.75108336493148);
#6359=CIRCLE('',#9082,0.199999999999988);
#6360=CIRCLE('',#9084,0.199999999999988);
#6361=CIRCLE('',#9086,2.75054168246574);
#6362=CIRCLE('',#9088,2.75);
#6363=CIRCLE('',#9090,3.229974596029);
#6364=CIRCLE('',#9092,4.09613131089126);
#6365=CIRCLE('',#9094,5.25);
#6366=CIRCLE('',#9096,5.25);
#6367=CIRCLE('',#9098,5.04999999999998);
#6368=CIRCLE('',#9100,4.6);
#6369=CIRCLE('',#9102,4.4);
#6370=CIRCLE('',#9104,4.40000000000024);
#6371=CIRCLE('',#9106,4.42600000000017);
#6372=CIRCLE('',#9108,5.07499999999979);
#6373=CIRCLE('',#9110,5.09999999999983);
#6374=CIRCLE('',#9112,5.10000000000022);
#6375=CIRCLE('',#9114,5.12600000000026);
#6376=CIRCLE('',#9116,5.9749999999998);
#6377=CIRCLE('',#9118,5.99999999999984);
#6378=CIRCLE('',#9120,6.);
#6379=CIRCLE('',#9122,5.98489222989457);
#6380=CIRCLE('',#9124,5.80907308962311);
#6381=CIRCLE('',#9126,5.31662710429299);
#6382=CIRCLE('',#9128,4.19999999999999);
#6383=CIRCLE('',#9131,7.29999999999999);
#6384=CIRCLE('',#9133,7.5);
#6385=CIRCLE('',#9135,7.5);
#6386=CIRCLE('',#9137,7.);
#6387=CIRCLE('',#9140,5.25);
#6388=CIRCLE('',#9142,5.04999999999999);
#6389=CIRCLE('',#9144,4.15);
#6390=CIRCLE('',#9155,4.15000000000003);
#6391=CIRCLE('',#9158,0.6);
#6392=CIRCLE('',#9162,0.5);
#6393=CIRCLE('',#9165,0.5);
#6394=CIRCLE('',#9168,0.5);
#6395=CIRCLE('',#9171,0.5);
#6396=CIRCLE('',#9174,0.5);
#6397=CIRCLE('',#9178,1.);
#6398=CIRCLE('',#9179,1.);
#6399=CIRCLE('',#9180,1.);
#6400=CIRCLE('',#9181,1.);
#6401=CIRCLE('',#9183,2.59999999999999);
#6402=CIRCLE('',#9185,1.);
#6403=CIRCLE('',#9188,1.);
#6404=CIRCLE('',#9191,1.);
#6405=CIRCLE('',#9194,1.);
#6406=CIRCLE('',#9209,1.9);
#6407=CIRCLE('',#9210,1.9);
#6408=CIRCLE('',#9215,1.9);
#6409=CIRCLE('',#9216,1.9);
#6410=CIRCLE('',#9222,1.60100000000107);
#6411=CIRCLE('',#9223,1.60100000000107);
#6412=CIRCLE('',#9226,0.43400000000007);
#6413=CIRCLE('',#9227,0.43400000000007);
#6414=CIRCLE('',#9229,0.554000000000043);
#6415=CIRCLE('',#9230,0.554000000000043);
#6416=CIRCLE('',#9232,0.802000000000058);
#6417=CIRCLE('',#9233,0.802000000000058);
#6418=CIRCLE('',#9238,0.509000000000026);
#6419=CIRCLE('',#9239,0.509000000000026);
#6420=CIRCLE('',#9241,0.211999999999928);
#6421=CIRCLE('',#9242,0.211999999999928);
#6422=CIRCLE('',#9244,0.371999999999894);
#6423=CIRCLE('',#9245,0.371999999999894);
#6424=CIRCLE('',#9247,0.555999999999967);
#6425=CIRCLE('',#9248,0.555999999999967);
#6426=CIRCLE('',#9250,0.889999999999892);
#6427=CIRCLE('',#9251,0.889999999999892);
#6428=CIRCLE('',#9269,1.9);
#6429=CIRCLE('',#9270,1.9);
#6430=CIRCLE('',#9276,1.12999999999988);
#6431=CIRCLE('',#9277,1.12999999999988);
#6432=CIRCLE('',#9279,0.887999999999654);
#6433=CIRCLE('',#9280,0.887999999999654);
#6434=CIRCLE('',#9282,0.817999999999922);
#6435=CIRCLE('',#9283,0.817999999999922);
#6436=CIRCLE('',#9285,1.44100000000004);
#6437=CIRCLE('',#9286,1.44100000000004);
#6438=CIRCLE('',#9288,0.818000000000092);
#6439=CIRCLE('',#9289,0.818000000000092);
#6440=CIRCLE('',#9291,0.888000000000163);
#6441=CIRCLE('',#9292,0.888000000000163);
#6442=CIRCLE('',#9294,1.13000000000032);
#6443=CIRCLE('',#9295,1.13000000000032);
#6444=CIRCLE('',#9297,1.54599999999998);
#6445=CIRCLE('',#9298,1.54599999999998);
#6446=CIRCLE('',#9300,1.14599999999995);
#6447=CIRCLE('',#9301,1.14599999999995);
#6448=CIRCLE('',#9303,0.870000000000062);
#6449=CIRCLE('',#9304,0.870000000000062);
#6450=CIRCLE('',#9306,1.07099999999995);
#6451=CIRCLE('',#9307,1.07099999999995);
#6452=CIRCLE('',#9309,1.8499999999994);
#6453=CIRCLE('',#9310,1.8499999999994);
#6454=CIRCLE('',#9312,1.52400000000018);
#6455=CIRCLE('',#9313,1.52400000000018);
#6456=CIRCLE('',#9315,0.761999999998257);
#6457=CIRCLE('',#9316,0.761999999998257);
#6458=CIRCLE('',#9318,0.761999999998746);
#6459=CIRCLE('',#9319,0.761999999998746);
#6460=CIRCLE('',#9321,1.52400000000055);
#6461=CIRCLE('',#9322,1.52400000000055);
#6462=CIRCLE('',#9324,1.84999999999779);
#6463=CIRCLE('',#9325,1.84999999999779);
#6464=CIRCLE('',#9327,1.0710000000001);
#6465=CIRCLE('',#9328,1.0710000000001);
#6466=CIRCLE('',#9330,0.869999999999979);
#6467=CIRCLE('',#9331,0.869999999999979);
#6468=CIRCLE('',#9333,1.14600000000003);
#6469=CIRCLE('',#9334,1.14600000000003);
#6470=CIRCLE('',#9371,0.75);
#6471=CIRCLE('',#9372,0.75);
#6472=CIRCLE('',#9386,2.5);
#6473=CIRCLE('',#9387,2.5);
#6474=CIRCLE('',#9392,2.59999999999999);
#6475=CIRCLE('',#9396,2.5);
#6476=CIRCLE('',#9397,2.5);
#6477=CIRCLE('',#9400,1.54600000000001);
#6478=CIRCLE('',#9401,1.54600000000001);
#6479=CIRCLE('',#9407,0.999999999999999);
#6480=CIRCLE('',#9408,0.999999999999999);
#6481=CIRCLE('',#9412,0.75);
#6482=CIRCLE('',#9413,0.75);
#6483=CIRCLE('',#9415,0.75);
#6484=CIRCLE('',#9416,0.75);
#6485=CIRCLE('',#9428,1.31799999999983);
#6486=CIRCLE('',#9429,0.942999999999871);
#6487=CIRCLE('',#9430,0.879999999999998);
#6488=CIRCLE('',#9431,0.444999999999991);
#6489=CIRCLE('',#9432,0.444999999999991);
#6490=CIRCLE('',#9433,0.880000000000035);
#6491=CIRCLE('',#9434,0.943000000000116);
#6492=CIRCLE('',#9435,1.31799999999959);
#6493=CIRCLE('',#9436,0.985000000000039);
#6494=CIRCLE('',#9437,0.895000000000107);
#6495=CIRCLE('',#9438,0.452999999999873);
#6496=CIRCLE('',#9439,0.358999999999716);
#6497=CIRCLE('',#9440,0.657000000000482);
#6498=CIRCLE('',#9441,0.704000000001198);
#6499=CIRCLE('',#9442,0.506000000000079);
#6500=CIRCLE('',#9443,0.703999999998682);
#6501=CIRCLE('',#9444,0.657000000000157);
#6502=CIRCLE('',#9445,0.35900000000021);
#6503=CIRCLE('',#9446,0.452999999999995);
#6504=CIRCLE('',#9447,0.895000000000216);
#6505=CIRCLE('',#9448,0.985000000000162);
#6506=CIRCLE('',#9459,0.942999999999871);
#6507=CIRCLE('',#9461,1.31799999999983);
#6508=CIRCLE('',#9463,0.985000000000162);
#6509=CIRCLE('',#9465,0.895000000000216);
#6510=CIRCLE('',#9467,0.452999999999995);
#6511=CIRCLE('',#9469,0.35900000000021);
#6512=CIRCLE('',#9471,0.657000000000157);
#6513=CIRCLE('',#9473,0.703999999998682);
#6514=CIRCLE('',#9475,0.506000000000079);
#6515=CIRCLE('',#9477,0.704000000001198);
#6516=CIRCLE('',#9479,0.657000000000482);
#6517=CIRCLE('',#9481,0.358999999999716);
#6518=CIRCLE('',#9483,0.452999999999873);
#6519=CIRCLE('',#9485,0.895000000000107);
#6520=CIRCLE('',#9487,0.985000000000039);
#6521=CIRCLE('',#9489,1.31799999999959);
#6522=CIRCLE('',#9491,0.943000000000116);
#6523=CIRCLE('',#9493,0.880000000000035);
#6524=CIRCLE('',#9495,0.444999999999991);
#6525=CIRCLE('',#9497,0.444999999999991);
#6526=CIRCLE('',#9499,0.879999999999998);
#6527=CIRCLE('',#9509,2.);
#6528=CIRCLE('',#9510,2.65);
#6529=CIRCLE('',#9512,2.);
#6530=CIRCLE('',#9513,2.65);
#6531=CIRCLE('',#9540,1.5);
#6532=CIRCLE('',#9541,3.5);
#6533=CIRCLE('',#9542,3.50000000000006);
#6534=CIRCLE('',#9545,1.5);
#6535=CIRCLE('',#9546,1.621);
#6536=CIRCLE('',#9547,1.621);
#6537=CIRCLE('',#9550,1.621);
#6538=CIRCLE('',#9553,1.621);
#6539=CIRCLE('',#9567,3.50000000000006);
#6540=CIRCLE('',#9569,2.65);
#6541=CIRCLE('',#9572,3.5);
#6542=CIRCLE('',#9574,2.65);
#6543=EDGE_LOOP('',(#1873,#1874,#1875,#1876,#1877,#1878,#1879,#1880));
#6544=EDGE_LOOP('',(#1881,#1882,#1883,#1884,#1885,#1886,#1887,#1888,#1889,
#1890,#1891,#1892,#1893,#1894,#1895,#1896,#1897,#1898,#1899,#1900,#1901,
#1902,#1903,#1904,#1905,#1906,#1907,#1908,#1909,#1910,#1911,#1912,#1913,
#1914));
#6545=EDGE_LOOP('',(#1915,#1916,#1917,#1918,#1919,#1920,#1921,#1922));
#6546=EDGE_LOOP('',(#1923,#1924,#1925,#1926));
#6547=EDGE_LOOP('',(#1927,#1928,#1929,#1930));
#6548=EDGE_LOOP('',(#1931));
#6549=EDGE_LOOP('',(#1932,#1933,#1934,#1935));
#6550=EDGE_LOOP('',(#1936,#1937,#1938,#1939));
#6551=EDGE_LOOP('',(#1940,#1941,#1942,#1943));
#6552=EDGE_LOOP('',(#1944));
#6553=EDGE_LOOP('',(#1945));
#6554=EDGE_LOOP('',(#1946));
#6555=EDGE_LOOP('',(#1947));
#6556=EDGE_LOOP('',(#1948));
#6557=EDGE_LOOP('',(#1949,#1950,#1951,#1952));
#6558=EDGE_LOOP('',(#1953));
#6559=EDGE_LOOP('',(#1954,#1955,#1956,#1957));
#6560=EDGE_LOOP('',(#1958));
#6561=EDGE_LOOP('',(#1959,#1960,#1961,#1962));
#6562=EDGE_LOOP('',(#1963));
#6563=EDGE_LOOP('',(#1964,#1965,#1966,#1967));
#6564=EDGE_LOOP('',(#1968,#1969,#1970,#1971,#1972,#1973,#1974,#1975,#1976,
#1977,#1978,#1979,#1980,#1981,#1982,#1983,#1984,#1985,#1986,#1987,#1988,
#1989,#1990,#1991,#1992,#1993,#1994,#1995,#1996,#1997,#1998,#1999,#2000,
#2001));
#6565=EDGE_LOOP('',(#2002,#2003,#2004,#2005,#2006,#2007));
#6566=EDGE_LOOP('',(#2008,#2009,#2010,#2011,#2012,#2013));
#6567=EDGE_LOOP('',(#2014,#2015,#2016,#2017));
#6568=EDGE_LOOP('',(#2018,#2019,#2020,#2021));
#6569=EDGE_LOOP('',(#2022,#2023,#2024,#2025));
#6570=EDGE_LOOP('',(#2026,#2027,#2028,#2029));
#6571=EDGE_LOOP('',(#2030,#2031,#2032,#2033,#2034,#2035,#2036));
#6572=EDGE_LOOP('',(#2037,#2038,#2039,#2040,#2041,#2042,#2043));
#6573=EDGE_LOOP('',(#2044,#2045,#2046,#2047,#2048,#2049,#2050));
#6574=EDGE_LOOP('',(#2051,#2052,#2053,#2054,#2055,#2056,#2057));
#6575=EDGE_LOOP('',(#2058));
#6576=EDGE_LOOP('',(#2059));
#6577=EDGE_LOOP('',(#2060,#2061,#2062,#2063));
#6578=EDGE_LOOP('',(#2064,#2065,#2066,#2067));
#6579=EDGE_LOOP('',(#2068,#2069,#2070,#2071,#2072,#2073,#2074));
#6580=EDGE_LOOP('',(#2075,#2076,#2077,#2078,#2079,#2080,#2081));
#6581=EDGE_LOOP('',(#2082));
#6582=EDGE_LOOP('',(#2083));
#6583=EDGE_LOOP('',(#2084,#2085,#2086,#2087));
#6584=EDGE_LOOP('',(#2088,#2089,#2090,#2091));
#6585=EDGE_LOOP('',(#2092,#2093,#2094,#2095,#2096,#2097,#2098));
#6586=EDGE_LOOP('',(#2099,#2100,#2101,#2102,#2103,#2104,#2105));
#6587=EDGE_LOOP('',(#2106));
#6588=EDGE_LOOP('',(#2107));
#6589=EDGE_LOOP('',(#2108,#2109,#2110,#2111,#2112,#2113,#2114,#2115));
#6590=EDGE_LOOP('',(#2116,#2117,#2118,#2119));
#6591=EDGE_LOOP('',(#2120,#2121,#2122,#2123));
#6592=EDGE_LOOP('',(#2124,#2125,#2126,#2127));
#6593=EDGE_LOOP('',(#2128,#2129,#2130,#2131));
#6594=EDGE_LOOP('',(#2132,#2133,#2134,#2135));
#6595=EDGE_LOOP('',(#2136,#2137,#2138,#2139));
#6596=EDGE_LOOP('',(#2140,#2141,#2142,#2143));
#6597=EDGE_LOOP('',(#2144,#2145,#2146,#2147));
#6598=EDGE_LOOP('',(#2148,#2149,#2150,#2151));
#6599=EDGE_LOOP('',(#2152,#2153,#2154,#2155));
#6600=EDGE_LOOP('',(#2156,#2157,#2158,#2159));
#6601=EDGE_LOOP('',(#2160,#2161,#2162,#2163));
#6602=EDGE_LOOP('',(#2164,#2165,#2166,#2167));
#6603=EDGE_LOOP('',(#2168,#2169,#2170,#2171));
#6604=EDGE_LOOP('',(#2172,#2173,#2174,#2175));
#6605=EDGE_LOOP('',(#2176,#2177,#2178,#2179));
#6606=EDGE_LOOP('',(#2180,#2181,#2182,#2183));
#6607=EDGE_LOOP('',(#2184,#2185,#2186,#2187));
#6608=EDGE_LOOP('',(#2188,#2189,#2190,#2191));
#6609=EDGE_LOOP('',(#2192,#2193,#2194,#2195));
#6610=EDGE_LOOP('',(#2196,#2197,#2198,#2199,#2200,#2201));
#6611=EDGE_LOOP('',(#2202,#2203,#2204,#2205,#2206,#2207));
#6612=EDGE_LOOP('',(#2208,#2209,#2210,#2211));
#6613=EDGE_LOOP('',(#2212,#2213,#2214,#2215,#2216,#2217));
#6614=EDGE_LOOP('',(#2218,#2219,#2220,#2221,#2222,#2223));
#6615=EDGE_LOOP('',(#2224,#2225,#2226,#2227));
#6616=EDGE_LOOP('',(#2228,#2229,#2230,#2231));
#6617=EDGE_LOOP('',(#2232,#2233,#2234,#2235));
#6618=EDGE_LOOP('',(#2236,#2237,#2238,#2239));
#6619=EDGE_LOOP('',(#2240,#2241,#2242,#2243));
#6620=EDGE_LOOP('',(#2244,#2245,#2246,#2247));
#6621=EDGE_LOOP('',(#2248,#2249,#2250,#2251));
#6622=EDGE_LOOP('',(#2252,#2253,#2254,#2255,#2256,#2257));
#6623=EDGE_LOOP('',(#2258,#2259,#2260,#2261));
#6624=EDGE_LOOP('',(#2262,#2263,#2264,#2265));
#6625=EDGE_LOOP('',(#2266,#2267,#2268,#2269));
#6626=EDGE_LOOP('',(#2270,#2271,#2272,#2273));
#6627=EDGE_LOOP('',(#2274,#2275,#2276,#2277));
#6628=EDGE_LOOP('',(#2278,#2279,#2280,#2281));
#6629=EDGE_LOOP('',(#2282,#2283,#2284,#2285));
#6630=EDGE_LOOP('',(#2286,#2287,#2288,#2289));
#6631=EDGE_LOOP('',(#2290,#2291,#2292,#2293));
#6632=EDGE_LOOP('',(#2294,#2295,#2296,#2297));
#6633=EDGE_LOOP('',(#2298,#2299,#2300,#2301));
#6634=EDGE_LOOP('',(#2302,#2303,#2304,#2305));
#6635=EDGE_LOOP('',(#2306,#2307,#2308,#2309));
#6636=EDGE_LOOP('',(#2310,#2311,#2312,#2313));
#6637=EDGE_LOOP('',(#2314,#2315,#2316,#2317));
#6638=EDGE_LOOP('',(#2318,#2319,#2320,#2321));
#6639=EDGE_LOOP('',(#2322,#2323,#2324,#2325));
#6640=EDGE_LOOP('',(#2326,#2327,#2328,#2329));
#6641=EDGE_LOOP('',(#2330,#2331,#2332,#2333));
#6642=EDGE_LOOP('',(#2334,#2335,#2336,#2337,#2338,#2339));
#6643=EDGE_LOOP('',(#2340));
#6644=EDGE_LOOP('',(#2341));
#6645=EDGE_LOOP('',(#2342));
#6646=EDGE_LOOP('',(#2343));
#6647=EDGE_LOOP('',(#2344));
#6648=EDGE_LOOP('',(#2345));
#6649=EDGE_LOOP('',(#2346));
#6650=EDGE_LOOP('',(#2347));
#6651=EDGE_LOOP('',(#2348));
#6652=EDGE_LOOP('',(#2349));
#6653=EDGE_LOOP('',(#2350));
#6654=EDGE_LOOP('',(#2351));
#6655=EDGE_LOOP('',(#2352));
#6656=EDGE_LOOP('',(#2353));
#6657=EDGE_LOOP('',(#2354));
#6658=EDGE_LOOP('',(#2355));
#6659=EDGE_LOOP('',(#2356));
#6660=EDGE_LOOP('',(#2357));
#6661=EDGE_LOOP('',(#2358));
#6662=EDGE_LOOP('',(#2359));
#6663=EDGE_LOOP('',(#2360));
#6664=EDGE_LOOP('',(#2361));
#6665=EDGE_LOOP('',(#2362));
#6666=EDGE_LOOP('',(#2363));
#6667=EDGE_LOOP('',(#2364,#2365,#2366,#2367));
#6668=EDGE_LOOP('',(#2368,#2369,#2370));
#6669=EDGE_LOOP('',(#2371,#2372,#2373));
#6670=EDGE_LOOP('',(#2374));
#6671=EDGE_LOOP('',(#2375,#2376));
#6672=EDGE_LOOP('',(#2377));
#6673=EDGE_LOOP('',(#2378));
#6674=EDGE_LOOP('',(#2379,#2380,#2381,#2382));
#6675=EDGE_LOOP('',(#2383,#2384,#2385));
#6676=EDGE_LOOP('',(#2386,#2387,#2388));
#6677=EDGE_LOOP('',(#2389));
#6678=EDGE_LOOP('',(#2390,#2391));
#6679=EDGE_LOOP('',(#2392));
#6680=EDGE_LOOP('',(#2393));
#6681=EDGE_LOOP('',(#2394));
#6682=EDGE_LOOP('',(#2395));
#6683=EDGE_LOOP('',(#2396));
#6684=EDGE_LOOP('',(#2397));
#6685=EDGE_LOOP('',(#2398));
#6686=EDGE_LOOP('',(#2399));
#6687=EDGE_LOOP('',(#2400));
#6688=EDGE_LOOP('',(#2401));
#6689=EDGE_LOOP('',(#2402));
#6690=EDGE_LOOP('',(#2403));
#6691=EDGE_LOOP('',(#2404));
#6692=EDGE_LOOP('',(#2405));
#6693=EDGE_LOOP('',(#2406));
#6694=EDGE_LOOP('',(#2407));
#6695=EDGE_LOOP('',(#2408));
#6696=EDGE_LOOP('',(#2409));
#6697=EDGE_LOOP('',(#2410));
#6698=EDGE_LOOP('',(#2411));
#6699=EDGE_LOOP('',(#2412));
#6700=EDGE_LOOP('',(#2413));
#6701=EDGE_LOOP('',(#2414));
#6702=EDGE_LOOP('',(#2415));
#6703=EDGE_LOOP('',(#2416));
#6704=EDGE_LOOP('',(#2417));
#6705=EDGE_LOOP('',(#2418));
#6706=EDGE_LOOP('',(#2419));
#6707=EDGE_LOOP('',(#2420));
#6708=EDGE_LOOP('',(#2421));
#6709=EDGE_LOOP('',(#2422));
#6710=EDGE_LOOP('',(#2423));
#6711=EDGE_LOOP('',(#2424));
#6712=EDGE_LOOP('',(#2425,#2426,#2427,#2428));
#6713=EDGE_LOOP('',(#2429,#2430,#2431,#2432));
#6714=EDGE_LOOP('',(#2433,#2434,#2435,#2436));
#6715=EDGE_LOOP('',(#2437,#2438,#2439,#2440));
#6716=EDGE_LOOP('',(#2441,#2442,#2443,#2444));
#6717=EDGE_LOOP('',(#2445,#2446,#2447,#2448));
#6718=EDGE_LOOP('',(#2449,#2450,#2451,#2452));
#6719=EDGE_LOOP('',(#2453,#2454,#2455,#2456));
#6720=EDGE_LOOP('',(#2457,#2458,#2459,#2460));
#6721=EDGE_LOOP('',(#2461,#2462,#2463,#2464));
#6722=EDGE_LOOP('',(#2465,#2466,#2467,#2468,#2469,#2470,#2471,#2472));
#6723=EDGE_LOOP('',(#2473,#2474,#2475,#2476));
#6724=EDGE_LOOP('',(#2477,#2478,#2479));
#6725=EDGE_LOOP('',(#2480,#2481,#2482,#2483));
#6726=EDGE_LOOP('',(#2484,#2485,#2486));
#6727=EDGE_LOOP('',(#2487,#2488,#2489,#2490));
#6728=EDGE_LOOP('',(#2491,#2492,#2493,#2494));
#6729=EDGE_LOOP('',(#2495,#2496,#2497));
#6730=EDGE_LOOP('',(#2498,#2499,#2500,#2501));
#6731=EDGE_LOOP('',(#2502,#2503,#2504));
#6732=EDGE_LOOP('',(#2505,#2506,#2507,#2508));
#6733=EDGE_LOOP('',(#2509));
#6734=EDGE_LOOP('',(#2510));
#6735=EDGE_LOOP('',(#2511));
#6736=EDGE_LOOP('',(#2512));
#6737=EDGE_LOOP('',(#2513));
#6738=EDGE_LOOP('',(#2514));
#6739=EDGE_LOOP('',(#2515));
#6740=EDGE_LOOP('',(#2516));
#6741=EDGE_LOOP('',(#2517));
#6742=EDGE_LOOP('',(#2518));
#6743=EDGE_LOOP('',(#2519));
#6744=EDGE_LOOP('',(#2520));
#6745=EDGE_LOOP('',(#2521));
#6746=EDGE_LOOP('',(#2522));
#6747=EDGE_LOOP('',(#2523));
#6748=EDGE_LOOP('',(#2524));
#6749=EDGE_LOOP('',(#2525));
#6750=EDGE_LOOP('',(#2526));
#6751=EDGE_LOOP('',(#2527,#2528,#2529,#2530));
#6752=EDGE_LOOP('',(#2531,#2532,#2533,#2534));
#6753=EDGE_LOOP('',(#2535,#2536,#2537,#2538));
#6754=EDGE_LOOP('',(#2539,#2540,#2541,#2542));
#6755=EDGE_LOOP('',(#2543,#2544,#2545,#2546));
#6756=EDGE_LOOP('',(#2547));
#6757=EDGE_LOOP('',(#2548,#2549,#2550,#2551,#2552,#2553,#2554,#2555,#2556,
#2557,#2558,#2559));
#6758=EDGE_LOOP('',(#2560,#2561,#2562,#2563));
#6759=EDGE_LOOP('',(#2564,#2565,#2566,#2567));
#6760=EDGE_LOOP('',(#2568,#2569,#2570,#2571));
#6761=EDGE_LOOP('',(#2572,#2573,#2574,#2575));
#6762=EDGE_LOOP('',(#2576,#2577,#2578,#2579));
#6763=EDGE_LOOP('',(#2580,#2581,#2582,#2583));
#6764=EDGE_LOOP('',(#2584,#2585,#2586,#2587));
#6765=EDGE_LOOP('',(#2588,#2589,#2590,#2591));
#6766=EDGE_LOOP('',(#2592,#2593,#2594,#2595));
#6767=EDGE_LOOP('',(#2596,#2597,#2598,#2599));
#6768=EDGE_LOOP('',(#2600,#2601,#2602,#2603));
#6769=EDGE_LOOP('',(#2604,#2605,#2606,#2607));
#6770=EDGE_LOOP('',(#2608));
#6771=EDGE_LOOP('',(#2609));
#6772=EDGE_LOOP('',(#2610));
#6773=EDGE_LOOP('',(#2611));
#6774=EDGE_LOOP('',(#2612));
#6775=EDGE_LOOP('',(#2613));
#6776=EDGE_LOOP('',(#2614));
#6777=EDGE_LOOP('',(#2615));
#6778=EDGE_LOOP('',(#2616));
#6779=EDGE_LOOP('',(#2617));
#6780=EDGE_LOOP('',(#2618));
#6781=EDGE_LOOP('',(#2619));
#6782=EDGE_LOOP('',(#2620));
#6783=EDGE_LOOP('',(#2621));
#6784=EDGE_LOOP('',(#2622));
#6785=EDGE_LOOP('',(#2623));
#6786=EDGE_LOOP('',(#2624));
#6787=EDGE_LOOP('',(#2625));
#6788=EDGE_LOOP('',(#2626));
#6789=EDGE_LOOP('',(#2627));
#6790=EDGE_LOOP('',(#2628));
#6791=EDGE_LOOP('',(#2629));
#6792=EDGE_LOOP('',(#2630));
#6793=EDGE_LOOP('',(#2631));
#6794=EDGE_LOOP('',(#2632));
#6795=EDGE_LOOP('',(#2633));
#6796=EDGE_LOOP('',(#2634));
#6797=EDGE_LOOP('',(#2635));
#6798=EDGE_LOOP('',(#2636));
#6799=EDGE_LOOP('',(#2637));
#6800=EDGE_LOOP('',(#2638));
#6801=EDGE_LOOP('',(#2639));
#6802=EDGE_LOOP('',(#2640));
#6803=EDGE_LOOP('',(#2641));
#6804=EDGE_LOOP('',(#2642));
#6805=EDGE_LOOP('',(#2643));
#6806=EDGE_LOOP('',(#2644));
#6807=EDGE_LOOP('',(#2645));
#6808=EDGE_LOOP('',(#2646));
#6809=EDGE_LOOP('',(#2647));
#6810=EDGE_LOOP('',(#2648));
#6811=EDGE_LOOP('',(#2649));
#6812=EDGE_LOOP('',(#2650));
#6813=EDGE_LOOP('',(#2651));
#6814=EDGE_LOOP('',(#2652));
#6815=EDGE_LOOP('',(#2653));
#6816=EDGE_LOOP('',(#2654));
#6817=EDGE_LOOP('',(#2655));
#6818=EDGE_LOOP('',(#2656));
#6819=EDGE_LOOP('',(#2657));
#6820=EDGE_LOOP('',(#2658));
#6821=EDGE_LOOP('',(#2659));
#6822=EDGE_LOOP('',(#2660));
#6823=EDGE_LOOP('',(#2661,#2662,#2663,#2664,#2665,#2666,#2667,#2668,#2669,
#2670,#2671,#2672));
#6824=EDGE_LOOP('',(#2673));
#6825=EDGE_LOOP('',(#2674));
#6826=EDGE_LOOP('',(#2675));
#6827=EDGE_LOOP('',(#2676));
#6828=EDGE_LOOP('',(#2677));
#6829=EDGE_LOOP('',(#2678));
#6830=EDGE_LOOP('',(#2679));
#6831=EDGE_LOOP('',(#2680,#2681,#2682,#2683));
#6832=EDGE_LOOP('',(#2684));
#6833=EDGE_LOOP('',(#2685));
#6834=EDGE_LOOP('',(#2686,#2687));
#6835=EDGE_LOOP('',(#2688));
#6836=EDGE_LOOP('',(#2689));
#6837=EDGE_LOOP('',(#2690));
#6838=EDGE_LOOP('',(#2691));
#6839=EDGE_LOOP('',(#2692));
#6840=EDGE_LOOP('',(#2693));
#6841=EDGE_LOOP('',(#2694,#2695,#2696,#2697,#2698,#2699));
#6842=EDGE_LOOP('',(#2700,#2701,#2702,#2703,#2704,#2705));
#6843=EDGE_LOOP('',(#2706,#2707,#2708,#2709,#2710,#2711));
#6844=EDGE_LOOP('',(#2712,#2713,#2714,#2715,#2716,#2717));
#6845=EDGE_LOOP('',(#2718,#2719,#2720,#2721,#2722,#2723));
#6846=EDGE_LOOP('',(#2724,#2725,#2726,#2727,#2728,#2729));
#6847=EDGE_LOOP('',(#2730,#2731,#2732,#2733,#2734));
#6848=EDGE_LOOP('',(#2735,#2736,#2737,#2738,#2739));
#6849=EDGE_LOOP('',(#2740,#2741,#2742,#2743));
#6850=EDGE_LOOP('',(#2744,#2745,#2746,#2747));
#6851=EDGE_LOOP('',(#2748,#2749,#2750,#2751));
#6852=EDGE_LOOP('',(#2752,#2753,#2754,#2755));
#6853=EDGE_LOOP('',(#2756,#2757,#2758,#2759));
#6854=EDGE_LOOP('',(#2760));
#6855=EDGE_LOOP('',(#2761));
#6856=EDGE_LOOP('',(#2762));
#6857=EDGE_LOOP('',(#2763));
#6858=EDGE_LOOP('',(#2764));
#6859=EDGE_LOOP('',(#2765));
#6860=EDGE_LOOP('',(#2766));
#6861=EDGE_LOOP('',(#2767));
#6862=EDGE_LOOP('',(#2768));
#6863=EDGE_LOOP('',(#2769));
#6864=EDGE_LOOP('',(#2770));
#6865=EDGE_LOOP('',(#2771));
#6866=EDGE_LOOP('',(#2772));
#6867=EDGE_LOOP('',(#2773));
#6868=EDGE_LOOP('',(#2774));
#6869=EDGE_LOOP('',(#2775,#2776,#2777,#2778,#2779,#2780,#2781,#2782));
#6870=EDGE_LOOP('',(#2783,#2784,#2785,#2786,#2787,#2788));
#6871=EDGE_LOOP('',(#2789));
#6872=EDGE_LOOP('',(#2790,#2791,#2792,#2793,#2794,#2795));
#6873=EDGE_LOOP('',(#2796,#2797,#2798,#2799));
#6874=EDGE_LOOP('',(#2800,#2801,#2802,#2803));
#6875=EDGE_LOOP('',(#2804,#2805,#2806,#2807));
#6876=EDGE_LOOP('',(#2808,#2809,#2810,#2811));
#6877=EDGE_LOOP('',(#2812,#2813,#2814,#2815));
#6878=EDGE_LOOP('',(#2816,#2817,#2818,#2819));
#6879=EDGE_LOOP('',(#2820,#2821,#2822,#2823));
#6880=EDGE_LOOP('',(#2824,#2825,#2826,#2827));
#6881=EDGE_LOOP('',(#2828,#2829,#2830,#2831));
#6882=EDGE_LOOP('',(#2832,#2833,#2834,#2835));
#6883=EDGE_LOOP('',(#2836,#2837,#2838,#2839));
#6884=EDGE_LOOP('',(#2840,#2841,#2842,#2843));
#6885=EDGE_LOOP('',(#2844,#2845,#2846,#2847));
#6886=EDGE_LOOP('',(#2848,#2849,#2850,#2851));
#6887=EDGE_LOOP('',(#2852,#2853,#2854,#2855));
#6888=EDGE_LOOP('',(#2856,#2857,#2858,#2859));
#6889=EDGE_LOOP('',(#2860,#2861,#2862,#2863));
#6890=EDGE_LOOP('',(#2864,#2865,#2866,#2867));
#6891=EDGE_LOOP('',(#2868,#2869,#2870,#2871));
#6892=EDGE_LOOP('',(#2872,#2873,#2874,#2875));
#6893=EDGE_LOOP('',(#2876,#2877,#2878,#2879));
#6894=EDGE_LOOP('',(#2880,#2881,#2882,#2883));
#6895=EDGE_LOOP('',(#2884,#2885,#2886,#2887));
#6896=EDGE_LOOP('',(#2888,#2889,#2890,#2891));
#6897=EDGE_LOOP('',(#2892,#2893,#2894,#2895));
#6898=EDGE_LOOP('',(#2896,#2897,#2898,#2899));
#6899=EDGE_LOOP('',(#2900,#2901,#2902,#2903));
#6900=EDGE_LOOP('',(#2904,#2905,#2906,#2907));
#6901=EDGE_LOOP('',(#2908,#2909,#2910,#2911));
#6902=EDGE_LOOP('',(#2912,#2913,#2914,#2915));
#6903=EDGE_LOOP('',(#2916,#2917,#2918,#2919));
#6904=EDGE_LOOP('',(#2920,#2921,#2922,#2923));
#6905=EDGE_LOOP('',(#2924,#2925,#2926,#2927));
#6906=EDGE_LOOP('',(#2928,#2929,#2930,#2931));
#6907=EDGE_LOOP('',(#2932,#2933,#2934,#2935));
#6908=EDGE_LOOP('',(#2936,#2937,#2938,#2939));
#6909=EDGE_LOOP('',(#2940,#2941,#2942,#2943));
#6910=EDGE_LOOP('',(#2944,#2945,#2946,#2947));
#6911=EDGE_LOOP('',(#2948,#2949,#2950,#2951));
#6912=EDGE_LOOP('',(#2952,#2953,#2954,#2955));
#6913=EDGE_LOOP('',(#2956,#2957,#2958,#2959));
#6914=EDGE_LOOP('',(#2960,#2961,#2962,#2963));
#6915=EDGE_LOOP('',(#2964,#2965,#2966,#2967));
#6916=EDGE_LOOP('',(#2968,#2969,#2970,#2971));
#6917=EDGE_LOOP('',(#2972,#2973,#2974,#2975));
#6918=EDGE_LOOP('',(#2976,#2977,#2978,#2979));
#6919=EDGE_LOOP('',(#2980,#2981,#2982,#2983));
#6920=EDGE_LOOP('',(#2984,#2985,#2986,#2987));
#6921=EDGE_LOOP('',(#2988,#2989,#2990,#2991));
#6922=EDGE_LOOP('',(#2992,#2993,#2994,#2995));
#6923=EDGE_LOOP('',(#2996,#2997,#2998,#2999));
#6924=EDGE_LOOP('',(#3000,#3001,#3002,#3003));
#6925=EDGE_LOOP('',(#3004,#3005,#3006,#3007));
#6926=EDGE_LOOP('',(#3008,#3009,#3010,#3011));
#6927=EDGE_LOOP('',(#3012,#3013,#3014,#3015));
#6928=EDGE_LOOP('',(#3016,#3017,#3018,#3019));
#6929=EDGE_LOOP('',(#3020,#3021,#3022,#3023));
#6930=EDGE_LOOP('',(#3024,#3025,#3026,#3027));
#6931=EDGE_LOOP('',(#3028,#3029,#3030,#3031));
#6932=EDGE_LOOP('',(#3032,#3033,#3034,#3035));
#6933=EDGE_LOOP('',(#3036,#3037,#3038,#3039));
#6934=EDGE_LOOP('',(#3040,#3041,#3042,#3043));
#6935=EDGE_LOOP('',(#3044,#3045,#3046,#3047));
#6936=EDGE_LOOP('',(#3048,#3049,#3050,#3051));
#6937=EDGE_LOOP('',(#3052,#3053,#3054,#3055));
#6938=EDGE_LOOP('',(#3056,#3057,#3058,#3059));
#6939=EDGE_LOOP('',(#3060,#3061,#3062,#3063));
#6940=EDGE_LOOP('',(#3064,#3065,#3066,#3067));
#6941=EDGE_LOOP('',(#3068,#3069,#3070,#3071));
#6942=EDGE_LOOP('',(#3072,#3073,#3074,#3075));
#6943=EDGE_LOOP('',(#3076,#3077,#3078,#3079));
#6944=EDGE_LOOP('',(#3080,#3081,#3082,#3083));
#6945=EDGE_LOOP('',(#3084,#3085,#3086,#3087));
#6946=EDGE_LOOP('',(#3088,#3089,#3090,#3091));
#6947=EDGE_LOOP('',(#3092,#3093,#3094,#3095));
#6948=EDGE_LOOP('',(#3096,#3097,#3098,#3099));
#6949=EDGE_LOOP('',(#3100,#3101,#3102,#3103));
#6950=EDGE_LOOP('',(#3104,#3105,#3106,#3107));
#6951=EDGE_LOOP('',(#3108,#3109,#3110,#3111));
#6952=EDGE_LOOP('',(#3112,#3113,#3114,#3115));
#6953=EDGE_LOOP('',(#3116,#3117,#3118,#3119));
#6954=EDGE_LOOP('',(#3120,#3121,#3122,#3123));
#6955=EDGE_LOOP('',(#3124,#3125,#3126,#3127));
#6956=EDGE_LOOP('',(#3128,#3129,#3130,#3131));
#6957=EDGE_LOOP('',(#3132,#3133,#3134,#3135));
#6958=EDGE_LOOP('',(#3136,#3137,#3138,#3139));
#6959=EDGE_LOOP('',(#3140,#3141,#3142,#3143));
#6960=EDGE_LOOP('',(#3144,#3145,#3146,#3147));
#6961=EDGE_LOOP('',(#3148,#3149,#3150,#3151));
#6962=EDGE_LOOP('',(#3152,#3153,#3154,#3155));
#6963=EDGE_LOOP('',(#3156,#3157,#3158,#3159));
#6964=EDGE_LOOP('',(#3160,#3161,#3162,#3163));
#6965=EDGE_LOOP('',(#3164,#3165,#3166,#3167));
#6966=EDGE_LOOP('',(#3168,#3169,#3170,#3171));
#6967=EDGE_LOOP('',(#3172,#3173,#3174,#3175));
#6968=EDGE_LOOP('',(#3176,#3177,#3178,#3179));
#6969=EDGE_LOOP('',(#3180,#3181,#3182,#3183));
#6970=EDGE_LOOP('',(#3184,#3185,#3186,#3187));
#6971=EDGE_LOOP('',(#3188,#3189,#3190,#3191));
#6972=EDGE_LOOP('',(#3192,#3193,#3194,#3195));
#6973=EDGE_LOOP('',(#3196,#3197,#3198,#3199));
#6974=EDGE_LOOP('',(#3200,#3201,#3202,#3203));
#6975=EDGE_LOOP('',(#3204,#3205,#3206,#3207));
#6976=EDGE_LOOP('',(#3208,#3209,#3210,#3211));
#6977=EDGE_LOOP('',(#3212,#3213,#3214,#3215));
#6978=EDGE_LOOP('',(#3216,#3217,#3218,#3219));
#6979=EDGE_LOOP('',(#3220,#3221,#3222,#3223));
#6980=EDGE_LOOP('',(#3224,#3225,#3226,#3227));
#6981=EDGE_LOOP('',(#3228,#3229,#3230,#3231));
#6982=EDGE_LOOP('',(#3232,#3233,#3234,#3235));
#6983=EDGE_LOOP('',(#3236,#3237,#3238,#3239));
#6984=EDGE_LOOP('',(#3240,#3241,#3242,#3243));
#6985=EDGE_LOOP('',(#3244,#3245,#3246,#3247));
#6986=EDGE_LOOP('',(#3248,#3249,#3250,#3251));
#6987=EDGE_LOOP('',(#3252,#3253,#3254,#3255));
#6988=EDGE_LOOP('',(#3256,#3257,#3258,#3259));
#6989=EDGE_LOOP('',(#3260,#3261,#3262,#3263));
#6990=EDGE_LOOP('',(#3264,#3265,#3266,#3267));
#6991=EDGE_LOOP('',(#3268,#3269,#3270,#3271));
#6992=EDGE_LOOP('',(#3272,#3273,#3274,#3275));
#6993=EDGE_LOOP('',(#3276,#3277,#3278,#3279));
#6994=EDGE_LOOP('',(#3280,#3281,#3282,#3283));
#6995=EDGE_LOOP('',(#3284,#3285,#3286,#3287));
#6996=EDGE_LOOP('',(#3288,#3289,#3290,#3291));
#6997=EDGE_LOOP('',(#3292,#3293,#3294,#3295));
#6998=EDGE_LOOP('',(#3296,#3297,#3298,#3299));
#6999=EDGE_LOOP('',(#3300,#3301,#3302,#3303));
#7000=EDGE_LOOP('',(#3304,#3305,#3306,#3307));
#7001=EDGE_LOOP('',(#3308,#3309,#3310,#3311));
#7002=EDGE_LOOP('',(#3312,#3313,#3314,#3315));
#7003=EDGE_LOOP('',(#3316,#3317,#3318,#3319));
#7004=EDGE_LOOP('',(#3320,#3321,#3322,#3323));
#7005=EDGE_LOOP('',(#3324,#3325,#3326,#3327));
#7006=EDGE_LOOP('',(#3328,#3329,#3330,#3331));
#7007=EDGE_LOOP('',(#3332,#3333,#3334,#3335));
#7008=EDGE_LOOP('',(#3336));
#7009=EDGE_LOOP('',(#3337));
#7010=EDGE_LOOP('',(#3338,#3339,#3340,#3341));
#7011=EDGE_LOOP('',(#3342,#3343,#3344,#3345));
#7012=EDGE_LOOP('',(#3346,#3347,#3348,#3349));
#7013=EDGE_LOOP('',(#3350,#3351,#3352,#3353));
#7014=EDGE_LOOP('',(#3354,#3355,#3356,#3357));
#7015=EDGE_LOOP('',(#3358,#3359,#3360,#3361));
#7016=EDGE_LOOP('',(#3362,#3363,#3364,#3365));
#7017=EDGE_LOOP('',(#3366,#3367,#3368,#3369));
#7018=EDGE_LOOP('',(#3370,#3371,#3372,#3373));
#7019=EDGE_LOOP('',(#3374,#3375,#3376,#3377));
#7020=EDGE_LOOP('',(#3378,#3379,#3380,#3381));
#7021=EDGE_LOOP('',(#3382,#3383,#3384,#3385));
#7022=EDGE_LOOP('',(#3386));
#7023=EDGE_LOOP('',(#3387));
#7024=EDGE_LOOP('',(#3388));
#7025=EDGE_LOOP('',(#3389));
#7026=EDGE_LOOP('',(#3390));
#7027=EDGE_LOOP('',(#3391));
#7028=EDGE_LOOP('',(#3392,#3393,#3394,#3395,#3396,#3397));
#7029=EDGE_LOOP('',(#3398,#3399,#3400,#3401,#3402,#3403));
#7030=EDGE_LOOP('',(#3404,#3405,#3406,#3407));
#7031=EDGE_LOOP('',(#3408,#3409,#3410,#3411,#3412,#3413,#3414,#3415,#3416,
#3417,#3418,#3419));
#7032=EDGE_LOOP('',(#3420,#3421,#3422,#3423,#3424,#3425,#3426,#3427,#3428,
#3429));
#7033=EDGE_LOOP('',(#3430,#3431,#3432,#3433));
#7034=EDGE_LOOP('',(#3434,#3435,#3436,#3437,#3438,#3439,#3440,#3441,#3442,
#3443,#3444,#3445));
#7035=EDGE_LOOP('',(#3446,#3447,#3448,#3449,#3450,#3451,#3452,#3453,#3454,
#3455,#3456,#3457,#3458,#3459,#3460,#3461,#3462,#3463,#3464,#3465,#3466));
#7036=EDGE_LOOP('',(#3467,#3468,#3469,#3470));
#7037=EDGE_LOOP('',(#3471,#3472,#3473,#3474));
#7038=EDGE_LOOP('',(#3475,#3476,#3477,#3478));
#7039=EDGE_LOOP('',(#3479,#3480,#3481,#3482,#3483,#3484));
#7040=EDGE_LOOP('',(#3485));
#7041=EDGE_LOOP('',(#3486,#3487,#3488,#3489));
#7042=EDGE_LOOP('',(#3490,#3491,#3492,#3493));
#7043=EDGE_LOOP('',(#3494,#3495,#3496,#3497,#3498,#3499,#3500,#3501,#3502,
#3503,#3504,#3505,#3506,#3507,#3508,#3509,#3510,#3511));
#7044=EDGE_LOOP('',(#3512,#3513,#3514,#3515,#3516,#3517,#3518,#3519));
#7045=EDGE_LOOP('',(#3520,#3521,#3522,#3523,#3524,#3525,#3526,#3527,#3528,
#3529,#3530,#3531));
#7046=EDGE_LOOP('',(#3532,#3533,#3534,#3535,#3536,#3537,#3538,#3539));
#7047=EDGE_LOOP('',(#3540));
#7048=EDGE_LOOP('',(#3541));
#7049=EDGE_LOOP('',(#3542,#3543,#3544,#3545,#3546,#3547));
#7050=EDGE_LOOP('',(#3548,#3549,#3550,#3551,#3552,#3553));
#7051=EDGE_LOOP('',(#3554,#3555,#3556,#3557));
#7052=EDGE_LOOP('',(#3558,#3559,#3560,#3561,#3562,#3563,#3564,#3565,#3566,
#3567,#3568,#3569));
#7053=EDGE_LOOP('',(#3570,#3571,#3572,#3573,#3574,#3575,#3576,#3577,#3578,
#3579));
#7054=EDGE_LOOP('',(#3580,#3581,#3582,#3583));
#7055=EDGE_LOOP('',(#3584,#3585,#3586,#3587,#3588,#3589,#3590,#3591,#3592,
#3593,#3594,#3595));
#7056=EDGE_LOOP('',(#3596,#3597,#3598,#3599,#3600,#3601,#3602,#3603,#3604,
#3605,#3606,#3607,#3608,#3609,#3610,#3611,#3612,#3613,#3614,#3615,#3616));
#7057=EDGE_LOOP('',(#3617,#3618,#3619,#3620,#3621,#3622,#3623,#3624,#3625,
#3626,#3627,#3628,#3629,#3630,#3631,#3632,#3633,#3634,#3635,#3636,#3637));
#7058=EDGE_LOOP('',(#3638,#3639,#3640,#3641));
#7059=EDGE_LOOP('',(#3642,#3643,#3644,#3645));
#7060=EDGE_LOOP('',(#3646,#3647,#3648,#3649));
#7061=EDGE_LOOP('',(#3650,#3651,#3652,#3653,#3654,#3655));
#7062=EDGE_LOOP('',(#3656,#3657,#3658,#3659));
#7063=EDGE_LOOP('',(#3660,#3661,#3662,#3663));
#7064=EDGE_LOOP('',(#3664,#3665,#3666,#3667,#3668,#3669,#3670,#3671,#3672,
#3673,#3674,#3675,#3676,#3677,#3678,#3679,#3680,#3681));
#7065=EDGE_LOOP('',(#3682,#3683,#3684,#3685,#3686,#3687,#3688,#3689));
#7066=EDGE_LOOP('',(#3690,#3691,#3692,#3693,#3694,#3695,#3696,#3697,#3698,
#3699,#3700,#3701));
#7067=EDGE_LOOP('',(#3702,#3703,#3704,#3705));
#7068=EDGE_LOOP('',(#3706,#3707,#3708,#3709));
#7069=EDGE_LOOP('',(#3710,#3711,#3712,#3713));
#7070=EDGE_LOOP('',(#3714,#3715,#3716,#3717));
#7071=EDGE_LOOP('',(#3718,#3719,#3720,#3721));
#7072=EDGE_LOOP('',(#3722,#3723,#3724,#3725));
#7073=EDGE_LOOP('',(#3726,#3727,#3728,#3729));
#7074=EDGE_LOOP('',(#3730,#3731,#3732,#3733));
#7075=EDGE_LOOP('',(#3734,#3735,#3736,#3737));
#7076=EDGE_LOOP('',(#3738,#3739,#3740,#3741));
#7077=EDGE_LOOP('',(#3742,#3743,#3744,#3745));
#7078=EDGE_LOOP('',(#3746,#3747,#3748,#3749));
#7079=EDGE_LOOP('',(#3750,#3751,#3752,#3753));
#7080=EDGE_LOOP('',(#3754,#3755,#3756,#3757));
#7081=EDGE_LOOP('',(#3758,#3759,#3760,#3761));
#7082=EDGE_LOOP('',(#3762,#3763,#3764,#3765));
#7083=EDGE_LOOP('',(#3766,#3767,#3768,#3769));
#7084=EDGE_LOOP('',(#3770,#3771,#3772,#3773));
#7085=EDGE_LOOP('',(#3774,#3775,#3776,#3777));
#7086=EDGE_LOOP('',(#3778,#3779,#3780,#3781));
#7087=EDGE_LOOP('',(#3782,#3783,#3784,#3785));
#7088=EDGE_LOOP('',(#3786,#3787,#3788,#3789,#3790,#3791,#3792,#3793,#3794,
#3795,#3796,#3797,#3798,#3799,#3800,#3801,#3802,#3803,#3804,#3805,#3806));
#7089=EDGE_LOOP('',(#3807,#3808,#3809,#3810));
#7090=EDGE_LOOP('',(#3811,#3812,#3813,#3814));
#7091=EDGE_LOOP('',(#3815,#3816,#3817,#3818));
#7092=EDGE_LOOP('',(#3819,#3820,#3821,#3822));
#7093=EDGE_LOOP('',(#3823,#3824,#3825,#3826));
#7094=EDGE_LOOP('',(#3827,#3828,#3829,#3830));
#7095=EDGE_LOOP('',(#3831));
#7096=EDGE_LOOP('',(#3832));
#7097=EDGE_LOOP('',(#3833));
#7098=EDGE_LOOP('',(#3834));
#7099=EDGE_LOOP('',(#3835,#3836,#3837,#3838));
#7100=EDGE_LOOP('',(#3839,#3840,#3841,#3842,#3843,#3844,#3845,#3846));
#7101=EDGE_LOOP('',(#3847,#3848,#3849,#3850));
#7102=EDGE_LOOP('',(#3851,#3852,#3853,#3854));
#7103=EDGE_LOOP('',(#3855,#3856,#3857,#3858));
#7104=EDGE_LOOP('',(#3859,#3860,#3861,#3862,#3863));
#7105=EDGE_LOOP('',(#3864,#3865,#3866,#3867,#3868,#3869));
#7106=EDGE_LOOP('',(#3870,#3871,#3872,#3873));
#7107=EDGE_LOOP('',(#3874,#3875,#3876,#3877,#3878,#3879,#3880,#3881));
#7108=EDGE_LOOP('',(#3882,#3883,#3884,#3885));
#7109=EDGE_LOOP('',(#3886,#3887,#3888,#3889));
#7110=EDGE_LOOP('',(#3890,#3891,#3892,#3893));
#7111=EDGE_LOOP('',(#3894,#3895,#3896,#3897,#3898,#3899,#3900,#3901,#3902,
#3903,#3904,#3905,#3906,#3907,#3908));
#7112=EDGE_LOOP('',(#3909,#3910,#3911,#3912));
#7113=EDGE_LOOP('',(#3913,#3914,#3915,#3916));
#7114=EDGE_LOOP('',(#3917,#3918,#3919,#3920));
#7115=EDGE_LOOP('',(#3921,#3922,#3923,#3924));
#7116=EDGE_LOOP('',(#3925,#3926,#3927,#3928));
#7117=EDGE_LOOP('',(#3929,#3930,#3931,#3932));
#7118=EDGE_LOOP('',(#3933,#3934,#3935,#3936));
#7119=EDGE_LOOP('',(#3937,#3938,#3939,#3940));
#7120=EDGE_LOOP('',(#3941,#3942,#3943,#3944));
#7121=EDGE_LOOP('',(#3945,#3946,#3947,#3948));
#7122=EDGE_LOOP('',(#3949,#3950,#3951,#3952));
#7123=EDGE_LOOP('',(#3953,#3954,#3955,#3956));
#7124=EDGE_LOOP('',(#3957,#3958,#3959,#3960));
#7125=EDGE_LOOP('',(#3961,#3962,#3963,#3964,#3965,#3966));
#7126=EDGE_LOOP('',(#3967));
#7127=EDGE_LOOP('',(#3968));
#7128=EDGE_LOOP('',(#3969));
#7129=EDGE_LOOP('',(#3970,#3971,#3972,#3973,#3974,#3975,#3976,#3977,#3978,
#3979,#3980,#3981,#3982,#3983,#3984,#3985,#3986,#3987,#3988,#3989,#3990,
#3991,#3992,#3993));
#7130=EDGE_LOOP('',(#3994,#3995,#3996,#3997));
#7131=EDGE_LOOP('',(#3998));
#7132=EDGE_LOOP('',(#3999));
#7133=EDGE_LOOP('',(#4000));
#7134=EDGE_LOOP('',(#4001,#4002,#4003,#4004,#4005,#4006,#4007));
#7135=EDGE_LOOP('',(#4008,#4009,#4010,#4011,#4012));
#7136=EDGE_LOOP('',(#4013));
#7137=EDGE_LOOP('',(#4014));
#7138=EDGE_LOOP('',(#4015));
#7139=EDGE_LOOP('',(#4016));
#7140=EDGE_LOOP('',(#4017));
#7141=EDGE_LOOP('',(#4018));
#7142=EDGE_LOOP('',(#4019));
#7143=EDGE_LOOP('',(#4020));
#7144=EDGE_LOOP('',(#4021));
#7145=EDGE_LOOP('',(#4022));
#7146=EDGE_LOOP('',(#4023,#4024,#4025,#4026));
#7147=EDGE_LOOP('',(#4027,#4028,#4029,#4030));
#7148=EDGE_LOOP('',(#4031,#4032,#4033,#4034));
#7149=EDGE_LOOP('',(#4035,#4036,#4037,#4038));
#7150=EDGE_LOOP('',(#4039,#4040,#4041,#4042));
#7151=EDGE_LOOP('',(#4043,#4044,#4045,#4046));
#7152=EDGE_LOOP('',(#4047,#4048,#4049,#4050));
#7153=EDGE_LOOP('',(#4051,#4052,#4053,#4054));
#7154=EDGE_LOOP('',(#4055,#4056,#4057,#4058));
#7155=EDGE_LOOP('',(#4059,#4060,#4061,#4062));
#7156=EDGE_LOOP('',(#4063));
#7157=EDGE_LOOP('',(#4064));
#7158=EDGE_LOOP('',(#4065));
#7159=EDGE_LOOP('',(#4066));
#7160=EDGE_LOOP('',(#4067));
#7161=EDGE_LOOP('',(#4068));
#7162=EDGE_LOOP('',(#4069));
#7163=EDGE_LOOP('',(#4070));
#7164=EDGE_LOOP('',(#4071));
#7165=EDGE_LOOP('',(#4072));
#7166=EDGE_LOOP('',(#4073));
#7167=EDGE_LOOP('',(#4074));
#7168=EDGE_LOOP('',(#4075,#4076,#4077,#4078));
#7169=EDGE_LOOP('',(#4079,#4080,#4081));
#7170=EDGE_LOOP('',(#4082,#4083,#4084));
#7171=EDGE_LOOP('',(#4085,#4086,#4087,#4088));
#7172=EDGE_LOOP('',(#4089,#4090,#4091,#4092));
#7173=EDGE_LOOP('',(#4093,#4094,#4095,#4096));
#7174=EDGE_LOOP('',(#4097,#4098,#4099,#4100));
#7175=EDGE_LOOP('',(#4101,#4102,#4103,#4104));
#7176=EDGE_LOOP('',(#4105,#4106,#4107,#4108));
#7177=EDGE_LOOP('',(#4109,#4110,#4111));
#7178=EDGE_LOOP('',(#4112,#4113,#4114,#4115));
#7179=EDGE_LOOP('',(#4116,#4117,#4118,#4119));
#7180=EDGE_LOOP('',(#4120,#4121,#4122));
#7181=EDGE_LOOP('',(#4123,#4124,#4125,#4126));
#7182=EDGE_LOOP('',(#4127,#4128,#4129,#4130));
#7183=EDGE_LOOP('',(#4131,#4132,#4133,#4134));
#7184=EDGE_LOOP('',(#4135,#4136,#4137,#4138));
#7185=EDGE_LOOP('',(#4139,#4140,#4141,#4142));
#7186=EDGE_LOOP('',(#4143,#4144,#4145,#4146));
#7187=EDGE_LOOP('',(#4147,#4148,#4149,#4150));
#7188=EDGE_LOOP('',(#4151,#4152,#4153,#4154));
#7189=EDGE_LOOP('',(#4155,#4156,#4157));
#7190=EDGE_LOOP('',(#4158,#4159,#4160));
#7191=EDGE_LOOP('',(#4161,#4162,#4163,#4164));
#7192=EDGE_LOOP('',(#4165,#4166,#4167,#4168));
#7193=EDGE_LOOP('',(#4169,#4170,#4171,#4172));
#7194=EDGE_LOOP('',(#4173,#4174,#4175,#4176));
#7195=EDGE_LOOP('',(#4177,#4178,#4179,#4180));
#7196=EDGE_LOOP('',(#4181,#4182,#4183,#4184));
#7197=EDGE_LOOP('',(#4185,#4186,#4187));
#7198=EDGE_LOOP('',(#4188,#4189,#4190,#4191));
#7199=EDGE_LOOP('',(#4192,#4193,#4194,#4195));
#7200=EDGE_LOOP('',(#4196,#4197,#4198));
#7201=EDGE_LOOP('',(#4199,#4200,#4201,#4202));
#7202=EDGE_LOOP('',(#4203,#4204,#4205,#4206));
#7203=EDGE_LOOP('',(#4207,#4208,#4209,#4210));
#7204=EDGE_LOOP('',(#4211,#4212,#4213,#4214));
#7205=EDGE_LOOP('',(#4215,#4216,#4217,#4218));
#7206=EDGE_LOOP('',(#4219,#4220,#4221,#4222));
#7207=EDGE_LOOP('',(#4223,#4224,#4225,#4226));
#7208=FACE_BOUND('',#6543,.T.);
#7209=FACE_BOUND('',#6544,.T.);
#7210=FACE_BOUND('',#6545,.T.);
#7211=FACE_BOUND('',#6546,.T.);
#7212=FACE_BOUND('',#6547,.T.);
#7213=FACE_BOUND('',#6548,.T.);
#7214=FACE_BOUND('',#6549,.T.);
#7215=FACE_BOUND('',#6550,.T.);
#7216=FACE_BOUND('',#6551,.T.);
#7217=FACE_BOUND('',#6552,.T.);
#7218=FACE_BOUND('',#6553,.T.);
#7219=FACE_BOUND('',#6554,.T.);
#7220=FACE_BOUND('',#6555,.T.);
#7221=FACE_BOUND('',#6556,.T.);
#7222=FACE_BOUND('',#6557,.T.);
#7223=FACE_BOUND('',#6558,.T.);
#7224=FACE_BOUND('',#6559,.T.);
#7225=FACE_BOUND('',#6560,.T.);
#7226=FACE_BOUND('',#6561,.T.);
#7227=FACE_BOUND('',#6562,.T.);
#7228=FACE_BOUND('',#6563,.T.);
#7229=FACE_BOUND('',#6564,.T.);
#7230=FACE_BOUND('',#6565,.T.);
#7231=FACE_BOUND('',#6566,.T.);
#7232=FACE_BOUND('',#6567,.T.);
#7233=FACE_BOUND('',#6568,.T.);
#7234=FACE_BOUND('',#6569,.T.);
#7235=FACE_BOUND('',#6570,.T.);
#7236=FACE_BOUND('',#6571,.T.);
#7237=FACE_BOUND('',#6572,.T.);
#7238=FACE_BOUND('',#6573,.T.);
#7239=FACE_BOUND('',#6574,.T.);
#7240=FACE_BOUND('',#6575,.T.);
#7241=FACE_BOUND('',#6576,.T.);
#7242=FACE_BOUND('',#6577,.T.);
#7243=FACE_BOUND('',#6578,.T.);
#7244=FACE_BOUND('',#6579,.T.);
#7245=FACE_BOUND('',#6580,.T.);
#7246=FACE_BOUND('',#6581,.T.);
#7247=FACE_BOUND('',#6582,.T.);
#7248=FACE_BOUND('',#6583,.T.);
#7249=FACE_BOUND('',#6584,.T.);
#7250=FACE_BOUND('',#6585,.T.);
#7251=FACE_BOUND('',#6586,.T.);
#7252=FACE_BOUND('',#6587,.T.);
#7253=FACE_BOUND('',#6588,.T.);
#7254=FACE_BOUND('',#6589,.T.);
#7255=FACE_BOUND('',#6590,.T.);
#7256=FACE_BOUND('',#6591,.T.);
#7257=FACE_BOUND('',#6592,.T.);
#7258=FACE_BOUND('',#6593,.T.);
#7259=FACE_BOUND('',#6594,.T.);
#7260=FACE_BOUND('',#6595,.T.);
#7261=FACE_BOUND('',#6596,.T.);
#7262=FACE_BOUND('',#6597,.T.);
#7263=FACE_BOUND('',#6598,.T.);
#7264=FACE_BOUND('',#6599,.T.);
#7265=FACE_BOUND('',#6600,.T.);
#7266=FACE_BOUND('',#6601,.T.);
#7267=FACE_BOUND('',#6602,.T.);
#7268=FACE_BOUND('',#6603,.T.);
#7269=FACE_BOUND('',#6604,.T.);
#7270=FACE_BOUND('',#6605,.T.);
#7271=FACE_BOUND('',#6606,.T.);
#7272=FACE_BOUND('',#6607,.T.);
#7273=FACE_BOUND('',#6608,.T.);
#7274=FACE_BOUND('',#6609,.T.);
#7275=FACE_BOUND('',#6610,.T.);
#7276=FACE_BOUND('',#6611,.T.);
#7277=FACE_BOUND('',#6612,.T.);
#7278=FACE_BOUND('',#6613,.T.);
#7279=FACE_BOUND('',#6614,.T.);
#7280=FACE_BOUND('',#6615,.T.);
#7281=FACE_BOUND('',#6616,.T.);
#7282=FACE_BOUND('',#6617,.T.);
#7283=FACE_BOUND('',#6618,.T.);
#7284=FACE_BOUND('',#6619,.T.);
#7285=FACE_BOUND('',#6620,.T.);
#7286=FACE_BOUND('',#6621,.T.);
#7287=FACE_BOUND('',#6622,.T.);
#7288=FACE_BOUND('',#6623,.T.);
#7289=FACE_BOUND('',#6624,.T.);
#7290=FACE_BOUND('',#6625,.T.);
#7291=FACE_BOUND('',#6626,.T.);
#7292=FACE_BOUND('',#6627,.T.);
#7293=FACE_BOUND('',#6628,.T.);
#7294=FACE_BOUND('',#6629,.T.);
#7295=FACE_BOUND('',#6630,.T.);
#7296=FACE_BOUND('',#6631,.T.);
#7297=FACE_BOUND('',#6632,.T.);
#7298=FACE_BOUND('',#6633,.T.);
#7299=FACE_BOUND('',#6634,.T.);
#7300=FACE_BOUND('',#6635,.T.);
#7301=FACE_BOUND('',#6636,.T.);
#7302=FACE_BOUND('',#6637,.T.);
#7303=FACE_BOUND('',#6638,.T.);
#7304=FACE_BOUND('',#6639,.T.);
#7305=FACE_BOUND('',#6640,.T.);
#7306=FACE_BOUND('',#6641,.T.);
#7307=FACE_BOUND('',#6642,.T.);
#7308=FACE_BOUND('',#6643,.T.);
#7309=FACE_BOUND('',#6644,.T.);
#7310=FACE_BOUND('',#6645,.T.);
#7311=FACE_BOUND('',#6646,.T.);
#7312=FACE_BOUND('',#6647,.T.);
#7313=FACE_BOUND('',#6648,.T.);
#7314=FACE_BOUND('',#6649,.T.);
#7315=FACE_BOUND('',#6650,.T.);
#7316=FACE_BOUND('',#6651,.T.);
#7317=FACE_BOUND('',#6652,.T.);
#7318=FACE_BOUND('',#6653,.T.);
#7319=FACE_BOUND('',#6654,.T.);
#7320=FACE_BOUND('',#6655,.T.);
#7321=FACE_BOUND('',#6656,.T.);
#7322=FACE_BOUND('',#6657,.T.);
#7323=FACE_BOUND('',#6658,.T.);
#7324=FACE_BOUND('',#6659,.T.);
#7325=FACE_BOUND('',#6660,.T.);
#7326=FACE_BOUND('',#6661,.T.);
#7327=FACE_BOUND('',#6662,.T.);
#7328=FACE_BOUND('',#6663,.T.);
#7329=FACE_BOUND('',#6664,.T.);
#7330=FACE_BOUND('',#6665,.T.);
#7331=FACE_BOUND('',#6666,.T.);
#7332=FACE_BOUND('',#63,.T.);
#7333=FACE_BOUND('',#6667,.T.);
#7334=FACE_BOUND('',#6668,.T.);
#7335=FACE_BOUND('',#6669,.T.);
#7336=FACE_BOUND('',#6670,.T.);
#7337=FACE_BOUND('',#6671,.T.);
#7338=FACE_BOUND('',#6672,.T.);
#7339=FACE_BOUND('',#6673,.T.);
#7340=FACE_BOUND('',#64,.T.);
#7341=FACE_BOUND('',#6674,.T.);
#7342=FACE_BOUND('',#6675,.T.);
#7343=FACE_BOUND('',#6676,.T.);
#7344=FACE_BOUND('',#6677,.T.);
#7345=FACE_BOUND('',#6678,.T.);
#7346=FACE_BOUND('',#6679,.T.);
#7347=FACE_BOUND('',#6680,.T.);
#7348=FACE_BOUND('',#6681,.T.);
#7349=FACE_BOUND('',#6682,.T.);
#7350=FACE_BOUND('',#6683,.T.);
#7351=FACE_BOUND('',#6684,.T.);
#7352=FACE_BOUND('',#6685,.T.);
#7353=FACE_BOUND('',#6686,.T.);
#7354=FACE_BOUND('',#6687,.T.);
#7355=FACE_BOUND('',#6688,.T.);
#7356=FACE_BOUND('',#6689,.T.);
#7357=FACE_BOUND('',#6690,.T.);
#7358=FACE_BOUND('',#6691,.T.);
#7359=FACE_BOUND('',#6692,.T.);
#7360=FACE_BOUND('',#6693,.T.);
#7361=FACE_BOUND('',#6694,.T.);
#7362=FACE_BOUND('',#6695,.T.);
#7363=FACE_BOUND('',#6696,.T.);
#7364=FACE_BOUND('',#6697,.T.);
#7365=FACE_BOUND('',#6698,.T.);
#7366=FACE_BOUND('',#6699,.T.);
#7367=FACE_BOUND('',#6700,.T.);
#7368=FACE_BOUND('',#6701,.T.);
#7369=FACE_BOUND('',#6702,.T.);
#7370=FACE_BOUND('',#6703,.T.);
#7371=FACE_BOUND('',#6704,.T.);
#7372=FACE_BOUND('',#6705,.T.);
#7373=FACE_BOUND('',#6706,.T.);
#7374=FACE_BOUND('',#6707,.T.);
#7375=FACE_BOUND('',#6708,.T.);
#7376=FACE_BOUND('',#6709,.T.);
#7377=FACE_BOUND('',#6710,.T.);
#7378=FACE_BOUND('',#6711,.T.);
#7379=FACE_BOUND('',#6712,.T.);
#7380=FACE_BOUND('',#6713,.T.);
#7381=FACE_BOUND('',#6714,.T.);
#7382=FACE_BOUND('',#6715,.T.);
#7383=FACE_BOUND('',#6716,.T.);
#7384=FACE_BOUND('',#6717,.T.);
#7385=FACE_BOUND('',#6718,.T.);
#7386=FACE_BOUND('',#6719,.T.);
#7387=FACE_BOUND('',#6720,.T.);
#7388=FACE_BOUND('',#6721,.T.);
#7389=FACE_BOUND('',#6722,.T.);
#7390=FACE_BOUND('',#6723,.T.);
#7391=FACE_BOUND('',#6724,.T.);
#7392=FACE_BOUND('',#6725,.T.);
#7393=FACE_BOUND('',#6726,.T.);
#7394=FACE_BOUND('',#6727,.T.);
#7395=FACE_BOUND('',#6728,.T.);
#7396=FACE_BOUND('',#6729,.T.);
#7397=FACE_BOUND('',#6730,.T.);
#7398=FACE_BOUND('',#6731,.T.);
#7399=FACE_BOUND('',#6732,.T.);
#7400=FACE_BOUND('',#6733,.T.);
#7401=FACE_BOUND('',#6734,.T.);
#7402=FACE_BOUND('',#6735,.T.);
#7403=FACE_BOUND('',#6736,.T.);
#7404=FACE_BOUND('',#6737,.T.);
#7405=FACE_BOUND('',#6738,.T.);
#7406=FACE_BOUND('',#6739,.T.);
#7407=FACE_BOUND('',#6740,.T.);
#7408=FACE_BOUND('',#6741,.T.);
#7409=FACE_BOUND('',#6742,.T.);
#7410=FACE_BOUND('',#6743,.T.);
#7411=FACE_BOUND('',#6744,.T.);
#7412=FACE_BOUND('',#6745,.T.);
#7413=FACE_BOUND('',#6746,.T.);
#7414=FACE_BOUND('',#6747,.T.);
#7415=FACE_BOUND('',#6748,.T.);
#7416=FACE_BOUND('',#6749,.T.);
#7417=FACE_BOUND('',#6750,.T.);
#7418=FACE_BOUND('',#6751,.T.);
#7419=FACE_BOUND('',#6752,.T.);
#7420=FACE_BOUND('',#6753,.T.);
#7421=FACE_BOUND('',#6754,.T.);
#7422=FACE_BOUND('',#6755,.T.);
#7423=FACE_BOUND('',#6756,.T.);
#7424=FACE_BOUND('',#6757,.T.);
#7425=FACE_BOUND('',#6758,.T.);
#7426=FACE_BOUND('',#6759,.T.);
#7427=FACE_BOUND('',#6760,.T.);
#7428=FACE_BOUND('',#6761,.T.);
#7429=FACE_BOUND('',#6762,.T.);
#7430=FACE_BOUND('',#6763,.T.);
#7431=FACE_BOUND('',#6764,.T.);
#7432=FACE_BOUND('',#6765,.T.);
#7433=FACE_BOUND('',#6766,.T.);
#7434=FACE_BOUND('',#6767,.T.);
#7435=FACE_BOUND('',#6768,.T.);
#7436=FACE_BOUND('',#6769,.T.);
#7437=FACE_BOUND('',#6770,.T.);
#7438=FACE_BOUND('',#6771,.T.);
#7439=FACE_BOUND('',#6772,.T.);
#7440=FACE_BOUND('',#6773,.T.);
#7441=FACE_BOUND('',#6774,.T.);
#7442=FACE_BOUND('',#6775,.T.);
#7443=FACE_BOUND('',#6776,.T.);
#7444=FACE_BOUND('',#6777,.T.);
#7445=FACE_BOUND('',#6778,.T.);
#7446=FACE_BOUND('',#6779,.T.);
#7447=FACE_BOUND('',#6780,.T.);
#7448=FACE_BOUND('',#6781,.T.);
#7449=FACE_BOUND('',#6782,.T.);
#7450=FACE_BOUND('',#6783,.T.);
#7451=FACE_BOUND('',#6784,.T.);
#7452=FACE_BOUND('',#6785,.T.);
#7453=FACE_BOUND('',#6786,.T.);
#7454=FACE_BOUND('',#6787,.T.);
#7455=FACE_BOUND('',#6788,.T.);
#7456=FACE_BOUND('',#6789,.T.);
#7457=FACE_BOUND('',#6790,.T.);
#7458=FACE_BOUND('',#6791,.T.);
#7459=FACE_BOUND('',#6792,.T.);
#7460=FACE_BOUND('',#6793,.T.);
#7461=FACE_BOUND('',#6794,.T.);
#7462=FACE_BOUND('',#6795,.T.);
#7463=FACE_BOUND('',#6796,.T.);
#7464=FACE_BOUND('',#6797,.T.);
#7465=FACE_BOUND('',#6798,.T.);
#7466=FACE_BOUND('',#6799,.T.);
#7467=FACE_BOUND('',#6800,.T.);
#7468=FACE_BOUND('',#6801,.T.);
#7469=FACE_BOUND('',#6802,.T.);
#7470=FACE_BOUND('',#6803,.T.);
#7471=FACE_BOUND('',#6804,.T.);
#7472=FACE_BOUND('',#6805,.T.);
#7473=FACE_BOUND('',#6806,.T.);
#7474=FACE_BOUND('',#6807,.T.);
#7475=FACE_BOUND('',#6808,.T.);
#7476=FACE_BOUND('',#6809,.T.);
#7477=FACE_BOUND('',#6810,.T.);
#7478=FACE_BOUND('',#6811,.T.);
#7479=FACE_BOUND('',#6812,.T.);
#7480=FACE_BOUND('',#6813,.T.);
#7481=FACE_BOUND('',#6814,.T.);
#7482=FACE_BOUND('',#6815,.T.);
#7483=FACE_BOUND('',#6816,.T.);
#7484=FACE_BOUND('',#6817,.T.);
#7485=FACE_BOUND('',#6818,.T.);
#7486=FACE_BOUND('',#6819,.T.);
#7487=FACE_BOUND('',#6820,.T.);
#7488=FACE_BOUND('',#6821,.T.);
#7489=FACE_BOUND('',#6822,.T.);
#7490=FACE_BOUND('',#6823,.T.);
#7491=FACE_BOUND('',#6824,.T.);
#7492=FACE_BOUND('',#6825,.T.);
#7493=FACE_BOUND('',#6826,.T.);
#7494=FACE_BOUND('',#6827,.T.);
#7495=FACE_BOUND('',#6828,.T.);
#7496=FACE_BOUND('',#6829,.T.);
#7497=FACE_BOUND('',#6830,.T.);
#7498=FACE_BOUND('',#6831,.T.);
#7499=FACE_BOUND('',#6832,.T.);
#7500=FACE_BOUND('',#6833,.T.);
#7501=FACE_BOUND('',#6834,.T.);
#7502=FACE_BOUND('',#6835,.T.);
#7503=FACE_BOUND('',#6836,.T.);
#7504=FACE_BOUND('',#6837,.T.);
#7505=FACE_BOUND('',#6838,.T.);
#7506=FACE_BOUND('',#6839,.T.);
#7507=FACE_BOUND('',#6840,.T.);
#7508=FACE_BOUND('',#6841,.T.);
#7509=FACE_BOUND('',#6842,.T.);
#7510=FACE_BOUND('',#6843,.T.);
#7511=FACE_BOUND('',#6844,.T.);
#7512=FACE_BOUND('',#6845,.T.);
#7513=FACE_BOUND('',#6846,.T.);
#7514=FACE_BOUND('',#6847,.T.);
#7515=FACE_BOUND('',#6848,.T.);
#7516=FACE_BOUND('',#6849,.T.);
#7517=FACE_BOUND('',#6850,.T.);
#7518=FACE_BOUND('',#6851,.T.);
#7519=FACE_BOUND('',#6852,.T.);
#7520=FACE_BOUND('',#6853,.T.);
#7521=FACE_BOUND('',#6854,.T.);
#7522=FACE_BOUND('',#6855,.T.);
#7523=FACE_BOUND('',#6856,.T.);
#7524=FACE_BOUND('',#6857,.T.);
#7525=FACE_BOUND('',#6858,.T.);
#7526=FACE_BOUND('',#6859,.T.);
#7527=FACE_BOUND('',#6860,.T.);
#7528=FACE_BOUND('',#6861,.T.);
#7529=FACE_BOUND('',#6862,.T.);
#7530=FACE_BOUND('',#6863,.T.);
#7531=FACE_BOUND('',#6864,.T.);
#7532=FACE_BOUND('',#6865,.T.);
#7533=FACE_BOUND('',#6866,.T.);
#7534=FACE_BOUND('',#6867,.T.);
#7535=FACE_BOUND('',#6868,.T.);
#7536=FACE_BOUND('',#6869,.T.);
#7537=FACE_BOUND('',#6870,.T.);
#7538=FACE_BOUND('',#6871,.T.);
#7539=FACE_BOUND('',#6872,.T.);
#7540=FACE_BOUND('',#6873,.T.);
#7541=FACE_BOUND('',#6874,.T.);
#7542=FACE_BOUND('',#6875,.T.);
#7543=FACE_BOUND('',#6876,.T.);
#7544=FACE_BOUND('',#6877,.T.);
#7545=FACE_BOUND('',#6878,.T.);
#7546=FACE_BOUND('',#6879,.T.);
#7547=FACE_BOUND('',#6880,.T.);
#7548=FACE_BOUND('',#6881,.T.);
#7549=FACE_BOUND('',#6882,.T.);
#7550=FACE_BOUND('',#6883,.T.);
#7551=FACE_BOUND('',#6884,.T.);
#7552=FACE_BOUND('',#6885,.T.);
#7553=FACE_BOUND('',#6886,.T.);
#7554=FACE_BOUND('',#6887,.T.);
#7555=FACE_BOUND('',#6888,.T.);
#7556=FACE_BOUND('',#6889,.T.);
#7557=FACE_BOUND('',#6890,.T.);
#7558=FACE_BOUND('',#6891,.T.);
#7559=FACE_BOUND('',#6892,.T.);
#7560=FACE_BOUND('',#6893,.T.);
#7561=FACE_BOUND('',#6894,.T.);
#7562=FACE_BOUND('',#6895,.T.);
#7563=FACE_BOUND('',#6896,.T.);
#7564=FACE_BOUND('',#6897,.T.);
#7565=FACE_BOUND('',#6898,.T.);
#7566=FACE_BOUND('',#6899,.T.);
#7567=FACE_BOUND('',#6900,.T.);
#7568=FACE_BOUND('',#6901,.T.);
#7569=FACE_BOUND('',#6902,.T.);
#7570=FACE_BOUND('',#6903,.T.);
#7571=FACE_BOUND('',#6904,.T.);
#7572=FACE_BOUND('',#6905,.T.);
#7573=FACE_BOUND('',#6906,.T.);
#7574=FACE_BOUND('',#6907,.T.);
#7575=FACE_BOUND('',#6908,.T.);
#7576=FACE_BOUND('',#6909,.T.);
#7577=FACE_BOUND('',#6910,.T.);
#7578=FACE_BOUND('',#6911,.T.);
#7579=FACE_BOUND('',#6912,.T.);
#7580=FACE_BOUND('',#6913,.T.);
#7581=FACE_BOUND('',#6914,.T.);
#7582=FACE_BOUND('',#6915,.T.);
#7583=FACE_BOUND('',#6916,.T.);
#7584=FACE_BOUND('',#6917,.T.);
#7585=FACE_BOUND('',#6918,.T.);
#7586=FACE_BOUND('',#6919,.T.);
#7587=FACE_BOUND('',#6920,.T.);
#7588=FACE_BOUND('',#6921,.T.);
#7589=FACE_BOUND('',#6922,.T.);
#7590=FACE_BOUND('',#6923,.T.);
#7591=FACE_BOUND('',#6924,.T.);
#7592=FACE_BOUND('',#6925,.T.);
#7593=FACE_BOUND('',#6926,.T.);
#7594=FACE_BOUND('',#6927,.T.);
#7595=FACE_BOUND('',#6928,.T.);
#7596=FACE_BOUND('',#6929,.T.);
#7597=FACE_BOUND('',#6930,.T.);
#7598=FACE_BOUND('',#6931,.T.);
#7599=FACE_BOUND('',#6932,.T.);
#7600=FACE_BOUND('',#6933,.T.);
#7601=FACE_BOUND('',#6934,.T.);
#7602=FACE_BOUND('',#6935,.T.);
#7603=FACE_BOUND('',#6936,.T.);
#7604=FACE_BOUND('',#6937,.T.);
#7605=FACE_BOUND('',#6938,.T.);
#7606=FACE_BOUND('',#6939,.T.);
#7607=FACE_BOUND('',#6940,.T.);
#7608=FACE_BOUND('',#6941,.T.);
#7609=FACE_BOUND('',#6942,.T.);
#7610=FACE_BOUND('',#6943,.T.);
#7611=FACE_BOUND('',#6944,.T.);
#7612=FACE_BOUND('',#6945,.T.);
#7613=FACE_BOUND('',#6946,.T.);
#7614=FACE_BOUND('',#6947,.T.);
#7615=FACE_BOUND('',#6948,.T.);
#7616=FACE_BOUND('',#6949,.T.);
#7617=FACE_BOUND('',#6950,.T.);
#7618=FACE_BOUND('',#6951,.T.);
#7619=FACE_BOUND('',#6952,.T.);
#7620=FACE_BOUND('',#6953,.T.);
#7621=FACE_BOUND('',#6954,.T.);
#7622=FACE_BOUND('',#6955,.T.);
#7623=FACE_BOUND('',#6956,.T.);
#7624=FACE_BOUND('',#6957,.T.);
#7625=FACE_BOUND('',#6958,.T.);
#7626=FACE_BOUND('',#6959,.T.);
#7627=FACE_BOUND('',#6960,.T.);
#7628=FACE_BOUND('',#6961,.T.);
#7629=FACE_BOUND('',#6962,.T.);
#7630=FACE_BOUND('',#6963,.T.);
#7631=FACE_BOUND('',#6964,.T.);
#7632=FACE_BOUND('',#6965,.T.);
#7633=FACE_BOUND('',#6966,.T.);
#7634=FACE_BOUND('',#6967,.T.);
#7635=FACE_BOUND('',#6968,.T.);
#7636=FACE_BOUND('',#6969,.T.);
#7637=FACE_BOUND('',#6970,.T.);
#7638=FACE_BOUND('',#6971,.T.);
#7639=FACE_BOUND('',#6972,.T.);
#7640=FACE_BOUND('',#6973,.T.);
#7641=FACE_BOUND('',#6974,.T.);
#7642=FACE_BOUND('',#6975,.T.);
#7643=FACE_BOUND('',#6976,.T.);
#7644=FACE_BOUND('',#6977,.T.);
#7645=FACE_BOUND('',#6978,.T.);
#7646=FACE_BOUND('',#6979,.T.);
#7647=FACE_BOUND('',#6980,.T.);
#7648=FACE_BOUND('',#6981,.T.);
#7649=FACE_BOUND('',#6982,.T.);
#7650=FACE_BOUND('',#6983,.T.);
#7651=FACE_BOUND('',#6984,.T.);
#7652=FACE_BOUND('',#6985,.T.);
#7653=FACE_BOUND('',#6986,.T.);
#7654=FACE_BOUND('',#6987,.T.);
#7655=FACE_BOUND('',#6988,.T.);
#7656=FACE_BOUND('',#6989,.T.);
#7657=FACE_BOUND('',#6990,.T.);
#7658=FACE_BOUND('',#6991,.T.);
#7659=FACE_BOUND('',#6992,.T.);
#7660=FACE_BOUND('',#6993,.T.);
#7661=FACE_BOUND('',#6994,.T.);
#7662=FACE_BOUND('',#6995,.T.);
#7663=FACE_BOUND('',#6996,.T.);
#7664=FACE_BOUND('',#6997,.T.);
#7665=FACE_BOUND('',#6998,.T.);
#7666=FACE_BOUND('',#6999,.T.);
#7667=FACE_BOUND('',#7000,.T.);
#7668=FACE_BOUND('',#7001,.T.);
#7669=FACE_BOUND('',#7002,.T.);
#7670=FACE_BOUND('',#7003,.T.);
#7671=FACE_BOUND('',#7004,.T.);
#7672=FACE_BOUND('',#7005,.T.);
#7673=FACE_BOUND('',#7006,.T.);
#7674=FACE_BOUND('',#7007,.T.);
#7675=FACE_BOUND('',#7008,.T.);
#7676=FACE_BOUND('',#7009,.T.);
#7677=FACE_BOUND('',#7010,.T.);
#7678=FACE_BOUND('',#7011,.T.);
#7679=FACE_BOUND('',#7012,.T.);
#7680=FACE_BOUND('',#7013,.T.);
#7681=FACE_BOUND('',#7014,.T.);
#7682=FACE_BOUND('',#7015,.T.);
#7683=FACE_BOUND('',#7016,.T.);
#7684=FACE_BOUND('',#7017,.T.);
#7685=FACE_BOUND('',#7018,.T.);
#7686=FACE_BOUND('',#7019,.T.);
#7687=FACE_BOUND('',#7020,.T.);
#7688=FACE_BOUND('',#7021,.T.);
#7689=FACE_BOUND('',#7022,.T.);
#7690=FACE_BOUND('',#7023,.T.);
#7691=FACE_BOUND('',#7024,.T.);
#7692=FACE_BOUND('',#7025,.T.);
#7693=FACE_BOUND('',#7026,.T.);
#7694=FACE_BOUND('',#7027,.T.);
#7695=FACE_BOUND('',#7028,.T.);
#7696=FACE_BOUND('',#7029,.T.);
#7697=FACE_BOUND('',#7030,.T.);
#7698=FACE_BOUND('',#7031,.T.);
#7699=FACE_BOUND('',#7032,.T.);
#7700=FACE_BOUND('',#7033,.T.);
#7701=FACE_BOUND('',#7034,.T.);
#7702=FACE_BOUND('',#7035,.T.);
#7703=FACE_BOUND('',#7036,.T.);
#7704=FACE_BOUND('',#7037,.T.);
#7705=FACE_BOUND('',#7038,.T.);
#7706=FACE_BOUND('',#7039,.T.);
#7707=FACE_BOUND('',#7040,.T.);
#7708=FACE_BOUND('',#7041,.T.);
#7709=FACE_BOUND('',#7042,.T.);
#7710=FACE_BOUND('',#7043,.T.);
#7711=FACE_BOUND('',#7044,.T.);
#7712=FACE_BOUND('',#7045,.T.);
#7713=FACE_BOUND('',#7046,.T.);
#7714=FACE_BOUND('',#7047,.T.);
#7715=FACE_BOUND('',#7048,.T.);
#7716=FACE_BOUND('',#7049,.T.);
#7717=FACE_BOUND('',#7050,.T.);
#7718=FACE_BOUND('',#7051,.T.);
#7719=FACE_BOUND('',#7052,.T.);
#7720=FACE_BOUND('',#7053,.T.);
#7721=FACE_BOUND('',#7054,.T.);
#7722=FACE_BOUND('',#7055,.T.);
#7723=FACE_BOUND('',#7056,.T.);
#7724=FACE_BOUND('',#7057,.T.);
#7725=FACE_BOUND('',#7058,.T.);
#7726=FACE_BOUND('',#7059,.T.);
#7727=FACE_BOUND('',#7060,.T.);
#7728=FACE_BOUND('',#7061,.T.);
#7729=FACE_BOUND('',#7062,.T.);
#7730=FACE_BOUND('',#7063,.T.);
#7731=FACE_BOUND('',#7064,.T.);
#7732=FACE_BOUND('',#7065,.T.);
#7733=FACE_BOUND('',#7066,.T.);
#7734=FACE_BOUND('',#7067,.T.);
#7735=FACE_BOUND('',#7068,.T.);
#7736=FACE_BOUND('',#7069,.T.);
#7737=FACE_BOUND('',#7070,.T.);
#7738=FACE_BOUND('',#7071,.T.);
#7739=FACE_BOUND('',#7072,.T.);
#7740=FACE_BOUND('',#7073,.T.);
#7741=FACE_BOUND('',#7074,.T.);
#7742=FACE_BOUND('',#7075,.T.);
#7743=FACE_BOUND('',#7076,.T.);
#7744=FACE_BOUND('',#7077,.T.);
#7745=FACE_BOUND('',#7078,.T.);
#7746=FACE_BOUND('',#7079,.T.);
#7747=FACE_BOUND('',#7080,.T.);
#7748=FACE_BOUND('',#7081,.T.);
#7749=FACE_BOUND('',#7082,.T.);
#7750=FACE_BOUND('',#7083,.T.);
#7751=FACE_BOUND('',#7084,.T.);
#7752=FACE_BOUND('',#7085,.T.);
#7753=FACE_BOUND('',#7086,.T.);
#7754=FACE_BOUND('',#7087,.T.);
#7755=FACE_BOUND('',#7088,.T.);
#7756=FACE_BOUND('',#7089,.T.);
#7757=FACE_BOUND('',#7090,.T.);
#7758=FACE_BOUND('',#7091,.T.);
#7759=FACE_BOUND('',#7092,.T.);
#7760=FACE_BOUND('',#7093,.T.);
#7761=FACE_BOUND('',#7094,.T.);
#7762=FACE_BOUND('',#7095,.T.);
#7763=FACE_BOUND('',#7096,.T.);
#7764=FACE_BOUND('',#7097,.T.);
#7765=FACE_BOUND('',#7098,.T.);
#7766=FACE_BOUND('',#7099,.T.);
#7767=FACE_BOUND('',#7100,.T.);
#7768=FACE_BOUND('',#7101,.T.);
#7769=FACE_BOUND('',#7102,.T.);
#7770=FACE_BOUND('',#7103,.T.);
#7771=FACE_BOUND('',#7104,.T.);
#7772=FACE_BOUND('',#7105,.T.);
#7773=FACE_BOUND('',#7106,.T.);
#7774=FACE_BOUND('',#7107,.T.);
#7775=FACE_BOUND('',#7108,.T.);
#7776=FACE_BOUND('',#7109,.T.);
#7777=FACE_BOUND('',#7110,.T.);
#7778=FACE_BOUND('',#7111,.T.);
#7779=FACE_BOUND('',#7112,.T.);
#7780=FACE_BOUND('',#7113,.T.);
#7781=FACE_BOUND('',#7114,.T.);
#7782=FACE_BOUND('',#7115,.T.);
#7783=FACE_BOUND('',#7116,.T.);
#7784=FACE_BOUND('',#7117,.T.);
#7785=FACE_BOUND('',#7118,.T.);
#7786=FACE_BOUND('',#7119,.T.);
#7787=FACE_BOUND('',#7120,.T.);
#7788=FACE_BOUND('',#7121,.T.);
#7789=FACE_BOUND('',#7122,.T.);
#7790=FACE_BOUND('',#7123,.T.);
#7791=FACE_BOUND('',#7124,.T.);
#7792=FACE_BOUND('',#7125,.T.);
#7793=FACE_BOUND('',#7126,.T.);
#7794=FACE_BOUND('',#7127,.T.);
#7795=FACE_BOUND('',#7128,.T.);
#7796=FACE_BOUND('',#7129,.T.);
#7797=FACE_BOUND('',#7130,.T.);
#7798=FACE_BOUND('',#7131,.T.);
#7799=FACE_BOUND('',#7132,.T.);
#7800=FACE_BOUND('',#7133,.T.);
#7801=FACE_BOUND('',#7134,.T.);
#7802=FACE_BOUND('',#7135,.T.);
#7803=FACE_BOUND('',#7136,.T.);
#7804=FACE_BOUND('',#7137,.T.);
#7805=FACE_BOUND('',#7138,.T.);
#7806=FACE_BOUND('',#7139,.T.);
#7807=FACE_BOUND('',#7140,.T.);
#7808=FACE_BOUND('',#7141,.T.);
#7809=FACE_BOUND('',#7142,.T.);
#7810=FACE_BOUND('',#7143,.T.);
#7811=FACE_BOUND('',#7144,.T.);
#7812=FACE_BOUND('',#7145,.T.);
#7813=FACE_BOUND('',#7146,.T.);
#7814=FACE_BOUND('',#7147,.T.);
#7815=FACE_BOUND('',#7148,.T.);
#7816=FACE_BOUND('',#7149,.T.);
#7817=FACE_BOUND('',#7150,.T.);
#7818=FACE_BOUND('',#7151,.T.);
#7819=FACE_BOUND('',#7152,.T.);
#7820=FACE_BOUND('',#7153,.T.);
#7821=FACE_BOUND('',#7154,.T.);
#7822=FACE_BOUND('',#7155,.T.);
#7823=FACE_BOUND('',#7156,.T.);
#7824=FACE_BOUND('',#7157,.T.);
#7825=FACE_BOUND('',#7158,.T.);
#7826=FACE_BOUND('',#7159,.T.);
#7827=FACE_BOUND('',#7160,.T.);
#7828=FACE_BOUND('',#7161,.T.);
#7829=FACE_BOUND('',#7162,.T.);
#7830=FACE_BOUND('',#7163,.T.);
#7831=FACE_BOUND('',#7164,.T.);
#7832=FACE_BOUND('',#7165,.T.);
#7833=FACE_BOUND('',#7166,.T.);
#7834=FACE_BOUND('',#7167,.T.);
#7835=FACE_BOUND('',#7168,.T.);
#7836=FACE_BOUND('',#7169,.T.);
#7837=FACE_BOUND('',#7170,.T.);
#7838=FACE_BOUND('',#7171,.T.);
#7839=FACE_BOUND('',#7172,.T.);
#7840=FACE_BOUND('',#7173,.T.);
#7841=FACE_BOUND('',#7174,.T.);
#7842=FACE_BOUND('',#7175,.T.);
#7843=FACE_BOUND('',#7176,.T.);
#7844=FACE_BOUND('',#7177,.T.);
#7845=FACE_BOUND('',#7178,.T.);
#7846=FACE_BOUND('',#7179,.T.);
#7847=FACE_BOUND('',#7180,.T.);
#7848=FACE_BOUND('',#7181,.T.);
#7849=FACE_BOUND('',#7182,.T.);
#7850=FACE_BOUND('',#7183,.T.);
#7851=FACE_BOUND('',#7184,.T.);
#7852=FACE_BOUND('',#7185,.T.);
#7853=FACE_BOUND('',#7186,.T.);
#7854=FACE_BOUND('',#7187,.T.);
#7855=FACE_BOUND('',#7188,.T.);
#7856=FACE_BOUND('',#7189,.T.);
#7857=FACE_BOUND('',#7190,.T.);
#7858=FACE_BOUND('',#7191,.T.);
#7859=FACE_BOUND('',#7192,.T.);
#7860=FACE_BOUND('',#7193,.T.);
#7861=FACE_BOUND('',#7194,.T.);
#7862=FACE_BOUND('',#7195,.T.);
#7863=FACE_BOUND('',#7196,.T.);
#7864=FACE_BOUND('',#7197,.T.);
#7865=FACE_BOUND('',#7198,.T.);
#7866=FACE_BOUND('',#7199,.T.);
#7867=FACE_BOUND('',#7200,.T.);
#7868=FACE_BOUND('',#7201,.T.);
#7869=FACE_BOUND('',#7202,.T.);
#7870=FACE_BOUND('',#7203,.T.);
#7871=FACE_BOUND('',#7204,.T.);
#7872=FACE_BOUND('',#7205,.T.);
#7873=FACE_BOUND('',#7206,.T.);
#7874=FACE_BOUND('',#7207,.T.);
#7875=PLANE('',#8745);
#7876=PLANE('',#8770);
#7877=PLANE('',#8773);
#7878=PLANE('',#8796);
#7879=PLANE('',#8799);
#7880=PLANE('',#8802);
#7881=PLANE('',#8805);
#7882=PLANE('',#8806);
#7883=PLANE('',#8807);
#7884=PLANE('',#8808);
#7885=PLANE('',#8825);
#7886=PLANE('',#8828);
#7887=PLANE('',#8837);
#7888=PLANE('',#8840);
#7889=PLANE('',#8849);
#7890=PLANE('',#8856);
#7891=PLANE('',#8861);
#7892=PLANE('',#8878);
#7893=PLANE('',#8880);
#7894=PLANE('',#8881);
#7895=PLANE('',#8883);
#7896=PLANE('',#8884);
#7897=PLANE('',#8885);
#7898=PLANE('',#8887);
#7899=PLANE('',#8888);
#7900=PLANE('',#8889);
#7901=PLANE('',#8892);
#7902=PLANE('',#8893);
#7903=PLANE('',#8894);
#7904=PLANE('',#8896);
#7905=PLANE('',#8897);
#7906=PLANE('',#8898);
#7907=PLANE('',#8899);
#7908=PLANE('',#8900);
#7909=PLANE('',#8901);
#7910=PLANE('',#8902);
#7911=PLANE('',#8903);
#7912=PLANE('',#8904);
#7913=PLANE('',#8905);
#7914=PLANE('',#8906);
#7915=PLANE('',#8907);
#7916=PLANE('',#8908);
#7917=PLANE('',#8909);
#7918=PLANE('',#8910);
#7919=PLANE('',#8911);
#7920=PLANE('',#8912);
#7921=PLANE('',#8913);
#7922=PLANE('',#8914);
#7923=PLANE('',#8915);
#7924=PLANE('',#8916);
#7925=PLANE('',#8919);
#7926=PLANE('',#8924);
#7927=PLANE('',#8929);
#7928=PLANE('',#8934);
#7929=PLANE('',#8959);
#7930=PLANE('',#8970);
#7931=PLANE('',#8981);
#7932=PLANE('',#8982);
#7933=PLANE('',#8984);
#7934=PLANE('',#8988);
#7935=PLANE('',#8991);
#7936=PLANE('',#8994);
#7937=PLANE('',#8997);
#7938=PLANE('',#8998);
#7939=PLANE('',#9016);
#7940=PLANE('',#9022);
#7941=PLANE('',#9026);
#7942=PLANE('',#9045);
#7943=PLANE('',#9077);
#7944=PLANE('',#9081);
#7945=PLANE('',#9085);
#7946=PLANE('',#9089);
#7947=PLANE('',#9099);
#7948=PLANE('',#9127);
#7949=PLANE('',#9130);
#7950=PLANE('',#9138);
#7951=PLANE('',#9143);
#7952=PLANE('',#9146);
#7953=PLANE('',#9147);
#7954=PLANE('',#9148);
#7955=PLANE('',#9149);
#7956=PLANE('',#9150);
#7957=PLANE('',#9151);
#7958=PLANE('',#9152);
#7959=PLANE('',#9153);
#7960=PLANE('',#9156);
#7961=PLANE('',#9159);
#7962=PLANE('',#9160);
#7963=PLANE('',#9163);
#7964=PLANE('',#9166);
#7965=PLANE('',#9169);
#7966=PLANE('',#9172);
#7967=PLANE('',#9175);
#7968=PLANE('',#9177);
#7969=PLANE('',#9182);
#7970=PLANE('',#9186);
#7971=PLANE('',#9189);
#7972=PLANE('',#9192);
#7973=PLANE('',#9195);
#7974=PLANE('',#9196);
#7975=PLANE('',#9197);
#7976=PLANE('',#9198);
#7977=PLANE('',#9199);
#7978=PLANE('',#9200);
#7979=PLANE('',#9201);
#7980=PLANE('',#9202);
#7981=PLANE('',#9203);
#7982=PLANE('',#9204);
#7983=PLANE('',#9205);
#7984=PLANE('',#9206);
#7985=PLANE('',#9207);
#7986=PLANE('',#9211);
#7987=PLANE('',#9212);
#7988=PLANE('',#9213);
#7989=PLANE('',#9217);
#7990=PLANE('',#9218);
#7991=PLANE('',#9219);
#7992=PLANE('',#9220);
#7993=PLANE('',#9224);
#7994=PLANE('',#9234);
#7995=PLANE('',#9235);
#7996=PLANE('',#9236);
#7997=PLANE('',#9252);
#7998=PLANE('',#9253);
#7999=PLANE('',#9254);
#8000=PLANE('',#9255);
#8001=PLANE('',#9256);
#8002=PLANE('',#9257);
#8003=PLANE('',#9258);
#8004=PLANE('',#9259);
#8005=PLANE('',#9260);
#8006=PLANE('',#9261);
#8007=PLANE('',#9262);
#8008=PLANE('',#9263);
#8009=PLANE('',#9264);
#8010=PLANE('',#9265);
#8011=PLANE('',#9266);
#8012=PLANE('',#9267);
#8013=PLANE('',#9271);
#8014=PLANE('',#9272);
#8015=PLANE('',#9273);
#8016=PLANE('',#9274);
#8017=PLANE('',#9335);
#8018=PLANE('',#9336);
#8019=PLANE('',#9337);
#8020=PLANE('',#9338);
#8021=PLANE('',#9339);
#8022=PLANE('',#9340);
#8023=PLANE('',#9341);
#8024=PLANE('',#9342);
#8025=PLANE('',#9343);
#8026=PLANE('',#9344);
#8027=PLANE('',#9345);
#8028=PLANE('',#9346);
#8029=PLANE('',#9347);
#8030=PLANE('',#9348);
#8031=PLANE('',#9349);
#8032=PLANE('',#9350);
#8033=PLANE('',#9351);
#8034=PLANE('',#9352);
#8035=PLANE('',#9353);
#8036=PLANE('',#9354);
#8037=PLANE('',#9355);
#8038=PLANE('',#9356);
#8039=PLANE('',#9357);
#8040=PLANE('',#9358);
#8041=PLANE('',#9359);
#8042=PLANE('',#9360);
#8043=PLANE('',#9361);
#8044=PLANE('',#9362);
#8045=PLANE('',#9363);
#8046=PLANE('',#9364);
#8047=PLANE('',#9365);
#8048=PLANE('',#9366);
#8049=PLANE('',#9367);
#8050=PLANE('',#9368);
#8051=PLANE('',#9369);
#8052=PLANE('',#9373);
#8053=PLANE('',#9374);
#8054=PLANE('',#9375);
#8055=PLANE('',#9376);
#8056=PLANE('',#9377);
#8057=PLANE('',#9378);
#8058=PLANE('',#9379);
#8059=PLANE('',#9380);
#8060=PLANE('',#9381);
#8061=PLANE('',#9382);
#8062=PLANE('',#9383);
#8063=PLANE('',#9384);
#8064=PLANE('',#9388);
#8065=PLANE('',#9389);
#8066=PLANE('',#9390);
#8067=PLANE('',#9393);
#8068=PLANE('',#9394);
#8069=PLANE('',#9398);
#8070=PLANE('',#9402);
#8071=PLANE('',#9403);
#8072=PLANE('',#9404);
#8073=PLANE('',#9405);
#8074=PLANE('',#9409);
#8075=PLANE('',#9410);
#8076=PLANE('',#9417);
#8077=PLANE('',#9418);
#8078=PLANE('',#9419);
#8079=PLANE('',#9420);
#8080=PLANE('',#9421);
#8081=PLANE('',#9422);
#8082=PLANE('',#9423);
#8083=PLANE('',#9424);
#8084=PLANE('',#9425);
#8085=PLANE('',#9426);
#8086=PLANE('',#9427);
#8087=PLANE('',#9449);
#8088=PLANE('',#9450);
#8089=PLANE('',#9451);
#8090=PLANE('',#9452);
#8091=PLANE('',#9453);
#8092=PLANE('',#9454);
#8093=PLANE('',#9455);
#8094=PLANE('',#9456);
#8095=PLANE('',#9457);
#8096=PLANE('',#9500);
#8097=PLANE('',#9501);
#8098=PLANE('',#9502);
#8099=PLANE('',#9503);
#8100=PLANE('',#9504);
#8101=PLANE('',#9505);
#8102=PLANE('',#9506);
#8103=PLANE('',#9508);
#8104=PLANE('',#9511);
#8105=PLANE('',#9514);
#8106=PLANE('',#9515);
#8107=PLANE('',#9516);
#8108=PLANE('',#9517);
#8109=PLANE('',#9518);
#8110=PLANE('',#9519);
#8111=PLANE('',#9520);
#8112=PLANE('',#9521);
#8113=PLANE('',#9522);
#8114=PLANE('',#9523);
#8115=PLANE('',#9524);
#8116=PLANE('',#9525);
#8117=PLANE('',#9526);
#8118=PLANE('',#9527);
#8119=PLANE('',#9528);
#8120=PLANE('',#9529);
#8121=PLANE('',#9530);
#8122=PLANE('',#9531);
#8123=PLANE('',#9532);
#8124=PLANE('',#9533);
#8125=PLANE('',#9534);
#8126=PLANE('',#9535);
#8127=PLANE('',#9536);
#8128=PLANE('',#9537);
#8129=PLANE('',#9538);
#8130=PLANE('',#9539);
#8131=PLANE('',#9543);
#8132=PLANE('',#9544);
#8133=PLANE('',#9548);
#8134=PLANE('',#9556);
#8135=PLANE('',#9557);
#8136=PLANE('',#9558);
#8137=PLANE('',#9559);
#8138=PLANE('',#9560);
#8139=PLANE('',#9561);
#8140=PLANE('',#9562);
#8141=PLANE('',#9563);
#8142=PLANE('',#9564);
#8143=PLANE('',#9565);
#8144=PLANE('',#9568);
#8145=PLANE('',#9573);
#8146=PLANE('',#9576);
#8147=PLANE('',#9577);
#8148=PLANE('',#9578);
#8149=PLANE('',#9579);
#8150=PLANE('',#9580);
#8151=PLANE('',#9581);
#8152=PLANE('',#9582);
#8153=PLANE('',#9583);
#8154=PLANE('',#9584);
#8155=PLANE('',#9585);
#8156=PLANE('',#9586);
#8157=PLANE('',#9587);
#8158=PLANE('',#9588);
#8159=PLANE('',#9589);
#8160=PLANE('',#9590);
#8161=PLANE('',#9591);
#8162=PLANE('',#9592);
#8163=PLANE('',#9593);
#8164=PLANE('',#9594);
#8165=PLANE('',#9595);
#8166=PLANE('',#9596);
#8167=PLANE('',#9597);
#8168=PLANE('',#9598);
#8169=PLANE('',#9599);
#8170=PLANE('',#9600);
#8171=PLANE('',#9601);
#8172=PLANE('',#9602);
#8173=PLANE('',#9603);
#8174=PLANE('',#9604);
#8175=PLANE('',#9605);
#8176=PLANE('',#9606);
#8177=PLANE('',#9607);
#8178=ADVANCED_FACE('',(#7208,#7209,#7210),#7875,.F.);
#8179=ADVANCED_FACE('',(#7211),#240,.T.);
#8180=ADVANCED_FACE('',(#7212),#241,.T.);
#8181=ADVANCED_FACE('',(#7213,#7214),#235,.T.);
#8182=ADVANCED_FACE('',(#7215),#216,.T.);
#8183=ADVANCED_FACE('',(#7216),#217,.T.);
#8184=ADVANCED_FACE('',(#7217,#7218),#7876,.T.);
#8185=ADVANCED_FACE('',(#7219,#7220),#7877,.T.);
#8186=ADVANCED_FACE('',(#7221,#7222),#77,.F.);
#8187=ADVANCED_FACE('',(#7223,#7224),#78,.F.);
#8188=ADVANCED_FACE('',(#7225,#7226),#79,.F.);
#8189=ADVANCED_FACE('',(#7227,#7228),#80,.F.);
#8190=ADVANCED_FACE('',(#7229),#7878,.F.);
#8191=ADVANCED_FACE('',(#7230),#7879,.T.);
#8192=ADVANCED_FACE('',(#7231),#7880,.T.);
#8193=ADVANCED_FACE('',(#7232),#7881,.T.);
#8194=ADVANCED_FACE('',(#7233),#7882,.T.);
#8195=ADVANCED_FACE('',(#7234),#7883,.T.);
#8196=ADVANCED_FACE('',(#7235),#7884,.T.);
#8197=ADVANCED_FACE('',(#7236),#81,.T.);
#8198=ADVANCED_FACE('',(#7237),#82,.T.);
#8199=ADVANCED_FACE('',(#7238),#83,.T.);
#8200=ADVANCED_FACE('',(#7239),#84,.T.);
#8201=ADVANCED_FACE('',(#7240,#7241,#7242),#7885,.F.);
#8202=ADVANCED_FACE('',(#7243),#7886,.F.);
#8203=ADVANCED_FACE('',(#7244),#85,.T.);
#8204=ADVANCED_FACE('',(#7245),#86,.T.);
#8205=ADVANCED_FACE('',(#7246,#7247,#7248),#7887,.F.);
#8206=ADVANCED_FACE('',(#7249),#7888,.F.);
#8207=ADVANCED_FACE('',(#7250),#87,.T.);
#8208=ADVANCED_FACE('',(#7251),#88,.T.);
#8209=ADVANCED_FACE('',(#7252,#7253,#7254),#7889,.F.);
#8210=ADVANCED_FACE('',(#7255),#7890,.T.);
#8211=ADVANCED_FACE('',(#7256),#242,.T.);
#8212=ADVANCED_FACE('',(#7257),#243,.T.);
#8213=ADVANCED_FACE('',(#7258),#244,.T.);
#8214=ADVANCED_FACE('',(#7259),#245,.T.);
#8215=ADVANCED_FACE('',(#7260),#7891,.T.);
#8216=ADVANCED_FACE('',(#7261),#89,.T.);
#8217=ADVANCED_FACE('',(#7262),#218,.T.);
#8218=ADVANCED_FACE('',(#7263),#219,.T.);
#8219=ADVANCED_FACE('',(#7264),#90,.T.);
#8220=ADVANCED_FACE('',(#7265),#91,.T.);
#8221=ADVANCED_FACE('',(#7266),#220,.T.);
#8222=ADVANCED_FACE('',(#7267),#221,.T.);
#8223=ADVANCED_FACE('',(#7268),#92,.T.);
#8224=ADVANCED_FACE('',(#7269),#7892,.T.);
#8225=ADVANCED_FACE('',(#7270),#93,.T.);
#8226=ADVANCED_FACE('',(#7271),#7893,.T.);
#8227=ADVANCED_FACE('',(#7272),#7894,.T.);
#8228=ADVANCED_FACE('',(#7273),#94,.T.);
#8229=ADVANCED_FACE('',(#7274),#7895,.T.);
#8230=ADVANCED_FACE('',(#7275),#7896,.T.);
#8231=ADVANCED_FACE('',(#7276),#7897,.T.);
#8232=ADVANCED_FACE('',(#7277),#95,.F.);
#8233=ADVANCED_FACE('',(#7278),#7898,.T.);
#8234=ADVANCED_FACE('',(#7279),#7899,.T.);
#8235=ADVANCED_FACE('',(#7280),#7900,.T.);
#8236=ADVANCED_FACE('',(#7281),#96,.T.);
#8237=ADVANCED_FACE('',(#7282),#97,.T.);
#8238=ADVANCED_FACE('',(#7283),#7901,.T.);
#8239=ADVANCED_FACE('',(#7284),#7902,.T.);
#8240=ADVANCED_FACE('',(#7285),#7903,.T.);
#8241=ADVANCED_FACE('',(#7286),#98,.F.);
#8242=ADVANCED_FACE('',(#7287),#7904,.T.);
#8243=ADVANCED_FACE('',(#7288),#7905,.T.);
#8244=ADVANCED_FACE('',(#7289),#7906,.T.);
#8245=ADVANCED_FACE('',(#7290),#7907,.T.);
#8246=ADVANCED_FACE('',(#7291),#7908,.T.);
#8247=ADVANCED_FACE('',(#7292),#7909,.T.);
#8248=ADVANCED_FACE('',(#7293),#7910,.T.);
#8249=ADVANCED_FACE('',(#7294),#7911,.T.);
#8250=ADVANCED_FACE('',(#7295),#7912,.T.);
#8251=ADVANCED_FACE('',(#7296),#7913,.T.);
#8252=ADVANCED_FACE('',(#7297),#7914,.T.);
#8253=ADVANCED_FACE('',(#7298),#7915,.T.);
#8254=ADVANCED_FACE('',(#7299),#7916,.T.);
#8255=ADVANCED_FACE('',(#7300),#7917,.T.);
#8256=ADVANCED_FACE('',(#7301),#7918,.T.);
#8257=ADVANCED_FACE('',(#7302),#7919,.T.);
#8258=ADVANCED_FACE('',(#7303),#7920,.T.);
#8259=ADVANCED_FACE('',(#7304),#7921,.T.);
#8260=ADVANCED_FACE('',(#7305),#7922,.T.);
#8261=ADVANCED_FACE('',(#7306),#7923,.T.);
#8262=ADVANCED_FACE('',(#7307),#7924,.T.);
#8263=ADVANCED_FACE('',(#7308,#7309),#246,.F.);
#8264=ADVANCED_FACE('',(#7310,#7311),#7925,.T.);
#8265=ADVANCED_FACE('',(#7312,#7313),#99,.F.);
#8266=ADVANCED_FACE('',(#7314,#7315),#100,.F.);
#8267=ADVANCED_FACE('',(#7316,#7317),#7926,.T.);
#8268=ADVANCED_FACE('',(#7318,#7319),#247,.F.);
#8269=ADVANCED_FACE('',(#7320,#7321),#101,.F.);
#8270=ADVANCED_FACE('',(#7322,#7323),#7927,.T.);
#8271=ADVANCED_FACE('',(#7324,#7325),#248,.F.);
#8272=ADVANCED_FACE('',(#7326,#7327),#249,.F.);
#8273=ADVANCED_FACE('',(#7328,#7329),#7928,.T.);
#8274=ADVANCED_FACE('',(#7330,#7331),#102,.F.);
#8275=ADVANCED_FACE('',(#7332,#7333),#250,.F.);
#8276=ADVANCED_FACE('',(#7334),#103,.F.);
#8277=ADVANCED_FACE('',(#7335),#104,.F.);
#8278=ADVANCED_FACE('',(#7336,#7337),#105,.F.);
#8279=ADVANCED_FACE('',(#7338,#7339),#251,.F.);
#8280=ADVANCED_FACE('',(#7340,#7341),#252,.F.);
#8281=ADVANCED_FACE('',(#7342),#106,.F.);
#8282=ADVANCED_FACE('',(#7343),#107,.F.);
#8283=ADVANCED_FACE('',(#7344,#7345),#108,.F.);
#8284=ADVANCED_FACE('',(#7346,#7347),#253,.F.);
#8285=ADVANCED_FACE('',(#7348,#7349),#254,.F.);
#8286=ADVANCED_FACE('',(#7350,#7351),#109,.F.);
#8287=ADVANCED_FACE('',(#7352,#7353),#255,.F.);
#8288=ADVANCED_FACE('',(#7354,#7355),#7929,.T.);
#8289=ADVANCED_FACE('',(#7356,#7357),#256,.T.);
#8290=ADVANCED_FACE('',(#7358,#7359),#110,.T.);
#8291=ADVANCED_FACE('',(#7360,#7361),#257,.F.);
#8292=ADVANCED_FACE('',(#7362,#7363),#111,.F.);
#8293=ADVANCED_FACE('',(#7364,#7365),#258,.F.);
#8294=ADVANCED_FACE('',(#7366,#7367),#7930,.T.);
#8295=ADVANCED_FACE('',(#7368,#7369),#259,.T.);
#8296=ADVANCED_FACE('',(#7370,#7371),#112,.T.);
#8297=ADVANCED_FACE('',(#7372,#7373),#113,.F.);
#8298=ADVANCED_FACE('',(#7374,#7375),#260,.F.);
#8299=ADVANCED_FACE('',(#7376,#7377),#222,.T.);
#8300=ADVANCED_FACE('',(#7378),#7931,.F.);
#8301=ADVANCED_FACE('',(#7379),#7932,.T.);
#8302=ADVANCED_FACE('',(#7380),#7933,.T.);
#8303=ADVANCED_FACE('',(#7381),#114,.F.);
#8304=ADVANCED_FACE('',(#7382),#7934,.T.);
#8305=ADVANCED_FACE('',(#7383),#115,.F.);
#8306=ADVANCED_FACE('',(#7384),#7935,.T.);
#8307=ADVANCED_FACE('',(#7385),#116,.F.);
#8308=ADVANCED_FACE('',(#7386),#7936,.T.);
#8309=ADVANCED_FACE('',(#7387),#117,.F.);
#8310=ADVANCED_FACE('',(#7388),#7937,.T.);
#8311=ADVANCED_FACE('',(#7389),#7938,.T.);
#8312=ADVANCED_FACE('',(#7390),#59,.T.);
#8313=ADVANCED_FACE('',(#7391),#236,.T.);
#8314=ADVANCED_FACE('',(#7392),#223,.T.);
#8315=ADVANCED_FACE('',(#7393),#237,.T.);
#8316=ADVANCED_FACE('',(#7394),#60,.T.);
#8317=ADVANCED_FACE('',(#7395),#61,.T.);
#8318=ADVANCED_FACE('',(#7396),#238,.T.);
#8319=ADVANCED_FACE('',(#7397),#224,.T.);
#8320=ADVANCED_FACE('',(#7398),#239,.T.);
#8321=ADVANCED_FACE('',(#7399),#62,.T.);
#8322=ADVANCED_FACE('',(#7400,#7401),#261,.T.);
#8323=ADVANCED_FACE('',(#7402,#7403),#7939,.T.);
#8324=ADVANCED_FACE('',(#7404,#7405),#118,.F.);
#8325=ADVANCED_FACE('',(#7406,#7407),#262,.T.);
#8326=ADVANCED_FACE('',(#7408,#7409),#7940,.T.);
#8327=ADVANCED_FACE('',(#7410,#7411),#119,.F.);
#8328=ADVANCED_FACE('',(#7412,#7413,#7414,#7415,#7416,#7417,#7418),#7941,
 .F.);
#8329=ADVANCED_FACE('',(#7419),#120,.T.);
#8330=ADVANCED_FACE('',(#7420),#121,.T.);
#8331=ADVANCED_FACE('',(#7421),#263,.T.);
#8332=ADVANCED_FACE('',(#7422),#264,.T.);
#8333=ADVANCED_FACE('',(#7423,#7424),#7942,.F.);
#8334=ADVANCED_FACE('',(#7425),#265,.T.);
#8335=ADVANCED_FACE('',(#7426),#266,.T.);
#8336=ADVANCED_FACE('',(#7427),#267,.T.);
#8337=ADVANCED_FACE('',(#7428),#268,.T.);
#8338=ADVANCED_FACE('',(#7429),#269,.T.);
#8339=ADVANCED_FACE('',(#7430),#270,.T.);
#8340=ADVANCED_FACE('',(#7431),#122,.T.);
#8341=ADVANCED_FACE('',(#7432),#123,.T.);
#8342=ADVANCED_FACE('',(#7433),#124,.T.);
#8343=ADVANCED_FACE('',(#7434),#125,.T.);
#8344=ADVANCED_FACE('',(#7435),#126,.T.);
#8345=ADVANCED_FACE('',(#7436),#127,.T.);
#8346=ADVANCED_FACE('',(#7437),#7943,.F.);
#8347=ADVANCED_FACE('',(#7438,#7439),#271,.T.);
#8348=ADVANCED_FACE('',(#7440,#7441),#7944,.F.);
#8349=ADVANCED_FACE('',(#7442,#7443),#128,.T.);
#8350=ADVANCED_FACE('',(#7444,#7445),#7945,.F.);
#8351=ADVANCED_FACE('',(#7446,#7447),#272,.T.);
#8352=ADVANCED_FACE('',(#7448,#7449),#7946,.F.);
#8353=ADVANCED_FACE('',(#7450,#7451),#225,.T.);
#8354=ADVANCED_FACE('',(#7452,#7453),#273,.T.);
#8355=ADVANCED_FACE('',(#7454,#7455),#129,.T.);
#8356=ADVANCED_FACE('',(#7456,#7457),#226,.T.);
#8357=ADVANCED_FACE('',(#7458,#7459),#7947,.F.);
#8358=ADVANCED_FACE('',(#7460,#7461),#227,.F.);
#8359=ADVANCED_FACE('',(#7462,#7463),#130,.T.);
#8360=ADVANCED_FACE('',(#7464,#7465),#228,.F.);
#8361=ADVANCED_FACE('',(#7466,#7467),#274,.T.);
#8362=ADVANCED_FACE('',(#7468,#7469),#229,.T.);
#8363=ADVANCED_FACE('',(#7470,#7471),#131,.T.);
#8364=ADVANCED_FACE('',(#7472,#7473),#230,.F.);
#8365=ADVANCED_FACE('',(#7474,#7475),#275,.T.);
#8366=ADVANCED_FACE('',(#7476,#7477),#231,.T.);
#8367=ADVANCED_FACE('',(#7478,#7479),#132,.T.);
#8368=ADVANCED_FACE('',(#7480,#7481),#232,.T.);
#8369=ADVANCED_FACE('',(#7482,#7483),#276,.T.);
#8370=ADVANCED_FACE('',(#7484,#7485),#233,.T.);
#8371=ADVANCED_FACE('',(#7486,#7487),#7948,.F.);
#8372=ADVANCED_FACE('',(#7488,#7489),#133,.T.);
#8373=ADVANCED_FACE('',(#7490,#7491),#7949,.F.);
#8374=ADVANCED_FACE('',(#7492,#7493),#234,.T.);
#8375=ADVANCED_FACE('',(#7494,#7495),#134,.T.);
#8376=ADVANCED_FACE('',(#7496,#7497),#277,.T.);
#8377=ADVANCED_FACE('',(#7498,#7499),#7950,.F.);
#8378=ADVANCED_FACE('',(#7500,#7501),#135,.T.);
#8379=ADVANCED_FACE('',(#7502,#7503),#278,.T.);
#8380=ADVANCED_FACE('',(#7504,#7505),#7951,.F.);
#8381=ADVANCED_FACE('',(#7506,#7507),#136,.F.);
#8382=ADVANCED_FACE('',(#7508),#7952,.T.);
#8383=ADVANCED_FACE('',(#7509),#7953,.T.);
#8384=ADVANCED_FACE('',(#7510),#7954,.T.);
#8385=ADVANCED_FACE('',(#7511),#7955,.T.);
#8386=ADVANCED_FACE('',(#7512),#7956,.T.);
#8387=ADVANCED_FACE('',(#7513),#7957,.T.);
#8388=ADVANCED_FACE('',(#7514),#7958,.T.);
#8389=ADVANCED_FACE('',(#7515),#7959,.T.);
#8390=ADVANCED_FACE('',(#7516),#137,.T.);
#8391=ADVANCED_FACE('',(#7517),#7960,.F.);
#8392=ADVANCED_FACE('',(#7518),#138,.T.);
#8393=ADVANCED_FACE('',(#7519),#7961,.F.);
#8394=ADVANCED_FACE('',(#7520),#7962,.T.);
#8395=ADVANCED_FACE('',(#7521,#7522),#139,.T.);
#8396=ADVANCED_FACE('',(#7523),#7963,.T.);
#8397=ADVANCED_FACE('',(#7524,#7525),#140,.T.);
#8398=ADVANCED_FACE('',(#7526),#7964,.T.);
#8399=ADVANCED_FACE('',(#7527,#7528),#141,.T.);
#8400=ADVANCED_FACE('',(#7529),#7965,.T.);
#8401=ADVANCED_FACE('',(#7530,#7531),#142,.T.);
#8402=ADVANCED_FACE('',(#7532),#7966,.T.);
#8403=ADVANCED_FACE('',(#7533,#7534),#143,.T.);
#8404=ADVANCED_FACE('',(#7535),#7967,.T.);
#8405=ADVANCED_FACE('',(#7536,#7537),#7968,.F.);
#8406=ADVANCED_FACE('',(#7538,#7539),#7969,.T.);
#8407=ADVANCED_FACE('',(#7540),#144,.T.);
#8408=ADVANCED_FACE('',(#7541),#7970,.F.);
#8409=ADVANCED_FACE('',(#7542),#145,.T.);
#8410=ADVANCED_FACE('',(#7543),#7971,.F.);
#8411=ADVANCED_FACE('',(#7544),#146,.T.);
#8412=ADVANCED_FACE('',(#7545),#7972,.F.);
#8413=ADVANCED_FACE('',(#7546),#147,.T.);
#8414=ADVANCED_FACE('',(#7547),#7973,.F.);
#8415=ADVANCED_FACE('',(#7548),#7974,.T.);
#8416=ADVANCED_FACE('',(#7549),#7975,.T.);
#8417=ADVANCED_FACE('',(#7550),#7976,.T.);
#8418=ADVANCED_FACE('',(#7551),#7977,.T.);
#8419=ADVANCED_FACE('',(#7552),#7978,.T.);
#8420=ADVANCED_FACE('',(#7553),#7979,.T.);
#8421=ADVANCED_FACE('',(#7554),#7980,.T.);
#8422=ADVANCED_FACE('',(#7555),#7981,.T.);
#8423=ADVANCED_FACE('',(#7556),#7982,.T.);
#8424=ADVANCED_FACE('',(#7557),#7983,.T.);
#8425=ADVANCED_FACE('',(#7558),#7984,.T.);
#8426=ADVANCED_FACE('',(#7559),#7985,.T.);
#8427=ADVANCED_FACE('',(#7560),#148,.T.);
#8428=ADVANCED_FACE('',(#7561),#7986,.T.);
#8429=ADVANCED_FACE('',(#7562),#7987,.T.);
#8430=ADVANCED_FACE('',(#7563),#7988,.T.);
#8431=ADVANCED_FACE('',(#7564),#149,.T.);
#8432=ADVANCED_FACE('',(#7565),#7989,.T.);
#8433=ADVANCED_FACE('',(#7566),#7990,.T.);
#8434=ADVANCED_FACE('',(#7567),#7991,.T.);
#8435=ADVANCED_FACE('',(#7568),#7992,.T.);
#8436=ADVANCED_FACE('',(#7569),#150,.F.);
#8437=ADVANCED_FACE('',(#7570),#7993,.T.);
#8438=ADVANCED_FACE('',(#7571),#151,.F.);
#8439=ADVANCED_FACE('',(#7572),#152,.F.);
#8440=ADVANCED_FACE('',(#7573),#153,.F.);
#8441=ADVANCED_FACE('',(#7574),#7994,.T.);
#8442=ADVANCED_FACE('',(#7575),#7995,.T.);
#8443=ADVANCED_FACE('',(#7576),#7996,.T.);
#8444=ADVANCED_FACE('',(#7577),#154,.T.);
#8445=ADVANCED_FACE('',(#7578),#155,.T.);
#8446=ADVANCED_FACE('',(#7579),#156,.T.);
#8447=ADVANCED_FACE('',(#7580),#157,.T.);
#8448=ADVANCED_FACE('',(#7581),#158,.T.);
#8449=ADVANCED_FACE('',(#7582),#7997,.T.);
#8450=ADVANCED_FACE('',(#7583),#7998,.T.);
#8451=ADVANCED_FACE('',(#7584),#7999,.T.);
#8452=ADVANCED_FACE('',(#7585),#8000,.T.);
#8453=ADVANCED_FACE('',(#7586),#8001,.T.);
#8454=ADVANCED_FACE('',(#7587),#8002,.T.);
#8455=ADVANCED_FACE('',(#7588),#8003,.T.);
#8456=ADVANCED_FACE('',(#7589),#8004,.T.);
#8457=ADVANCED_FACE('',(#7590),#8005,.T.);
#8458=ADVANCED_FACE('',(#7591),#8006,.T.);
#8459=ADVANCED_FACE('',(#7592),#8007,.T.);
#8460=ADVANCED_FACE('',(#7593),#8008,.T.);
#8461=ADVANCED_FACE('',(#7594),#8009,.T.);
#8462=ADVANCED_FACE('',(#7595),#8010,.T.);
#8463=ADVANCED_FACE('',(#7596),#8011,.T.);
#8464=ADVANCED_FACE('',(#7597),#8012,.T.);
#8465=ADVANCED_FACE('',(#7598),#159,.T.);
#8466=ADVANCED_FACE('',(#7599),#8013,.T.);
#8467=ADVANCED_FACE('',(#7600),#8014,.T.);
#8468=ADVANCED_FACE('',(#7601),#8015,.T.);
#8469=ADVANCED_FACE('',(#7602),#8016,.T.);
#8470=ADVANCED_FACE('',(#7603),#160,.F.);
#8471=ADVANCED_FACE('',(#7604),#161,.F.);
#8472=ADVANCED_FACE('',(#7605),#162,.F.);
#8473=ADVANCED_FACE('',(#7606),#163,.F.);
#8474=ADVANCED_FACE('',(#7607),#164,.F.);
#8475=ADVANCED_FACE('',(#7608),#165,.F.);
#8476=ADVANCED_FACE('',(#7609),#166,.F.);
#8477=ADVANCED_FACE('',(#7610),#167,.F.);
#8478=ADVANCED_FACE('',(#7611),#168,.F.);
#8479=ADVANCED_FACE('',(#7612),#169,.F.);
#8480=ADVANCED_FACE('',(#7613),#170,.F.);
#8481=ADVANCED_FACE('',(#7614),#171,.F.);
#8482=ADVANCED_FACE('',(#7615),#172,.F.);
#8483=ADVANCED_FACE('',(#7616),#173,.F.);
#8484=ADVANCED_FACE('',(#7617),#174,.F.);
#8485=ADVANCED_FACE('',(#7618),#175,.F.);
#8486=ADVANCED_FACE('',(#7619),#176,.F.);
#8487=ADVANCED_FACE('',(#7620),#177,.F.);
#8488=ADVANCED_FACE('',(#7621),#178,.F.);
#8489=ADVANCED_FACE('',(#7622),#179,.F.);
#8490=ADVANCED_FACE('',(#7623),#8017,.T.);
#8491=ADVANCED_FACE('',(#7624),#8018,.T.);
#8492=ADVANCED_FACE('',(#7625),#8019,.T.);
#8493=ADVANCED_FACE('',(#7626),#8020,.T.);
#8494=ADVANCED_FACE('',(#7627),#8021,.T.);
#8495=ADVANCED_FACE('',(#7628),#8022,.T.);
#8496=ADVANCED_FACE('',(#7629),#8023,.T.);
#8497=ADVANCED_FACE('',(#7630),#8024,.T.);
#8498=ADVANCED_FACE('',(#7631),#8025,.T.);
#8499=ADVANCED_FACE('',(#7632),#8026,.T.);
#8500=ADVANCED_FACE('',(#7633),#8027,.T.);
#8501=ADVANCED_FACE('',(#7634),#8028,.T.);
#8502=ADVANCED_FACE('',(#7635),#8029,.T.);
#8503=ADVANCED_FACE('',(#7636),#8030,.T.);
#8504=ADVANCED_FACE('',(#7637),#8031,.T.);
#8505=ADVANCED_FACE('',(#7638),#8032,.T.);
#8506=ADVANCED_FACE('',(#7639),#8033,.T.);
#8507=ADVANCED_FACE('',(#7640),#8034,.T.);
#8508=ADVANCED_FACE('',(#7641),#8035,.T.);
#8509=ADVANCED_FACE('',(#7642),#8036,.T.);
#8510=ADVANCED_FACE('',(#7643),#8037,.T.);
#8511=ADVANCED_FACE('',(#7644),#8038,.T.);
#8512=ADVANCED_FACE('',(#7645),#8039,.T.);
#8513=ADVANCED_FACE('',(#7646),#8040,.T.);
#8514=ADVANCED_FACE('',(#7647),#8041,.T.);
#8515=ADVANCED_FACE('',(#7648),#8042,.T.);
#8516=ADVANCED_FACE('',(#7649),#8043,.T.);
#8517=ADVANCED_FACE('',(#7650),#8044,.T.);
#8518=ADVANCED_FACE('',(#7651),#8045,.T.);
#8519=ADVANCED_FACE('',(#7652),#8046,.T.);
#8520=ADVANCED_FACE('',(#7653),#8047,.T.);
#8521=ADVANCED_FACE('',(#7654),#8048,.T.);
#8522=ADVANCED_FACE('',(#7655),#8049,.T.);
#8523=ADVANCED_FACE('',(#7656),#8050,.T.);
#8524=ADVANCED_FACE('',(#7657),#8051,.T.);
#8525=ADVANCED_FACE('',(#7658),#180,.T.);
#8526=ADVANCED_FACE('',(#7659),#8052,.T.);
#8527=ADVANCED_FACE('',(#7660),#8053,.T.);
#8528=ADVANCED_FACE('',(#7661),#8054,.T.);
#8529=ADVANCED_FACE('',(#7662),#8055,.T.);
#8530=ADVANCED_FACE('',(#7663),#8056,.T.);
#8531=ADVANCED_FACE('',(#7664),#8057,.T.);
#8532=ADVANCED_FACE('',(#7665),#8058,.T.);
#8533=ADVANCED_FACE('',(#7666),#8059,.T.);
#8534=ADVANCED_FACE('',(#7667),#8060,.T.);
#8535=ADVANCED_FACE('',(#7668),#8061,.T.);
#8536=ADVANCED_FACE('',(#7669),#8062,.T.);
#8537=ADVANCED_FACE('',(#7670),#8063,.T.);
#8538=ADVANCED_FACE('',(#7671),#181,.F.);
#8539=ADVANCED_FACE('',(#7672),#8064,.T.);
#8540=ADVANCED_FACE('',(#7673),#8065,.T.);
#8541=ADVANCED_FACE('',(#7674),#8066,.T.);
#8542=ADVANCED_FACE('',(#7675,#7676),#182,.F.);
#8543=ADVANCED_FACE('',(#7677),#8067,.T.);
#8544=ADVANCED_FACE('',(#7678),#8068,.T.);
#8545=ADVANCED_FACE('',(#7679),#183,.F.);
#8546=ADVANCED_FACE('',(#7680),#8069,.T.);
#8547=ADVANCED_FACE('',(#7681),#184,.F.);
#8548=ADVANCED_FACE('',(#7682),#8070,.T.);
#8549=ADVANCED_FACE('',(#7683),#8071,.T.);
#8550=ADVANCED_FACE('',(#7684),#8072,.T.);
#8551=ADVANCED_FACE('',(#7685),#8073,.T.);
#8552=ADVANCED_FACE('',(#7686),#185,.F.);
#8553=ADVANCED_FACE('',(#7687),#8074,.T.);
#8554=ADVANCED_FACE('',(#7688),#8075,.T.);
#8555=ADVANCED_FACE('',(#7689,#7690),#186,.F.);
#8556=ADVANCED_FACE('',(#7691,#7692),#187,.F.);
#8557=ADVANCED_FACE('',(#7693,#7694,#7695,#7696,#7697,#7698,#7699,#7700,
#7701,#7702,#7703,#7704,#7705,#7706,#7707,#7708,#7709,#7710,#7711,#7712,
#7713),#8076,.T.);
#8558=ADVANCED_FACE('',(#7714),#8077,.T.);
#8559=ADVANCED_FACE('',(#7715),#8078,.T.);
#8560=ADVANCED_FACE('',(#7716),#8079,.T.);
#8561=ADVANCED_FACE('',(#7717),#8080,.T.);
#8562=ADVANCED_FACE('',(#7718),#8081,.T.);
#8563=ADVANCED_FACE('',(#7719),#8082,.T.);
#8564=ADVANCED_FACE('',(#7720),#8083,.T.);
#8565=ADVANCED_FACE('',(#7721),#8084,.T.);
#8566=ADVANCED_FACE('',(#7722),#8085,.T.);
#8567=ADVANCED_FACE('',(#7723,#7724),#8086,.T.);
#8568=ADVANCED_FACE('',(#7725),#8087,.T.);
#8569=ADVANCED_FACE('',(#7726),#8088,.T.);
#8570=ADVANCED_FACE('',(#7727),#8089,.T.);
#8571=ADVANCED_FACE('',(#7728),#8090,.T.);
#8572=ADVANCED_FACE('',(#7729),#8091,.T.);
#8573=ADVANCED_FACE('',(#7730),#8092,.T.);
#8574=ADVANCED_FACE('',(#7731),#8093,.T.);
#8575=ADVANCED_FACE('',(#7732),#8094,.T.);
#8576=ADVANCED_FACE('',(#7733),#8095,.T.);
#8577=ADVANCED_FACE('',(#7734),#188,.T.);
#8578=ADVANCED_FACE('',(#7735),#189,.T.);
#8579=ADVANCED_FACE('',(#7736),#190,.T.);
#8580=ADVANCED_FACE('',(#7737),#191,.T.);
#8581=ADVANCED_FACE('',(#7738),#192,.T.);
#8582=ADVANCED_FACE('',(#7739),#193,.T.);
#8583=ADVANCED_FACE('',(#7740),#194,.T.);
#8584=ADVANCED_FACE('',(#7741),#195,.T.);
#8585=ADVANCED_FACE('',(#7742),#196,.T.);
#8586=ADVANCED_FACE('',(#7743),#197,.T.);
#8587=ADVANCED_FACE('',(#7744),#198,.T.);
#8588=ADVANCED_FACE('',(#7745),#199,.T.);
#8589=ADVANCED_FACE('',(#7746),#200,.T.);
#8590=ADVANCED_FACE('',(#7747),#201,.T.);
#8591=ADVANCED_FACE('',(#7748),#202,.T.);
#8592=ADVANCED_FACE('',(#7749),#203,.T.);
#8593=ADVANCED_FACE('',(#7750),#204,.T.);
#8594=ADVANCED_FACE('',(#7751),#205,.T.);
#8595=ADVANCED_FACE('',(#7752),#206,.T.);
#8596=ADVANCED_FACE('',(#7753),#207,.T.);
#8597=ADVANCED_FACE('',(#7754),#208,.T.);
#8598=ADVANCED_FACE('',(#7755),#8096,.T.);
#8599=ADVANCED_FACE('',(#7756),#8097,.T.);
#8600=ADVANCED_FACE('',(#7757),#8098,.T.);
#8601=ADVANCED_FACE('',(#7758),#8099,.T.);
#8602=ADVANCED_FACE('',(#7759),#8100,.T.);
#8603=ADVANCED_FACE('',(#7760),#8101,.T.);
#8604=ADVANCED_FACE('',(#7761),#8102,.T.);
#8605=ADVANCED_FACE('',(#7762,#7763),#8103,.T.);
#8606=ADVANCED_FACE('',(#7764,#7765),#8104,.T.);
#8607=ADVANCED_FACE('',(#7766),#8105,.T.);
#8608=ADVANCED_FACE('',(#7767,#7768),#8106,.T.);
#8609=ADVANCED_FACE('',(#7769),#8107,.T.);
#8610=ADVANCED_FACE('',(#7770),#8108,.T.);
#8611=ADVANCED_FACE('',(#7771),#8109,.T.);
#8612=ADVANCED_FACE('',(#7772),#8110,.T.);
#8613=ADVANCED_FACE('',(#7773),#8111,.T.);
#8614=ADVANCED_FACE('',(#7774,#7775),#8112,.T.);
#8615=ADVANCED_FACE('',(#7776),#8113,.T.);
#8616=ADVANCED_FACE('',(#7777),#8114,.T.);
#8617=ADVANCED_FACE('',(#7778),#8115,.F.);
#8618=ADVANCED_FACE('',(#7779),#8116,.T.);
#8619=ADVANCED_FACE('',(#7780),#8117,.T.);
#8620=ADVANCED_FACE('',(#7781),#8118,.T.);
#8621=ADVANCED_FACE('',(#7782),#8119,.T.);
#8622=ADVANCED_FACE('',(#7783),#8120,.T.);
#8623=ADVANCED_FACE('',(#7784),#8121,.T.);
#8624=ADVANCED_FACE('',(#7785),#8122,.T.);
#8625=ADVANCED_FACE('',(#7786),#8123,.T.);
#8626=ADVANCED_FACE('',(#7787),#8124,.T.);
#8627=ADVANCED_FACE('',(#7788),#8125,.T.);
#8628=ADVANCED_FACE('',(#7789),#8126,.T.);
#8629=ADVANCED_FACE('',(#7790),#8127,.T.);
#8630=ADVANCED_FACE('',(#7791),#8128,.T.);
#8631=ADVANCED_FACE('',(#7792),#8129,.T.);
#8632=ADVANCED_FACE('',(#7793,#7794,#7795,#7796),#8130,.T.);
#8633=ADVANCED_FACE('',(#7797),#8131,.T.);
#8634=ADVANCED_FACE('',(#7798,#7799,#7800,#7801),#8132,.T.);
#8635=ADVANCED_FACE('',(#7802),#8133,.T.);
#8636=ADVANCED_FACE('',(#7803,#7804),#279,.F.);
#8637=ADVANCED_FACE('',(#7805,#7806),#209,.F.);
#8638=ADVANCED_FACE('',(#7807,#7808),#280,.F.);
#8639=ADVANCED_FACE('',(#7809,#7810),#210,.F.);
#8640=ADVANCED_FACE('',(#7811,#7812),#211,.F.);
#8641=ADVANCED_FACE('',(#7813),#8134,.T.);
#8642=ADVANCED_FACE('',(#7814),#8135,.T.);
#8643=ADVANCED_FACE('',(#7815),#8136,.T.);
#8644=ADVANCED_FACE('',(#7816),#8137,.F.);
#8645=ADVANCED_FACE('',(#7817),#8138,.T.);
#8646=ADVANCED_FACE('',(#7818),#8139,.T.);
#8647=ADVANCED_FACE('',(#7819),#8140,.T.);
#8648=ADVANCED_FACE('',(#7820),#8141,.T.);
#8649=ADVANCED_FACE('',(#7821),#8142,.F.);
#8650=ADVANCED_FACE('',(#7822),#8143,.T.);
#8651=ADVANCED_FACE('',(#7823,#7824),#212,.T.);
#8652=ADVANCED_FACE('',(#7825,#7826),#8144,.T.);
#8653=ADVANCED_FACE('',(#7827,#7828),#213,.F.);
#8654=ADVANCED_FACE('',(#7829,#7830),#214,.T.);
#8655=ADVANCED_FACE('',(#7831,#7832),#8145,.T.);
#8656=ADVANCED_FACE('',(#7833,#7834),#215,.F.);
#8657=ADVANCED_FACE('',(#7835),#8146,.T.);
#8658=ADVANCED_FACE('',(#7836),#8147,.T.);
#8659=ADVANCED_FACE('',(#7837),#8148,.T.);
#8660=ADVANCED_FACE('',(#7838),#8149,.T.);
#8661=ADVANCED_FACE('',(#7839),#8150,.T.);
#8662=ADVANCED_FACE('',(#7840),#8151,.F.);
#8663=ADVANCED_FACE('',(#7841),#8152,.T.);
#8664=ADVANCED_FACE('',(#7842),#8153,.T.);
#8665=ADVANCED_FACE('',(#7843),#8154,.F.);
#8666=ADVANCED_FACE('',(#7844),#8155,.T.);
#8667=ADVANCED_FACE('',(#7845),#18,.T.);
#8668=ADVANCED_FACE('',(#7846),#19,.T.);
#8669=ADVANCED_FACE('',(#7847),#8156,.T.);
#8670=ADVANCED_FACE('',(#7848),#8157,.F.);
#8671=ADVANCED_FACE('',(#7849),#8158,.F.);
#8672=ADVANCED_FACE('',(#7850),#8159,.F.);
#8673=ADVANCED_FACE('',(#7851),#8160,.F.);
#8674=ADVANCED_FACE('',(#7852),#20,.T.);
#8675=ADVANCED_FACE('',(#7853),#21,.T.);
#8676=ADVANCED_FACE('',(#7854),#8161,.T.);
#8677=ADVANCED_FACE('',(#7855),#8162,.T.);
#8678=ADVANCED_FACE('',(#7856),#8163,.T.);
#8679=ADVANCED_FACE('',(#7857),#8164,.T.);
#8680=ADVANCED_FACE('',(#7858),#8165,.F.);
#8681=ADVANCED_FACE('',(#7859),#8166,.F.);
#8682=ADVANCED_FACE('',(#7860),#8167,.F.);
#8683=ADVANCED_FACE('',(#7861),#8168,.T.);
#8684=ADVANCED_FACE('',(#7862),#8169,.T.);
#8685=ADVANCED_FACE('',(#7863),#8170,.T.);
#8686=ADVANCED_FACE('',(#7864),#8171,.T.);
#8687=ADVANCED_FACE('',(#7865),#22,.T.);
#8688=ADVANCED_FACE('',(#7866),#23,.T.);
#8689=ADVANCED_FACE('',(#7867),#8172,.T.);
#8690=ADVANCED_FACE('',(#7868),#8173,.F.);
#8691=ADVANCED_FACE('',(#7869),#8174,.T.);
#8692=ADVANCED_FACE('',(#7870),#8175,.F.);
#8693=ADVANCED_FACE('',(#7871),#8176,.T.);
#8694=ADVANCED_FACE('',(#7872),#24,.T.);
#8695=ADVANCED_FACE('',(#7873),#25,.T.);
#8696=ADVANCED_FACE('',(#7874),#8177,.F.);
#8697=CLOSED_SHELL('',(#8178,#8179,#8180,#8181,#8182,#8183,#8184,#8185,
#8186,#8187,#8188,#8189,#8190,#8191,#8192,#8193,#8194,#8195,#8196,#8197,
#8198,#8199,#8200,#8201,#8202,#8203,#8204,#8205,#8206,#8207,#8208,#8209,
#8210,#8211,#8212,#8213,#8214,#8215,#8216,#8217,#8218,#8219,#8220,#8221,
#8222,#8223,#8224,#8225,#8226,#8227,#8228,#8229,#8230,#8231,#8232,#8233,
#8234,#8235,#8236,#8237,#8238,#8239,#8240,#8241,#8242,#8243,#8244,#8245,
#8246,#8247,#8248,#8249,#8250,#8251,#8252,#8253,#8254,#8255,#8256,#8257,
#8258,#8259,#8260,#8261,#8262,#8263,#8264,#8265,#8266,#8267,#8268,#8269,
#8270,#8271,#8272,#8273,#8274,#8275,#8276,#8277,#8278,#8279,#8280,#8281,
#8282,#8283,#8284,#8285,#8286,#8287,#8288,#8289,#8290,#8291,#8292,#8293,
#8294,#8295,#8296,#8297,#8298,#8299,#8300,#8301,#8302,#8303,#8304,#8305,
#8306,#8307,#8308,#8309,#8310,#8311,#8312,#8313,#8314,#8315,#8316,#8317,
#8318,#8319,#8320,#8321));
#8698=CLOSED_SHELL('',(#8322,#8323,#8324));
#8699=CLOSED_SHELL('',(#8325,#8326,#8327));
#8700=CLOSED_SHELL('',(#8328,#8329,#8330,#8331,#8332,#8333,#8334,#8335,
#8336,#8337,#8338,#8339,#8340,#8341,#8342,#8343,#8344,#8345,#8346,#8347,
#8348,#8349,#8350,#8351,#8352,#8353,#8354,#8355,#8356,#8357,#8358,#8359,
#8360,#8361,#8362,#8363,#8364,#8365,#8366,#8367,#8368,#8369,#8370,#8371,
#8372,#8373,#8374,#8375,#8376,#8377,#8378,#8379,#8380,#8381,#8382,#8383,
#8384,#8385,#8386,#8387,#8388,#8389,#8390,#8391,#8392,#8393,#8394,#8395,
#8396,#8397,#8398,#8399,#8400,#8401,#8402,#8403,#8404));
#8701=CLOSED_SHELL('',(#8405,#8406,#8407,#8408,#8409,#8410,#8411,#8412,
#8413,#8414,#8415,#8416,#8417,#8418,#8419,#8420,#8421,#8422,#8423,#8424,
#8425,#8426,#8427,#8428,#8429,#8430,#8431,#8432,#8433,#8434,#8435,#8436,
#8437,#8438,#8439,#8440,#8441,#8442,#8443,#8444,#8445,#8446,#8447,#8448,
#8449,#8450,#8451,#8452,#8453,#8454,#8455,#8456,#8457,#8458,#8459,#8460,
#8461,#8462,#8463,#8464,#8465,#8466,#8467,#8468,#8469,#8470,#8471,#8472,
#8473,#8474,#8475,#8476,#8477,#8478,#8479,#8480,#8481,#8482,#8483,#8484,
#8485,#8486,#8487,#8488,#8489,#8490,#8491,#8492,#8493,#8494,#8495,#8496,
#8497,#8498,#8499,#8500,#8501,#8502,#8503,#8504,#8505,#8506,#8507,#8508,
#8509,#8510,#8511,#8512,#8513,#8514,#8515,#8516,#8517,#8518,#8519,#8520,
#8521,#8522,#8523,#8524,#8525,#8526,#8527,#8528,#8529,#8530,#8531,#8532,
#8533,#8534,#8535,#8536,#8537,#8538,#8539,#8540,#8541,#8542,#8543,#8544,
#8545,#8546,#8547,#8548,#8549,#8550,#8551,#8552,#8553,#8554,#8555,#8556,
#8557,#8558,#8559,#8560,#8561,#8562,#8563,#8564,#8565,#8566,#8567,#8568,
#8569,#8570,#8571,#8572,#8573,#8574,#8575,#8576,#8577,#8578,#8579,#8580,
#8581,#8582,#8583,#8584,#8585,#8586,#8587,#8588,#8589,#8590,#8591,#8592,
#8593,#8594,#8595,#8596,#8597,#8598,#8599,#8600,#8601,#8602,#8603,#8604));
#8702=CLOSED_SHELL('',(#8605,#8606,#8607,#8608,#8609,#8610,#8611,#8612,
#8613,#8614,#8615,#8616,#8617,#8618,#8619,#8620,#8621,#8622,#8623,#8624,
#8625,#8626,#8627,#8628,#8629,#8630,#8631,#8632,#8633,#8634,#8635,#8636,
#8637,#8638,#8639,#8640,#8641,#8642,#8643,#8644,#8645,#8646,#8647,#8648,
#8649,#8650,#8651,#8652,#8653,#8654,#8655,#8656,#8657,#8658,#8659,#8660,
#8661,#8662,#8663,#8664,#8665,#8666,#8667,#8668,#8669,#8670,#8671,#8672,
#8673,#8674,#8675,#8676,#8677,#8678,#8679,#8680,#8681,#8682,#8683,#8684,
#8685,#8686,#8687,#8688,#8689,#8690,#8691,#8692,#8693,#8694,#8695,#8696));
#8703=STYLED_ITEM('',(#8707),#8733);
#8704=STYLED_ITEM('',(#8708),#26);
#8705=STYLED_ITEM('',(#8709),#27);
#8706=STYLED_ITEM('',(#8710),#28);
#8707=PRESENTATION_STYLE_ASSIGNMENT((#8711));
#8708=PRESENTATION_STYLE_ASSIGNMENT((#8712));
#8709=PRESENTATION_STYLE_ASSIGNMENT((#8713));
#8710=PRESENTATION_STYLE_ASSIGNMENT((#8714));
#8711=SURFACE_STYLE_USAGE(.BOTH.,#8715);
#8712=SURFACE_STYLE_USAGE(.BOTH.,#8716);
#8713=SURFACE_STYLE_USAGE(.BOTH.,#8717);
#8714=SURFACE_STYLE_USAGE(.BOTH.,#8718);
#8715=SURFACE_SIDE_STYLE('',(#8719));
#8716=SURFACE_SIDE_STYLE('',(#8720));
#8717=SURFACE_SIDE_STYLE('',(#8721));
#8718=SURFACE_SIDE_STYLE('',(#8722));
#8719=SURFACE_STYLE_FILL_AREA(#8723);
#8720=SURFACE_STYLE_FILL_AREA(#8724);
#8721=SURFACE_STYLE_FILL_AREA(#8725);
#8722=SURFACE_STYLE_FILL_AREA(#8726);
#8723=FILL_AREA_STYLE('',(#8727));
#8724=FILL_AREA_STYLE('',(#8728));
#8725=FILL_AREA_STYLE('',(#8729));
#8726=FILL_AREA_STYLE('',(#8730));
#8727=FILL_AREA_STYLE_COLOUR('',#8731);
#8728=FILL_AREA_STYLE_COLOUR('',#8731);
#8729=FILL_AREA_STYLE_COLOUR('',#8731);
#8730=FILL_AREA_STYLE_COLOUR('',#8732);
#8731=COLOUR_RGB('',0.689999997615814,0.689999997615814,0.689999997615814);
#8732=COLOUR_RGB('',0.501960813999176,0.501960813999176,0.501960813999176);
#8733=BREP_WITH_VOIDS('GEP2010IL-00-B1_ZYL',#8697,(#57,#58));
#8734=SHAPE_DEFINITION_REPRESENTATION(#14876,#8739);
#8735=SHAPE_DEFINITION_REPRESENTATION(#14877,#8740);
#8736=SHAPE_DEFINITION_REPRESENTATION(#14879,#8741);
#8737=SHAPE_DEFINITION_REPRESENTATION(#14881,#8742);
#8738=SHAPE_DEFINITION_REPRESENTATION(#14883,#8743);
#8739=SHAPE_REPRESENTATION('GEP2010IL-00-B(01CSTE008461)',(#8744,#9025,
#9176,#9507,#9608,#9609),#14863);
#8740=SHAPE_REPRESENTATION('GEP2010IL-00-B1_ZYL',(#8744),#14864);
#8741=SHAPE_REPRESENTATION('CSTE00846_Stecker-',(#8744),#14865);
#8742=SHAPE_REPRESENTATION('CTYP00096_Etikett',(#8744),#14866);
#8743=SHAPE_REPRESENTATION('GEP2010IL-00-B_bac 1',(#8744),#14867);
#8744=AXIS2_PLACEMENT_3D('',#12110,#9610,#9611);
#8745=AXIS2_PLACEMENT_3D('',#12111,#9612,#9613);
#8746=AXIS2_PLACEMENT_3D('',#12112,#9614,#9615);
#8747=AXIS2_PLACEMENT_3D('',#12127,#9617,#9618);
#8748=AXIS2_PLACEMENT_3D('',#12149,#9624,#9625);
#8749=AXIS2_PLACEMENT_3D('',#12205,#9653,#9654);
#8750=AXIS2_PLACEMENT_3D('',#12208,#9656,#9657);
#8751=AXIS2_PLACEMENT_3D('',#12213,#9659,#9660);
#8752=AXIS2_PLACEMENT_3D('',#12217,#9662,#9663);
#8753=AXIS2_PLACEMENT_3D('',#12221,#9665,#9666);
#8754=AXIS2_PLACEMENT_3D('',#12224,#9668,#9669);
#8755=AXIS2_PLACEMENT_3D('',#12225,#9670,#9671);
#8756=AXIS2_PLACEMENT_3D('',#12236,#9672,#9673);
#8757=AXIS2_PLACEMENT_3D('',#12237,#9674,#9675);
#8758=AXIS2_PLACEMENT_3D('',#12248,#9676,#9677);
#8759=AXIS2_PLACEMENT_3D('',#12249,#9678,#9679);
#8760=AXIS2_PLACEMENT_3D('',#12251,#9680,#9681);
#8761=AXIS2_PLACEMENT_3D('',#12254,#9682,#9683);
#8762=AXIS2_PLACEMENT_3D('',#12256,#9684,#9685);
#8763=AXIS2_PLACEMENT_3D('',#12258,#9686,#9687);
#8764=AXIS2_PLACEMENT_3D('',#12259,#9688,#9689);
#8765=AXIS2_PLACEMENT_3D('',#12260,#9690,#9691);
#8766=AXIS2_PLACEMENT_3D('',#12261,#9692,#9693);
#8767=AXIS2_PLACEMENT_3D('',#12262,#9694,#9695);
#8768=AXIS2_PLACEMENT_3D('',#12263,#9696,#9697);
#8769=AXIS2_PLACEMENT_3D('',#12264,#9698,#9699);
#8770=AXIS2_PLACEMENT_3D('',#12265,#9700,#9701);
#8771=AXIS2_PLACEMENT_3D('',#12266,#9702,#9703);
#8772=AXIS2_PLACEMENT_3D('',#12268,#9704,#9705);
#8773=AXIS2_PLACEMENT_3D('',#12270,#9706,#9707);
#8774=AXIS2_PLACEMENT_3D('',#12271,#9708,#9709);
#8775=AXIS2_PLACEMENT_3D('',#12273,#9710,#9711);
#8776=AXIS2_PLACEMENT_3D('',#12275,#9712,#9713);
#8777=AXIS2_PLACEMENT_3D('',#12276,#9714,#9715);
#8778=AXIS2_PLACEMENT_3D('',#12278,#9716,#9717);
#8779=AXIS2_PLACEMENT_3D('',#12281,#9718,#9719);
#8780=AXIS2_PLACEMENT_3D('',#12283,#9720,#9721);
#8781=AXIS2_PLACEMENT_3D('',#12293,#9722,#9723);
#8782=AXIS2_PLACEMENT_3D('',#12294,#9724,#9725);
#8783=AXIS2_PLACEMENT_3D('',#12296,#9726,#9727);
#8784=AXIS2_PLACEMENT_3D('',#12307,#9728,#9729);
#8785=AXIS2_PLACEMENT_3D('',#12308,#9730,#9731);
#8786=AXIS2_PLACEMENT_3D('',#12309,#9732,#9733);
#8787=AXIS2_PLACEMENT_3D('',#12310,#9734,#9735);
#8788=AXIS2_PLACEMENT_3D('',#12312,#9736,#9737);
#8789=AXIS2_PLACEMENT_3D('',#12315,#9738,#9739);
#8790=AXIS2_PLACEMENT_3D('',#12317,#9740,#9741);
#8791=AXIS2_PLACEMENT_3D('',#12327,#9742,#9743);
#8792=AXIS2_PLACEMENT_3D('',#12328,#9744,#9745);
#8793=AXIS2_PLACEMENT_3D('',#12330,#9746,#9747);
#8794=AXIS2_PLACEMENT_3D('',#12341,#9748,#9749);
#8795=AXIS2_PLACEMENT_3D('',#12342,#9750,#9751);
#8796=AXIS2_PLACEMENT_3D('',#12343,#9752,#9753);
#8797=AXIS2_PLACEMENT_3D('',#12393,#9778,#9779);
#8798=AXIS2_PLACEMENT_3D('',#12405,#9785,#9786);
#8799=AXIS2_PLACEMENT_3D('',#12412,#9790,#9791);
#8800=AXIS2_PLACEMENT_3D('',#12420,#9795,#9796);
#8801=AXIS2_PLACEMENT_3D('',#12424,#9798,#9799);
#8802=AXIS2_PLACEMENT_3D('',#12425,#9800,#9801);
#8803=AXIS2_PLACEMENT_3D('',#12433,#9805,#9806);
#8804=AXIS2_PLACEMENT_3D('',#12437,#9808,#9809);
#8805=AXIS2_PLACEMENT_3D('',#12438,#9810,#9811);
#8806=AXIS2_PLACEMENT_3D('',#12441,#9814,#9815);
#8807=AXIS2_PLACEMENT_3D('',#12444,#9818,#9819);
#8808=AXIS2_PLACEMENT_3D('',#12447,#9822,#9823);
#8809=AXIS2_PLACEMENT_3D('',#12450,#9826,#9827);
#8810=AXIS2_PLACEMENT_3D('',#12451,#9828,#9829);
#8811=AXIS2_PLACEMENT_3D('',#12460,#9831,#9832);
#8812=AXIS2_PLACEMENT_3D('',#12464,#9834,#9835);
#8813=AXIS2_PLACEMENT_3D('',#12465,#9836,#9837);
#8814=AXIS2_PLACEMENT_3D('',#12466,#9838,#9839);
#8815=AXIS2_PLACEMENT_3D('',#12468,#9840,#9841);
#8816=AXIS2_PLACEMENT_3D('',#12472,#9843,#9844);
#8817=AXIS2_PLACEMENT_3D('',#12480,#9846,#9847);
#8818=AXIS2_PLACEMENT_3D('',#12481,#9848,#9849);
#8819=AXIS2_PLACEMENT_3D('',#12483,#9850,#9851);
#8820=AXIS2_PLACEMENT_3D('',#12487,#9853,#9854);
#8821=AXIS2_PLACEMENT_3D('',#12495,#9856,#9857);
#8822=AXIS2_PLACEMENT_3D('',#12496,#9858,#9859);
#8823=AXIS2_PLACEMENT_3D('',#12505,#9861,#9862);
#8824=AXIS2_PLACEMENT_3D('',#12509,#9864,#9865);
#8825=AXIS2_PLACEMENT_3D('',#12510,#9866,#9867);
#8826=AXIS2_PLACEMENT_3D('',#12511,#9868,#9869);
#8827=AXIS2_PLACEMENT_3D('',#12513,#9870,#9871);
#8828=AXIS2_PLACEMENT_3D('',#12517,#9874,#9875);
#8829=AXIS2_PLACEMENT_3D('',#12520,#9878,#9879);
#8830=AXIS2_PLACEMENT_3D('',#12521,#9880,#9881);
#8831=AXIS2_PLACEMENT_3D('',#12531,#9883,#9884);
#8832=AXIS2_PLACEMENT_3D('',#12532,#9885,#9886);
#8833=AXIS2_PLACEMENT_3D('',#12535,#9888,#9889);
#8834=AXIS2_PLACEMENT_3D('',#12536,#9890,#9891);
#8835=AXIS2_PLACEMENT_3D('',#12545,#9893,#9894);
#8836=AXIS2_PLACEMENT_3D('',#12549,#9896,#9897);
#8837=AXIS2_PLACEMENT_3D('',#12550,#9898,#9899);
#8838=AXIS2_PLACEMENT_3D('',#12551,#9900,#9901);
#8839=AXIS2_PLACEMENT_3D('',#12553,#9902,#9903);
#8840=AXIS2_PLACEMENT_3D('',#12560,#9907,#9908);
#8841=AXIS2_PLACEMENT_3D('',#12566,#9912,#9913);
#8842=AXIS2_PLACEMENT_3D('',#12567,#9914,#9915);
#8843=AXIS2_PLACEMENT_3D('',#12569,#9916,#9917);
#8844=AXIS2_PLACEMENT_3D('',#12570,#9918,#9919);
#8845=AXIS2_PLACEMENT_3D('',#12578,#9921,#9922);
#8846=AXIS2_PLACEMENT_3D('',#12579,#9923,#9924);
#8847=AXIS2_PLACEMENT_3D('',#12581,#9925,#9926);
#8848=AXIS2_PLACEMENT_3D('',#12582,#9927,#9928);
#8849=AXIS2_PLACEMENT_3D('',#12590,#9930,#9931);
#8850=AXIS2_PLACEMENT_3D('',#12591,#9932,#9933);
#8851=AXIS2_PLACEMENT_3D('',#12593,#9934,#9935);
#8852=AXIS2_PLACEMENT_3D('',#12595,#9936,#9937);
#8853=AXIS2_PLACEMENT_3D('',#12600,#9939,#9940);
#8854=AXIS2_PLACEMENT_3D('',#12604,#9942,#9943);
#8855=AXIS2_PLACEMENT_3D('',#12608,#9945,#9946);
#8856=AXIS2_PLACEMENT_3D('',#12611,#9948,#9949);
#8857=AXIS2_PLACEMENT_3D('',#12614,#9952,#9953);
#8858=AXIS2_PLACEMENT_3D('',#12615,#9954,#9955);
#8859=AXIS2_PLACEMENT_3D('',#12616,#9956,#9957);
#8860=AXIS2_PLACEMENT_3D('',#12618,#9959,#9960);
#8861=AXIS2_PLACEMENT_3D('',#12620,#9962,#9963);
#8862=AXIS2_PLACEMENT_3D('',#12621,#9964,#9965);
#8863=AXIS2_PLACEMENT_3D('',#12622,#9966,#9967);
#8864=AXIS2_PLACEMENT_3D('',#12623,#9968,#9969);
#8865=AXIS2_PLACEMENT_3D('',#12624,#9970,#9971);
#8866=AXIS2_PLACEMENT_3D('',#12625,#9972,#9973);
#8867=AXIS2_PLACEMENT_3D('',#12626,#9974,#9975);
#8868=AXIS2_PLACEMENT_3D('',#12627,#9976,#9977);
#8869=AXIS2_PLACEMENT_3D('',#12628,#9978,#9979);
#8870=AXIS2_PLACEMENT_3D('',#12629,#9980,#9981);
#8871=AXIS2_PLACEMENT_3D('',#12630,#9982,#9983);
#8872=AXIS2_PLACEMENT_3D('',#12631,#9984,#9985);
#8873=AXIS2_PLACEMENT_3D('',#12632,#9986,#9987);
#8874=AXIS2_PLACEMENT_3D('',#12633,#9988,#9989);
#8875=AXIS2_PLACEMENT_3D('',#12634,#9990,#9991);
#8876=AXIS2_PLACEMENT_3D('',#12635,#9992,#9993);
#8877=AXIS2_PLACEMENT_3D('',#12636,#9994,#9995);
#8878=AXIS2_PLACEMENT_3D('',#12637,#9996,#9997);
#8879=AXIS2_PLACEMENT_3D('',#12639,#9999,#10000);
#8880=AXIS2_PLACEMENT_3D('',#12641,#10002,#10003);
#8881=AXIS2_PLACEMENT_3D('',#12643,#10005,#10006);
#8882=AXIS2_PLACEMENT_3D('',#12646,#10009,#10010);
#8883=AXIS2_PLACEMENT_3D('',#12648,#10012,#10013);
#8884=AXIS2_PLACEMENT_3D('',#12649,#10014,#10015);
#8885=AXIS2_PLACEMENT_3D('',#12651,#10017,#10018);
#8886=AXIS2_PLACEMENT_3D('',#12653,#10020,#10021);
#8887=AXIS2_PLACEMENT_3D('',#12654,#10022,#10023);
#8888=AXIS2_PLACEMENT_3D('',#12657,#10026,#10027);
#8889=AXIS2_PLACEMENT_3D('',#12660,#10030,#10031);
#8890=AXIS2_PLACEMENT_3D('',#12662,#10033,#10034);
#8891=AXIS2_PLACEMENT_3D('',#12664,#10036,#10037);
#8892=AXIS2_PLACEMENT_3D('',#12667,#10040,#10041);
#8893=AXIS2_PLACEMENT_3D('',#12668,#10042,#10043);
#8894=AXIS2_PLACEMENT_3D('',#12669,#10044,#10045);
#8895=AXIS2_PLACEMENT_3D('',#12670,#10046,#10047);
#8896=AXIS2_PLACEMENT_3D('',#12671,#10048,#10049);
#8897=AXIS2_PLACEMENT_3D('',#12673,#10051,#10052);
#8898=AXIS2_PLACEMENT_3D('',#12675,#10054,#10055);
#8899=AXIS2_PLACEMENT_3D('',#12677,#10057,#10058);
#8900=AXIS2_PLACEMENT_3D('',#12679,#10060,#10061);
#8901=AXIS2_PLACEMENT_3D('',#12681,#10063,#10064);
#8902=AXIS2_PLACEMENT_3D('',#12683,#10066,#10067);
#8903=AXIS2_PLACEMENT_3D('',#12685,#10069,#10070);
#8904=AXIS2_PLACEMENT_3D('',#12687,#10072,#10073);
#8905=AXIS2_PLACEMENT_3D('',#12689,#10075,#10076);
#8906=AXIS2_PLACEMENT_3D('',#12691,#10078,#10079);
#8907=AXIS2_PLACEMENT_3D('',#12693,#10081,#10082);
#8908=AXIS2_PLACEMENT_3D('',#12695,#10084,#10085);
#8909=AXIS2_PLACEMENT_3D('',#12697,#10087,#10088);
#8910=AXIS2_PLACEMENT_3D('',#12699,#10090,#10091);
#8911=AXIS2_PLACEMENT_3D('',#12701,#10093,#10094);
#8912=AXIS2_PLACEMENT_3D('',#12703,#10096,#10097);
#8913=AXIS2_PLACEMENT_3D('',#12705,#10099,#10100);
#8914=AXIS2_PLACEMENT_3D('',#12707,#10102,#10103);
#8915=AXIS2_PLACEMENT_3D('',#12709,#10105,#10106);
#8916=AXIS2_PLACEMENT_3D('',#12711,#10108,#10109);
#8917=AXIS2_PLACEMENT_3D('',#12712,#10110,#10111);
#8918=AXIS2_PLACEMENT_3D('',#12713,#10112,#10113);
#8919=AXIS2_PLACEMENT_3D('',#12715,#10114,#10115);
#8920=AXIS2_PLACEMENT_3D('',#12716,#10116,#10117);
#8921=AXIS2_PLACEMENT_3D('',#12718,#10118,#10119);
#8922=AXIS2_PLACEMENT_3D('',#12719,#10120,#10121);
#8923=AXIS2_PLACEMENT_3D('',#12720,#10122,#10123);
#8924=AXIS2_PLACEMENT_3D('',#12722,#10124,#10125);
#8925=AXIS2_PLACEMENT_3D('',#12723,#10126,#10127);
#8926=AXIS2_PLACEMENT_3D('',#12725,#10128,#10129);
#8927=AXIS2_PLACEMENT_3D('',#12726,#10130,#10131);
#8928=AXIS2_PLACEMENT_3D('',#12727,#10132,#10133);
#8929=AXIS2_PLACEMENT_3D('',#12729,#10134,#10135);
#8930=AXIS2_PLACEMENT_3D('',#12730,#10136,#10137);
#8931=AXIS2_PLACEMENT_3D('',#12732,#10138,#10139);
#8932=AXIS2_PLACEMENT_3D('',#12733,#10140,#10141);
#8933=AXIS2_PLACEMENT_3D('',#12734,#10142,#10143);
#8934=AXIS2_PLACEMENT_3D('',#12736,#10144,#10145);
#8935=AXIS2_PLACEMENT_3D('',#12737,#10146,#10147);
#8936=AXIS2_PLACEMENT_3D('',#12739,#10148,#10149);
#8937=AXIS2_PLACEMENT_3D('',#12740,#10150,#10151);
#8938=AXIS2_PLACEMENT_3D('',#12742,#10152,#10153);
#8939=AXIS2_PLACEMENT_3D('',#12743,#10154,#10155);
#8940=AXIS2_PLACEMENT_3D('',#12744,#10156,#10157);
#8941=AXIS2_PLACEMENT_3D('',#12745,#10158,#10159);
#8942=AXIS2_PLACEMENT_3D('',#12746,#10160,#10161);
#8943=AXIS2_PLACEMENT_3D('',#12747,#10162,#10163);
#8944=AXIS2_PLACEMENT_3D('',#12749,#10164,#10165);
#8945=AXIS2_PLACEMENT_3D('',#12750,#10166,#10167);
#8946=AXIS2_PLACEMENT_3D('',#12752,#10168,#10169);
#8947=AXIS2_PLACEMENT_3D('',#12753,#10170,#10171);
#8948=AXIS2_PLACEMENT_3D('',#12754,#10172,#10173);
#8949=AXIS2_PLACEMENT_3D('',#12755,#10174,#10175);
#8950=AXIS2_PLACEMENT_3D('',#12756,#10176,#10177);
#8951=AXIS2_PLACEMENT_3D('',#12757,#10178,#10179);
#8952=AXIS2_PLACEMENT_3D('',#12759,#10180,#10181);
#8953=AXIS2_PLACEMENT_3D('',#12760,#10182,#10183);
#8954=AXIS2_PLACEMENT_3D('',#12761,#10184,#10185);
#8955=AXIS2_PLACEMENT_3D('',#12763,#10186,#10187);
#8956=AXIS2_PLACEMENT_3D('',#12764,#10188,#10189);
#8957=AXIS2_PLACEMENT_3D('',#12766,#10190,#10191);
#8958=AXIS2_PLACEMENT_3D('',#12767,#10192,#10193);
#8959=AXIS2_PLACEMENT_3D('',#12769,#10194,#10195);
#8960=AXIS2_PLACEMENT_3D('',#12770,#10196,#10197);
#8961=AXIS2_PLACEMENT_3D('',#12772,#10198,#10199);
#8962=AXIS2_PLACEMENT_3D('',#12773,#10200,#10201);
#8963=AXIS2_PLACEMENT_3D('',#12775,#10202,#10203);
#8964=AXIS2_PLACEMENT_3D('',#12776,#10204,#10205);
#8965=AXIS2_PLACEMENT_3D('',#12777,#10206,#10207);
#8966=AXIS2_PLACEMENT_3D('',#12779,#10208,#10209);
#8967=AXIS2_PLACEMENT_3D('',#12780,#10210,#10211);
#8968=AXIS2_PLACEMENT_3D('',#12782,#10212,#10213);
#8969=AXIS2_PLACEMENT_3D('',#12783,#10214,#10215);
#8970=AXIS2_PLACEMENT_3D('',#12785,#10216,#10217);
#8971=AXIS2_PLACEMENT_3D('',#12786,#10218,#10219);
#8972=AXIS2_PLACEMENT_3D('',#12788,#10220,#10221);
#8973=AXIS2_PLACEMENT_3D('',#12789,#10222,#10223);
#8974=AXIS2_PLACEMENT_3D('',#12791,#10224,#10225);
#8975=AXIS2_PLACEMENT_3D('',#12792,#10226,#10227);
#8976=AXIS2_PLACEMENT_3D('',#12793,#10228,#10229);
#8977=AXIS2_PLACEMENT_3D('',#12795,#10230,#10231);
#8978=AXIS2_PLACEMENT_3D('',#12797,#10232,#10233);
#8979=AXIS2_PLACEMENT_3D('',#12798,#10234,#10235);
#8980=AXIS2_PLACEMENT_3D('',#12800,#10236,#10237);
#8981=AXIS2_PLACEMENT_3D('',#12801,#10238,#10239);
#8982=AXIS2_PLACEMENT_3D('',#12802,#10240,#10241);
#8983=AXIS2_PLACEMENT_3D('',#12808,#10242,#10243);
#8984=AXIS2_PLACEMENT_3D('',#12814,#10244,#10245);
#8985=AXIS2_PLACEMENT_3D('',#12820,#10246,#10247);
#8986=AXIS2_PLACEMENT_3D('',#12826,#10248,#10249);
#8987=AXIS2_PLACEMENT_3D('',#12829,#10251,#10252);
#8988=AXIS2_PLACEMENT_3D('',#12832,#10254,#10255);
#8989=AXIS2_PLACEMENT_3D('',#12836,#10258,#10259);
#8990=AXIS2_PLACEMENT_3D('',#12839,#10261,#10262);
#8991=AXIS2_PLACEMENT_3D('',#12840,#10263,#10264);
#8992=AXIS2_PLACEMENT_3D('',#12844,#10267,#10268);
#8993=AXIS2_PLACEMENT_3D('',#12847,#10270,#10271);
#8994=AXIS2_PLACEMENT_3D('',#12848,#10272,#10273);
#8995=AXIS2_PLACEMENT_3D('',#12852,#10276,#10277);
#8996=AXIS2_PLACEMENT_3D('',#12855,#10279,#10280);
#8997=AXIS2_PLACEMENT_3D('',#12856,#10281,#10282);
#8998=AXIS2_PLACEMENT_3D('',#12858,#10284,#10285);
#8999=AXIS2_PLACEMENT_3D('',#12871,#10286,#10287);
#9000=AXIS2_PLACEMENT_3D('',#12872,#10288,#10289);
#9001=AXIS2_PLACEMENT_3D('',#12873,#10290,#10291);
#9002=AXIS2_PLACEMENT_3D('',#12874,#10292,#10293);
#9003=AXIS2_PLACEMENT_3D('',#12875,#10294,#10295);
#9004=AXIS2_PLACEMENT_3D('',#12876,#10296,#10297);
#9005=AXIS2_PLACEMENT_3D('',#12877,#10298,#10299);
#9006=AXIS2_PLACEMENT_3D('',#12902,#10300,#10301);
#9007=AXIS2_PLACEMENT_3D('',#12903,#10302,#10303);
#9008=AXIS2_PLACEMENT_3D('',#12904,#10304,#10305);
#9009=AXIS2_PLACEMENT_3D('',#12905,#10306,#10307);
#9010=AXIS2_PLACEMENT_3D('',#12906,#10308,#10309);
#9011=AXIS2_PLACEMENT_3D('',#12907,#10310,#10311);
#9012=AXIS2_PLACEMENT_3D('',#12908,#10312,#10313);
#9013=AXIS2_PLACEMENT_3D('',#12921,#10314,#10315);
#9014=AXIS2_PLACEMENT_3D('',#12922,#10316,#10317);
#9015=AXIS2_PLACEMENT_3D('',#12924,#10318,#10319);
#9016=AXIS2_PLACEMENT_3D('',#12926,#10320,#10321);
#9017=AXIS2_PLACEMENT_3D('',#12927,#10322,#10323);
#9018=AXIS2_PLACEMENT_3D('',#12929,#10324,#10325);
#9019=AXIS2_PLACEMENT_3D('',#12930,#10326,#10327);
#9020=AXIS2_PLACEMENT_3D('',#12931,#10328,#10329);
#9021=AXIS2_PLACEMENT_3D('',#12933,#10330,#10331);
#9022=AXIS2_PLACEMENT_3D('',#12935,#10332,#10333);
#9023=AXIS2_PLACEMENT_3D('',#12936,#10334,#10335);
#9024=AXIS2_PLACEMENT_3D('',#12938,#10336,#10337);
#9025=AXIS2_PLACEMENT_3D('',#12939,#10338,#10339);
#9026=AXIS2_PLACEMENT_3D('',#12940,#10340,#10341);
#9027=AXIS2_PLACEMENT_3D('',#12941,#10342,#10343);
#9028=AXIS2_PLACEMENT_3D('',#12943,#10344,#10345);
#9029=AXIS2_PLACEMENT_3D('',#12945,#10346,#10347);
#9030=AXIS2_PLACEMENT_3D('',#12947,#10348,#10349);
#9031=AXIS2_PLACEMENT_3D('',#12949,#10350,#10351);
#9032=AXIS2_PLACEMENT_3D('',#12951,#10352,#10353);
#9033=AXIS2_PLACEMENT_3D('',#12953,#10354,#10355);
#9034=AXIS2_PLACEMENT_3D('',#12958,#10357,#10358);
#9035=AXIS2_PLACEMENT_3D('',#12961,#10360,#10361);
#9036=AXIS2_PLACEMENT_3D('',#12965,#10363,#10364);
#9037=AXIS2_PLACEMENT_3D('',#12969,#10366,#10367);
#9038=AXIS2_PLACEMENT_3D('',#12970,#10368,#10369);
#9039=AXIS2_PLACEMENT_3D('',#12974,#10371,#10372);
#9040=AXIS2_PLACEMENT_3D('',#12978,#10374,#10375);
#9041=AXIS2_PLACEMENT_3D('',#12979,#10376,#10377);
#9042=AXIS2_PLACEMENT_3D('',#12990,#10378,#10379);
#9043=AXIS2_PLACEMENT_3D('',#12991,#10380,#10381);
#9044=AXIS2_PLACEMENT_3D('',#12996,#10382,#10383);
#9045=AXIS2_PLACEMENT_3D('',#13001,#10384,#10385);
#9046=AXIS2_PLACEMENT_3D('',#13002,#10386,#10387);
#9047=AXIS2_PLACEMENT_3D('',#13007,#10389,#10390);
#9048=AXIS2_PLACEMENT_3D('',#13011,#10392,#10393);
#9049=AXIS2_PLACEMENT_3D('',#13015,#10395,#10396);
#9050=AXIS2_PLACEMENT_3D('',#13019,#10398,#10399);
#9051=AXIS2_PLACEMENT_3D('',#13023,#10401,#10402);
#9052=AXIS2_PLACEMENT_3D('',#13027,#10404,#10405);
#9053=AXIS2_PLACEMENT_3D('',#13028,#10406,#10407);
#9054=AXIS2_PLACEMENT_3D('',#13034,#10408,#10409);
#9055=AXIS2_PLACEMENT_3D('',#13040,#10410,#10411);
#9056=AXIS2_PLACEMENT_3D('',#13051,#10412,#10413);
#9057=AXIS2_PLACEMENT_3D('',#13052,#10414,#10415);
#9058=AXIS2_PLACEMENT_3D('',#13063,#10416,#10417);
#9059=AXIS2_PLACEMENT_3D('',#13064,#10418,#10419);
#9060=AXIS2_PLACEMENT_3D('',#13075,#10420,#10421);
#9061=AXIS2_PLACEMENT_3D('',#13076,#10422,#10423);
#9062=AXIS2_PLACEMENT_3D('',#13087,#10424,#10425);
#9063=AXIS2_PLACEMENT_3D('',#13088,#10426,#10427);
#9064=AXIS2_PLACEMENT_3D('',#13099,#10428,#10429);
#9065=AXIS2_PLACEMENT_3D('',#13100,#10430,#10431);
#9066=AXIS2_PLACEMENT_3D('',#13105,#10434,#10435);
#9067=AXIS2_PLACEMENT_3D('',#13106,#10436,#10437);
#9068=AXIS2_PLACEMENT_3D('',#13109,#10439,#10440);
#9069=AXIS2_PLACEMENT_3D('',#13112,#10442,#10443);
#9070=AXIS2_PLACEMENT_3D('',#13117,#10446,#10447);
#9071=AXIS2_PLACEMENT_3D('',#13118,#10448,#10449);
#9072=AXIS2_PLACEMENT_3D('',#13123,#10452,#10453);
#9073=AXIS2_PLACEMENT_3D('',#13124,#10454,#10455);
#9074=AXIS2_PLACEMENT_3D('',#13129,#10458,#10459);
#9075=AXIS2_PLACEMENT_3D('',#13130,#10460,#10461);
#9076=AXIS2_PLACEMENT_3D('',#13135,#10464,#10465);
#9077=AXIS2_PLACEMENT_3D('',#13136,#10466,#10467);
#9078=AXIS2_PLACEMENT_3D('',#13137,#10468,#10469);
#9079=AXIS2_PLACEMENT_3D('',#13139,#10470,#10471);
#9080=AXIS2_PLACEMENT_3D('',#13140,#10472,#10473);
#9081=AXIS2_PLACEMENT_3D('',#13142,#10474,#10475);
#9082=AXIS2_PLACEMENT_3D('',#13143,#10476,#10477);
#9083=AXIS2_PLACEMENT_3D('',#13145,#10478,#10479);
#9084=AXIS2_PLACEMENT_3D('',#13146,#10480,#10481);
#9085=AXIS2_PLACEMENT_3D('',#13148,#10482,#10483);
#9086=AXIS2_PLACEMENT_3D('',#13149,#10484,#10485);
#9087=AXIS2_PLACEMENT_3D('',#13151,#10486,#10487);
#9088=AXIS2_PLACEMENT_3D('',#13152,#10488,#10489);
#9089=AXIS2_PLACEMENT_3D('',#13154,#10490,#10491);
#9090=AXIS2_PLACEMENT_3D('',#13155,#10492,#10493);
#9091=AXIS2_PLACEMENT_3D('',#13157,#10494,#10495);
#9092=AXIS2_PLACEMENT_3D('',#13158,#10496,#10497);
#9093=AXIS2_PLACEMENT_3D('',#13160,#10498,#10499);
#9094=AXIS2_PLACEMENT_3D('',#13161,#10500,#10501);
#9095=AXIS2_PLACEMENT_3D('',#13163,#10502,#10503);
#9096=AXIS2_PLACEMENT_3D('',#13164,#10504,#10505);
#9097=AXIS2_PLACEMENT_3D('',#13166,#10506,#10507);
#9098=AXIS2_PLACEMENT_3D('',#13167,#10508,#10509);
#9099=AXIS2_PLACEMENT_3D('',#13169,#10510,#10511);
#9100=AXIS2_PLACEMENT_3D('',#13170,#10512,#10513);
#9101=AXIS2_PLACEMENT_3D('',#13172,#10514,#10515);
#9102=AXIS2_PLACEMENT_3D('',#13173,#10516,#10517);
#9103=AXIS2_PLACEMENT_3D('',#13175,#10518,#10519);
#9104=AXIS2_PLACEMENT_3D('',#13176,#10520,#10521);
#9105=AXIS2_PLACEMENT_3D('',#13178,#10522,#10523);
#9106=AXIS2_PLACEMENT_3D('',#13179,#10524,#10525);
#9107=AXIS2_PLACEMENT_3D('',#13181,#10526,#10527);
#9108=AXIS2_PLACEMENT_3D('',#13182,#10528,#10529);
#9109=AXIS2_PLACEMENT_3D('',#13184,#10530,#10531);
#9110=AXIS2_PLACEMENT_3D('',#13185,#10532,#10533);
#9111=AXIS2_PLACEMENT_3D('',#13187,#10534,#10535);
#9112=AXIS2_PLACEMENT_3D('',#13188,#10536,#10537);
#9113=AXIS2_PLACEMENT_3D('',#13190,#10538,#10539);
#9114=AXIS2_PLACEMENT_3D('',#13191,#10540,#10541);
#9115=AXIS2_PLACEMENT_3D('',#13193,#10542,#10543);
#9116=AXIS2_PLACEMENT_3D('',#13194,#10544,#10545);
#9117=AXIS2_PLACEMENT_3D('',#13196,#10546,#10547);
#9118=AXIS2_PLACEMENT_3D('',#13197,#10548,#10549);
#9119=AXIS2_PLACEMENT_3D('',#13199,#10550,#10551);
#9120=AXIS2_PLACEMENT_3D('',#13200,#10552,#10553);
#9121=AXIS2_PLACEMENT_3D('',#13202,#10554,#10555);
#9122=AXIS2_PLACEMENT_3D('',#13203,#10556,#10557);
#9123=AXIS2_PLACEMENT_3D('',#13205,#10558,#10559);
#9124=AXIS2_PLACEMENT_3D('',#13206,#10560,#10561);
#9125=AXIS2_PLACEMENT_3D('',#13208,#10562,#10563);
#9126=AXIS2_PLACEMENT_3D('',#13209,#10564,#10565);
#9127=AXIS2_PLACEMENT_3D('',#13211,#10566,#10567);
#9128=AXIS2_PLACEMENT_3D('',#13212,#10568,#10569);
#9129=AXIS2_PLACEMENT_3D('',#13214,#10570,#10571);
#9130=AXIS2_PLACEMENT_3D('',#13215,#10572,#10573);
#9131=AXIS2_PLACEMENT_3D('',#13222,#10580,#10581);
#9132=AXIS2_PLACEMENT_3D('',#13224,#10582,#10583);
#9133=AXIS2_PLACEMENT_3D('',#13225,#10584,#10585);
#9134=AXIS2_PLACEMENT_3D('',#13227,#10586,#10587);
#9135=AXIS2_PLACEMENT_3D('',#13228,#10588,#10589);
#9136=AXIS2_PLACEMENT_3D('',#13230,#10590,#10591);
#9137=AXIS2_PLACEMENT_3D('',#13231,#10592,#10593);
#9138=AXIS2_PLACEMENT_3D('',#13233,#10594,#10595);
#9139=AXIS2_PLACEMENT_3D('',#13236,#10598,#10599);
#9140=AXIS2_PLACEMENT_3D('',#13237,#10600,#10601);
#9141=AXIS2_PLACEMENT_3D('',#13239,#10602,#10603);
#9142=AXIS2_PLACEMENT_3D('',#13240,#10604,#10605);
#9143=AXIS2_PLACEMENT_3D('',#13242,#10606,#10607);
#9144=AXIS2_PLACEMENT_3D('',#13243,#10608,#10609);
#9145=AXIS2_PLACEMENT_3D('',#13245,#10610,#10611);
#9146=AXIS2_PLACEMENT_3D('',#13246,#10612,#10613);
#9147=AXIS2_PLACEMENT_3D('',#13247,#10614,#10615);
#9148=AXIS2_PLACEMENT_3D('',#13248,#10616,#10617);
#9149=AXIS2_PLACEMENT_3D('',#13249,#10618,#10619);
#9150=AXIS2_PLACEMENT_3D('',#13250,#10620,#10621);
#9151=AXIS2_PLACEMENT_3D('',#13251,#10622,#10623);
#9152=AXIS2_PLACEMENT_3D('',#13252,#10624,#10625);
#9153=AXIS2_PLACEMENT_3D('',#13253,#10626,#10627);
#9154=AXIS2_PLACEMENT_3D('',#13254,#10628,#10629);
#9155=AXIS2_PLACEMENT_3D('',#13257,#10631,#10632);
#9156=AXIS2_PLACEMENT_3D('',#13260,#10634,#10635);
#9157=AXIS2_PLACEMENT_3D('',#13264,#10638,#10639);
#9158=AXIS2_PLACEMENT_3D('',#13267,#10641,#10642);
#9159=AXIS2_PLACEMENT_3D('',#13268,#10643,#10644);
#9160=AXIS2_PLACEMENT_3D('',#13270,#10646,#10647);
#9161=AXIS2_PLACEMENT_3D('',#13271,#10648,#10649);
#9162=AXIS2_PLACEMENT_3D('',#13272,#10650,#10651);
#9163=AXIS2_PLACEMENT_3D('',#13274,#10652,#10653);
#9164=AXIS2_PLACEMENT_3D('',#13275,#10654,#10655);
#9165=AXIS2_PLACEMENT_3D('',#13276,#10656,#10657);
#9166=AXIS2_PLACEMENT_3D('',#13278,#10658,#10659);
#9167=AXIS2_PLACEMENT_3D('',#13279,#10660,#10661);
#9168=AXIS2_PLACEMENT_3D('',#13280,#10662,#10663);
#9169=AXIS2_PLACEMENT_3D('',#13282,#10664,#10665);
#9170=AXIS2_PLACEMENT_3D('',#13283,#10666,#10667);
#9171=AXIS2_PLACEMENT_3D('',#13284,#10668,#10669);
#9172=AXIS2_PLACEMENT_3D('',#13286,#10670,#10671);
#9173=AXIS2_PLACEMENT_3D('',#13287,#10672,#10673);
#9174=AXIS2_PLACEMENT_3D('',#13288,#10674,#10675);
#9175=AXIS2_PLACEMENT_3D('',#13290,#10676,#10677);
#9176=AXIS2_PLACEMENT_3D('',#13291,#10678,#10679);
#9177=AXIS2_PLACEMENT_3D('',#13292,#10680,#10681);
#9178=AXIS2_PLACEMENT_3D('',#13293,#10682,#10683);
#9179=AXIS2_PLACEMENT_3D('',#13298,#10685,#10686);
#9180=AXIS2_PLACEMENT_3D('',#13302,#10688,#10689);
#9181=AXIS2_PLACEMENT_3D('',#13306,#10691,#10692);
#9182=AXIS2_PLACEMENT_3D('',#13321,#10700,#10701);
#9183=AXIS2_PLACEMENT_3D('',#13322,#10702,#10703);
#9184=AXIS2_PLACEMENT_3D('',#13336,#10710,#10711);
#9185=AXIS2_PLACEMENT_3D('',#13339,#10713,#10714);
#9186=AXIS2_PLACEMENT_3D('',#13342,#10716,#10717);
#9187=AXIS2_PLACEMENT_3D('',#13346,#10720,#10721);
#9188=AXIS2_PLACEMENT_3D('',#13349,#10723,#10724);
#9189=AXIS2_PLACEMENT_3D('',#13350,#10725,#10726);
#9190=AXIS2_PLACEMENT_3D('',#13354,#10729,#10730);
#9191=AXIS2_PLACEMENT_3D('',#13357,#10732,#10733);
#9192=AXIS2_PLACEMENT_3D('',#13358,#10734,#10735);
#9193=AXIS2_PLACEMENT_3D('',#13362,#10738,#10739);
#9194=AXIS2_PLACEMENT_3D('',#13365,#10741,#10742);
#9195=AXIS2_PLACEMENT_3D('',#13366,#10743,#10744);
#9196=AXIS2_PLACEMENT_3D('',#13368,#10746,#10747);
#9197=AXIS2_PLACEMENT_3D('',#13377,#10752,#10753);
#9198=AXIS2_PLACEMENT_3D('',#13383,#10757,#10758);
#9199=AXIS2_PLACEMENT_3D('',#13389,#10762,#10763);
#9200=AXIS2_PLACEMENT_3D('',#13395,#10767,#10768);
#9201=AXIS2_PLACEMENT_3D('',#13401,#10772,#10773);
#9202=AXIS2_PLACEMENT_3D('',#13407,#10777,#10778);
#9203=AXIS2_PLACEMENT_3D('',#13413,#10782,#10783);
#9204=AXIS2_PLACEMENT_3D('',#13419,#10787,#10788);
#9205=AXIS2_PLACEMENT_3D('',#13425,#10792,#10793);
#9206=AXIS2_PLACEMENT_3D('',#13431,#10797,#10798);
#9207=AXIS2_PLACEMENT_3D('',#13437,#10802,#10803);
#9208=AXIS2_PLACEMENT_3D('',#13446,#10808,#10809);
#9209=AXIS2_PLACEMENT_3D('',#13447,#10810,#10811);
#9210=AXIS2_PLACEMENT_3D('',#13451,#10813,#10814);
#9211=AXIS2_PLACEMENT_3D('',#13452,#10815,#10816);
#9212=AXIS2_PLACEMENT_3D('',#13458,#10820,#10821);
#9213=AXIS2_PLACEMENT_3D('',#13464,#10825,#10826);
#9214=AXIS2_PLACEMENT_3D('',#13470,#10830,#10831);
#9215=AXIS2_PLACEMENT_3D('',#13471,#10832,#10833);
#9216=AXIS2_PLACEMENT_3D('',#13475,#10835,#10836);
#9217=AXIS2_PLACEMENT_3D('',#13476,#10837,#10838);
#9218=AXIS2_PLACEMENT_3D('',#13482,#10842,#10843);
#9219=AXIS2_PLACEMENT_3D('',#13491,#10848,#10849);
#9220=AXIS2_PLACEMENT_3D('',#13497,#10853,#10854);
#9221=AXIS2_PLACEMENT_3D('',#13503,#10858,#10859);
#9222=AXIS2_PLACEMENT_3D('',#13504,#10860,#10861);
#9223=AXIS2_PLACEMENT_3D('',#13508,#10863,#10864);
#9224=AXIS2_PLACEMENT_3D('',#13509,#10865,#10866);
#9225=AXIS2_PLACEMENT_3D('',#13515,#10870,#10871);
#9226=AXIS2_PLACEMENT_3D('',#13516,#10872,#10873);
#9227=AXIS2_PLACEMENT_3D('',#13520,#10875,#10876);
#9228=AXIS2_PLACEMENT_3D('',#13521,#10877,#10878);
#9229=AXIS2_PLACEMENT_3D('',#13522,#10879,#10880);
#9230=AXIS2_PLACEMENT_3D('',#13526,#10882,#10883);
#9231=AXIS2_PLACEMENT_3D('',#13527,#10884,#10885);
#9232=AXIS2_PLACEMENT_3D('',#13528,#10886,#10887);
#9233=AXIS2_PLACEMENT_3D('',#13532,#10889,#10890);
#9234=AXIS2_PLACEMENT_3D('',#13533,#10891,#10892);
#9235=AXIS2_PLACEMENT_3D('',#13539,#10896,#10897);
#9236=AXIS2_PLACEMENT_3D('',#13545,#10901,#10902);
#9237=AXIS2_PLACEMENT_3D('',#13551,#10906,#10907);
#9238=AXIS2_PLACEMENT_3D('',#13552,#10908,#10909);
#9239=AXIS2_PLACEMENT_3D('',#13556,#10911,#10912);
#9240=AXIS2_PLACEMENT_3D('',#13557,#10913,#10914);
#9241=AXIS2_PLACEMENT_3D('',#13558,#10915,#10916);
#9242=AXIS2_PLACEMENT_3D('',#13562,#10918,#10919);
#9243=AXIS2_PLACEMENT_3D('',#13563,#10920,#10921);
#9244=AXIS2_PLACEMENT_3D('',#13564,#10922,#10923);
#9245=AXIS2_PLACEMENT_3D('',#13568,#10925,#10926);
#9246=AXIS2_PLACEMENT_3D('',#13569,#10927,#10928);
#9247=AXIS2_PLACEMENT_3D('',#13570,#10929,#10930);
#9248=AXIS2_PLACEMENT_3D('',#13574,#10932,#10933);
#9249=AXIS2_PLACEMENT_3D('',#13575,#10934,#10935);
#9250=AXIS2_PLACEMENT_3D('',#13576,#10936,#10937);
#9251=AXIS2_PLACEMENT_3D('',#13580,#10939,#10940);
#9252=AXIS2_PLACEMENT_3D('',#13581,#10941,#10942);
#9253=AXIS2_PLACEMENT_3D('',#13587,#10946,#10947);
#9254=AXIS2_PLACEMENT_3D('',#13596,#10952,#10953);
#9255=AXIS2_PLACEMENT_3D('',#13602,#10957,#10958);
#9256=AXIS2_PLACEMENT_3D('',#13608,#10962,#10963);
#9257=AXIS2_PLACEMENT_3D('',#13617,#10968,#10969);
#9258=AXIS2_PLACEMENT_3D('',#13623,#10973,#10974);
#9259=AXIS2_PLACEMENT_3D('',#13629,#10978,#10979);
#9260=AXIS2_PLACEMENT_3D('',#13638,#10984,#10985);
#9261=AXIS2_PLACEMENT_3D('',#13644,#10989,#10990);
#9262=AXIS2_PLACEMENT_3D('',#13650,#10994,#10995);
#9263=AXIS2_PLACEMENT_3D('',#13656,#10999,#11000);
#9264=AXIS2_PLACEMENT_3D('',#13662,#11004,#11005);
#9265=AXIS2_PLACEMENT_3D('',#13671,#11010,#11011);
#9266=AXIS2_PLACEMENT_3D('',#13677,#11015,#11016);
#9267=AXIS2_PLACEMENT_3D('',#13683,#11020,#11021);
#9268=AXIS2_PLACEMENT_3D('',#13692,#11026,#11027);
#9269=AXIS2_PLACEMENT_3D('',#13693,#11028,#11029);
#9270=AXIS2_PLACEMENT_3D('',#13697,#11031,#11032);
#9271=AXIS2_PLACEMENT_3D('',#13698,#11033,#11034);
#9272=AXIS2_PLACEMENT_3D('',#13704,#11038,#11039);
#9273=AXIS2_PLACEMENT_3D('',#13713,#11044,#11045);
#9274=AXIS2_PLACEMENT_3D('',#13719,#11049,#11050);
#9275=AXIS2_PLACEMENT_3D('',#13725,#11054,#11055);
#9276=AXIS2_PLACEMENT_3D('',#13726,#11056,#11057);
#9277=AXIS2_PLACEMENT_3D('',#13731,#11059,#11060);
#9278=AXIS2_PLACEMENT_3D('',#13734,#11062,#11063);
#9279=AXIS2_PLACEMENT_3D('',#13735,#11064,#11065);
#9280=AXIS2_PLACEMENT_3D('',#13739,#11067,#11068);
#9281=AXIS2_PLACEMENT_3D('',#13740,#11069,#11070);
#9282=AXIS2_PLACEMENT_3D('',#13741,#11071,#11072);
#9283=AXIS2_PLACEMENT_3D('',#13745,#11074,#11075);
#9284=AXIS2_PLACEMENT_3D('',#13746,#11076,#11077);
#9285=AXIS2_PLACEMENT_3D('',#13747,#11078,#11079);
#9286=AXIS2_PLACEMENT_3D('',#13751,#11081,#11082);
#9287=AXIS2_PLACEMENT_3D('',#13752,#11083,#11084);
#9288=AXIS2_PLACEMENT_3D('',#13753,#11085,#11086);
#9289=AXIS2_PLACEMENT_3D('',#13757,#11088,#11089);
#9290=AXIS2_PLACEMENT_3D('',#13758,#11090,#11091);
#9291=AXIS2_PLACEMENT_3D('',#13759,#11092,#11093);
#9292=AXIS2_PLACEMENT_3D('',#13763,#11095,#11096);
#9293=AXIS2_PLACEMENT_3D('',#13764,#11097,#11098);
#9294=AXIS2_PLACEMENT_3D('',#13765,#11099,#11100);
#9295=AXIS2_PLACEMENT_3D('',#13769,#11102,#11103);
#9296=AXIS2_PLACEMENT_3D('',#13770,#11104,#11105);
#9297=AXIS2_PLACEMENT_3D('',#13771,#11106,#11107);
#9298=AXIS2_PLACEMENT_3D('',#13775,#11109,#11110);
#9299=AXIS2_PLACEMENT_3D('',#13776,#11111,#11112);
#9300=AXIS2_PLACEMENT_3D('',#13777,#11113,#11114);
#9301=AXIS2_PLACEMENT_3D('',#13781,#11116,#11117);
#9302=AXIS2_PLACEMENT_3D('',#13782,#11118,#11119);
#9303=AXIS2_PLACEMENT_3D('',#13783,#11120,#11121);
#9304=AXIS2_PLACEMENT_3D('',#13787,#11123,#11124);
#9305=AXIS2_PLACEMENT_3D('',#13788,#11125,#11126);
#9306=AXIS2_PLACEMENT_3D('',#13789,#11127,#11128);
#9307=AXIS2_PLACEMENT_3D('',#13793,#11130,#11131);
#9308=AXIS2_PLACEMENT_3D('',#13794,#11132,#11133);
#9309=AXIS2_PLACEMENT_3D('',#13795,#11134,#11135);
#9310=AXIS2_PLACEMENT_3D('',#13799,#11137,#11138);
#9311=AXIS2_PLACEMENT_3D('',#13800,#11139,#11140);
#9312=AXIS2_PLACEMENT_3D('',#13801,#11141,#11142);
#9313=AXIS2_PLACEMENT_3D('',#13805,#11144,#11145);
#9314=AXIS2_PLACEMENT_3D('',#13806,#11146,#11147);
#9315=AXIS2_PLACEMENT_3D('',#13807,#11148,#11149);
#9316=AXIS2_PLACEMENT_3D('',#13811,#11151,#11152);
#9317=AXIS2_PLACEMENT_3D('',#13812,#11153,#11154);
#9318=AXIS2_PLACEMENT_3D('',#13813,#11155,#11156);
#9319=AXIS2_PLACEMENT_3D('',#13817,#11158,#11159);
#9320=AXIS2_PLACEMENT_3D('',#13818,#11160,#11161);
#9321=AXIS2_PLACEMENT_3D('',#13819,#11162,#11163);
#9322=AXIS2_PLACEMENT_3D('',#13823,#11165,#11166);
#9323=AXIS2_PLACEMENT_3D('',#13824,#11167,#11168);
#9324=AXIS2_PLACEMENT_3D('',#13825,#11169,#11170);
#9325=AXIS2_PLACEMENT_3D('',#13829,#11172,#11173);
#9326=AXIS2_PLACEMENT_3D('',#13830,#11174,#11175);
#9327=AXIS2_PLACEMENT_3D('',#13831,#11176,#11177);
#9328=AXIS2_PLACEMENT_3D('',#13835,#11179,#11180);
#9329=AXIS2_PLACEMENT_3D('',#13836,#11181,#11182);
#9330=AXIS2_PLACEMENT_3D('',#13837,#11183,#11184);
#9331=AXIS2_PLACEMENT_3D('',#13841,#11186,#11187);
#9332=AXIS2_PLACEMENT_3D('',#13842,#11188,#11189);
#9333=AXIS2_PLACEMENT_3D('',#13843,#11190,#11191);
#9334=AXIS2_PLACEMENT_3D('',#13847,#11193,#11194);
#9335=AXIS2_PLACEMENT_3D('',#13848,#11195,#11196);
#9336=AXIS2_PLACEMENT_3D('',#13857,#11201,#11202);
#9337=AXIS2_PLACEMENT_3D('',#13863,#11206,#11207);
#9338=AXIS2_PLACEMENT_3D('',#13869,#11211,#11212);
#9339=AXIS2_PLACEMENT_3D('',#13875,#11216,#11217);
#9340=AXIS2_PLACEMENT_3D('',#13881,#11221,#11222);
#9341=AXIS2_PLACEMENT_3D('',#13887,#11226,#11227);
#9342=AXIS2_PLACEMENT_3D('',#13893,#11231,#11232);
#9343=AXIS2_PLACEMENT_3D('',#13899,#11236,#11237);
#9344=AXIS2_PLACEMENT_3D('',#13905,#11241,#11242);
#9345=AXIS2_PLACEMENT_3D('',#13911,#11246,#11247);
#9346=AXIS2_PLACEMENT_3D('',#13917,#11251,#11252);
#9347=AXIS2_PLACEMENT_3D('',#13926,#11257,#11258);
#9348=AXIS2_PLACEMENT_3D('',#13932,#11262,#11263);
#9349=AXIS2_PLACEMENT_3D('',#13938,#11267,#11268);
#9350=AXIS2_PLACEMENT_3D('',#13947,#11273,#11274);
#9351=AXIS2_PLACEMENT_3D('',#13953,#11278,#11279);
#9352=AXIS2_PLACEMENT_3D('',#13959,#11283,#11284);
#9353=AXIS2_PLACEMENT_3D('',#13965,#11288,#11289);
#9354=AXIS2_PLACEMENT_3D('',#13971,#11293,#11294);
#9355=AXIS2_PLACEMENT_3D('',#13977,#11298,#11299);
#9356=AXIS2_PLACEMENT_3D('',#13983,#11303,#11304);
#9357=AXIS2_PLACEMENT_3D('',#13989,#11308,#11309);
#9358=AXIS2_PLACEMENT_3D('',#13995,#11313,#11314);
#9359=AXIS2_PLACEMENT_3D('',#14004,#11319,#11320);
#9360=AXIS2_PLACEMENT_3D('',#14010,#11324,#11325);
#9361=AXIS2_PLACEMENT_3D('',#14016,#11329,#11330);
#9362=AXIS2_PLACEMENT_3D('',#14022,#11334,#11335);
#9363=AXIS2_PLACEMENT_3D('',#14028,#11339,#11340);
#9364=AXIS2_PLACEMENT_3D('',#14034,#11344,#11345);
#9365=AXIS2_PLACEMENT_3D('',#14040,#11349,#11350);
#9366=AXIS2_PLACEMENT_3D('',#14046,#11354,#11355);
#9367=AXIS2_PLACEMENT_3D('',#14052,#11359,#11360);
#9368=AXIS2_PLACEMENT_3D('',#14058,#11364,#11365);
#9369=AXIS2_PLACEMENT_3D('',#14064,#11369,#11370);
#9370=AXIS2_PLACEMENT_3D('',#14073,#11375,#11376);
#9371=AXIS2_PLACEMENT_3D('',#14074,#11377,#11378);
#9372=AXIS2_PLACEMENT_3D('',#14078,#11380,#11381);
#9373=AXIS2_PLACEMENT_3D('',#14079,#11382,#11383);
#9374=AXIS2_PLACEMENT_3D('',#14085,#11387,#11388);
#9375=AXIS2_PLACEMENT_3D('',#14094,#11393,#11394);
#9376=AXIS2_PLACEMENT_3D('',#14100,#11398,#11399);
#9377=AXIS2_PLACEMENT_3D('',#14106,#11403,#11404);
#9378=AXIS2_PLACEMENT_3D('',#14112,#11408,#11409);
#9379=AXIS2_PLACEMENT_3D('',#14118,#11413,#11414);
#9380=AXIS2_PLACEMENT_3D('',#14127,#11419,#11420);
#9381=AXIS2_PLACEMENT_3D('',#14133,#11424,#11425);
#9382=AXIS2_PLACEMENT_3D('',#14139,#11429,#11430);
#9383=AXIS2_PLACEMENT_3D('',#14145,#11434,#11435);
#9384=AXIS2_PLACEMENT_3D('',#14151,#11439,#11440);
#9385=AXIS2_PLACEMENT_3D('',#14154,#11443,#11444);
#9386=AXIS2_PLACEMENT_3D('',#14155,#11445,#11446);
#9387=AXIS2_PLACEMENT_3D('',#14156,#11447,#11448);
#9388=AXIS2_PLACEMENT_3D('',#14157,#11449,#11450);
#9389=AXIS2_PLACEMENT_3D('',#14160,#11453,#11454);
#9390=AXIS2_PLACEMENT_3D('',#14163,#11457,#11458);
#9391=AXIS2_PLACEMENT_3D('',#14166,#11461,#11462);
#9392=AXIS2_PLACEMENT_3D('',#14167,#11463,#11464);
#9393=AXIS2_PLACEMENT_3D('',#14169,#11465,#11466);
#9394=AXIS2_PLACEMENT_3D('',#14172,#11469,#11470);
#9395=AXIS2_PLACEMENT_3D('',#14175,#11473,#11474);
#9396=AXIS2_PLACEMENT_3D('',#14176,#11475,#11476);
#9397=AXIS2_PLACEMENT_3D('',#14177,#11477,#11478);
#9398=AXIS2_PLACEMENT_3D('',#14178,#11479,#11480);
#9399=AXIS2_PLACEMENT_3D('',#14181,#11483,#11484);
#9400=AXIS2_PLACEMENT_3D('',#14182,#11485,#11486);
#9401=AXIS2_PLACEMENT_3D('',#14183,#11487,#11488);
#9402=AXIS2_PLACEMENT_3D('',#14184,#11489,#11490);
#9403=AXIS2_PLACEMENT_3D('',#14187,#11493,#11494);
#9404=AXIS2_PLACEMENT_3D('',#14190,#11497,#11498);
#9405=AXIS2_PLACEMENT_3D('',#14193,#11501,#11502);
#9406=AXIS2_PLACEMENT_3D('',#14196,#11505,#11506);
#9407=AXIS2_PLACEMENT_3D('',#14197,#11507,#11508);
#9408=AXIS2_PLACEMENT_3D('',#14198,#11509,#11510);
#9409=AXIS2_PLACEMENT_3D('',#14199,#11511,#11512);
#9410=AXIS2_PLACEMENT_3D('',#14202,#11515,#11516);
#9411=AXIS2_PLACEMENT_3D('',#14205,#11519,#11520);
#9412=AXIS2_PLACEMENT_3D('',#14206,#11521,#11522);
#9413=AXIS2_PLACEMENT_3D('',#14208,#11523,#11524);
#9414=AXIS2_PLACEMENT_3D('',#14210,#11525,#11526);
#9415=AXIS2_PLACEMENT_3D('',#14211,#11527,#11528);
#9416=AXIS2_PLACEMENT_3D('',#14213,#11529,#11530);
#9417=AXIS2_PLACEMENT_3D('',#14215,#11531,#11532);
#9418=AXIS2_PLACEMENT_3D('',#14216,#11533,#11534);
#9419=AXIS2_PLACEMENT_3D('',#14217,#11535,#11536);
#9420=AXIS2_PLACEMENT_3D('',#14218,#11537,#11538);
#9421=AXIS2_PLACEMENT_3D('',#14219,#11539,#11540);
#9422=AXIS2_PLACEMENT_3D('',#14220,#11541,#11542);
#9423=AXIS2_PLACEMENT_3D('',#14221,#11543,#11544);
#9424=AXIS2_PLACEMENT_3D('',#14222,#11545,#11546);
#9425=AXIS2_PLACEMENT_3D('',#14223,#11547,#11548);
#9426=AXIS2_PLACEMENT_3D('',#14224,#11549,#11550);
#9427=AXIS2_PLACEMENT_3D('',#14225,#11551,#11552);
#9428=AXIS2_PLACEMENT_3D('',#14226,#11553,#11554);
#9429=AXIS2_PLACEMENT_3D('',#14229,#11555,#11556);
#9430=AXIS2_PLACEMENT_3D('',#14231,#11557,#11558);
#9431=AXIS2_PLACEMENT_3D('',#14233,#11559,#11560);
#9432=AXIS2_PLACEMENT_3D('',#14235,#11561,#11562);
#9433=AXIS2_PLACEMENT_3D('',#14237,#11563,#11564);
#9434=AXIS2_PLACEMENT_3D('',#14239,#11565,#11566);
#9435=AXIS2_PLACEMENT_3D('',#14241,#11567,#11568);
#9436=AXIS2_PLACEMENT_3D('',#14243,#11569,#11570);
#9437=AXIS2_PLACEMENT_3D('',#14245,#11571,#11572);
#9438=AXIS2_PLACEMENT_3D('',#14247,#11573,#11574);
#9439=AXIS2_PLACEMENT_3D('',#14249,#11575,#11576);
#9440=AXIS2_PLACEMENT_3D('',#14251,#11577,#11578);
#9441=AXIS2_PLACEMENT_3D('',#14253,#11579,#11580);
#9442=AXIS2_PLACEMENT_3D('',#14255,#11581,#11582);
#9443=AXIS2_PLACEMENT_3D('',#14257,#11583,#11584);
#9444=AXIS2_PLACEMENT_3D('',#14259,#11585,#11586);
#9445=AXIS2_PLACEMENT_3D('',#14261,#11587,#11588);
#9446=AXIS2_PLACEMENT_3D('',#14263,#11589,#11590);
#9447=AXIS2_PLACEMENT_3D('',#14265,#11591,#11592);
#9448=AXIS2_PLACEMENT_3D('',#14267,#11593,#11594);
#9449=AXIS2_PLACEMENT_3D('',#14268,#11595,#11596);
#9450=AXIS2_PLACEMENT_3D('',#14269,#11597,#11598);
#9451=AXIS2_PLACEMENT_3D('',#14270,#11599,#11600);
#9452=AXIS2_PLACEMENT_3D('',#14271,#11601,#11602);
#9453=AXIS2_PLACEMENT_3D('',#14272,#11603,#11604);
#9454=AXIS2_PLACEMENT_3D('',#14273,#11605,#11606);
#9455=AXIS2_PLACEMENT_3D('',#14274,#11607,#11608);
#9456=AXIS2_PLACEMENT_3D('',#14275,#11609,#11610);
#9457=AXIS2_PLACEMENT_3D('',#14276,#11611,#11612);
#9458=AXIS2_PLACEMENT_3D('',#14277,#11613,#11614);
#9459=AXIS2_PLACEMENT_3D('',#14280,#11616,#11617);
#9460=AXIS2_PLACEMENT_3D('',#14283,#11619,#11620);
#9461=AXIS2_PLACEMENT_3D('',#14286,#11622,#11623);
#9462=AXIS2_PLACEMENT_3D('',#14287,#11624,#11625);
#9463=AXIS2_PLACEMENT_3D('',#14290,#11627,#11628);
#9464=AXIS2_PLACEMENT_3D('',#14291,#11629,#11630);
#9465=AXIS2_PLACEMENT_3D('',#14294,#11632,#11633);
#9466=AXIS2_PLACEMENT_3D('',#14295,#11634,#11635);
#9467=AXIS2_PLACEMENT_3D('',#14298,#11637,#11638);
#9468=AXIS2_PLACEMENT_3D('',#14299,#11639,#11640);
#9469=AXIS2_PLACEMENT_3D('',#14302,#11642,#11643);
#9470=AXIS2_PLACEMENT_3D('',#14303,#11644,#11645);
#9471=AXIS2_PLACEMENT_3D('',#14306,#11647,#11648);
#9472=AXIS2_PLACEMENT_3D('',#14307,#11649,#11650);
#9473=AXIS2_PLACEMENT_3D('',#14310,#11652,#11653);
#9474=AXIS2_PLACEMENT_3D('',#14311,#11654,#11655);
#9475=AXIS2_PLACEMENT_3D('',#14314,#11657,#11658);
#9476=AXIS2_PLACEMENT_3D('',#14315,#11659,#11660);
#9477=AXIS2_PLACEMENT_3D('',#14318,#11662,#11663);
#9478=AXIS2_PLACEMENT_3D('',#14319,#11664,#11665);
#9479=AXIS2_PLACEMENT_3D('',#14322,#11667,#11668);
#9480=AXIS2_PLACEMENT_3D('',#14323,#11669,#11670);
#9481=AXIS2_PLACEMENT_3D('',#14326,#11672,#11673);
#9482=AXIS2_PLACEMENT_3D('',#14327,#11674,#11675);
#9483=AXIS2_PLACEMENT_3D('',#14330,#11677,#11678);
#9484=AXIS2_PLACEMENT_3D('',#14331,#11679,#11680);
#9485=AXIS2_PLACEMENT_3D('',#14334,#11682,#11683);
#9486=AXIS2_PLACEMENT_3D('',#14335,#11684,#11685);
#9487=AXIS2_PLACEMENT_3D('',#14338,#11687,#11688);
#9488=AXIS2_PLACEMENT_3D('',#14339,#11689,#11690);
#9489=AXIS2_PLACEMENT_3D('',#14342,#11692,#11693);
#9490=AXIS2_PLACEMENT_3D('',#14343,#11694,#11695);
#9491=AXIS2_PLACEMENT_3D('',#14346,#11697,#11698);
#9492=AXIS2_PLACEMENT_3D('',#14347,#11699,#11700);
#9493=AXIS2_PLACEMENT_3D('',#14350,#11702,#11703);
#9494=AXIS2_PLACEMENT_3D('',#14351,#11704,#11705);
#9495=AXIS2_PLACEMENT_3D('',#14354,#11707,#11708);
#9496=AXIS2_PLACEMENT_3D('',#14355,#11709,#11710);
#9497=AXIS2_PLACEMENT_3D('',#14358,#11712,#11713);
#9498=AXIS2_PLACEMENT_3D('',#14359,#11714,#11715);
#9499=AXIS2_PLACEMENT_3D('',#14360,#11716,#11717);
#9500=AXIS2_PLACEMENT_3D('',#14361,#11718,#11719);
#9501=AXIS2_PLACEMENT_3D('',#14362,#11720,#11721);
#9502=AXIS2_PLACEMENT_3D('',#14365,#11724,#11725);
#9503=AXIS2_PLACEMENT_3D('',#14367,#11727,#11728);
#9504=AXIS2_PLACEMENT_3D('',#14369,#11730,#11731);
#9505=AXIS2_PLACEMENT_3D('',#14371,#11733,#11734);
#9506=AXIS2_PLACEMENT_3D('',#14373,#11736,#11737);
#9507=AXIS2_PLACEMENT_3D('',#14374,#11738,#11739);
#9508=AXIS2_PLACEMENT_3D('',#14375,#11740,#11741);
#9509=AXIS2_PLACEMENT_3D('',#14376,#11742,#11743);
#9510=AXIS2_PLACEMENT_3D('',#14378,#11744,#11745);
#9511=AXIS2_PLACEMENT_3D('',#14380,#11746,#11747);
#9512=AXIS2_PLACEMENT_3D('',#14381,#11748,#11749);
#9513=AXIS2_PLACEMENT_3D('',#14383,#11750,#11751);
#9514=AXIS2_PLACEMENT_3D('',#14385,#11752,#11753);
#9515=AXIS2_PLACEMENT_3D('',#14394,#11758,#11759);
#9516=AXIS2_PLACEMENT_3D('',#14428,#11767,#11768);
#9517=AXIS2_PLACEMENT_3D('',#14434,#11772,#11773);
#9518=AXIS2_PLACEMENT_3D('',#14440,#11777,#11778);
#9519=AXIS2_PLACEMENT_3D('',#14448,#11783,#11784);
#9520=AXIS2_PLACEMENT_3D('',#14458,#11790,#11791);
#9521=AXIS2_PLACEMENT_3D('',#14467,#11796,#11797);
#9522=AXIS2_PLACEMENT_3D('',#14501,#11805,#11806);
#9523=AXIS2_PLACEMENT_3D('',#14507,#11810,#11811);
#9524=AXIS2_PLACEMENT_3D('',#14510,#11814,#11815);
#9525=AXIS2_PLACEMENT_3D('',#14538,#11830,#11831);
#9526=AXIS2_PLACEMENT_3D('',#14542,#11834,#11835);
#9527=AXIS2_PLACEMENT_3D('',#14546,#11838,#11839);
#9528=AXIS2_PLACEMENT_3D('',#14550,#11842,#11843);
#9529=AXIS2_PLACEMENT_3D('',#14554,#11846,#11847);
#9530=AXIS2_PLACEMENT_3D('',#14558,#11850,#11851);
#9531=AXIS2_PLACEMENT_3D('',#14562,#11854,#11855);
#9532=AXIS2_PLACEMENT_3D('',#14566,#11858,#11859);
#9533=AXIS2_PLACEMENT_3D('',#14570,#11862,#11863);
#9534=AXIS2_PLACEMENT_3D('',#14574,#11866,#11867);
#9535=AXIS2_PLACEMENT_3D('',#14578,#11870,#11871);
#9536=AXIS2_PLACEMENT_3D('',#14582,#11874,#11875);
#9537=AXIS2_PLACEMENT_3D('',#14586,#11878,#11879);
#9538=AXIS2_PLACEMENT_3D('',#14590,#11882,#11883);
#9539=AXIS2_PLACEMENT_3D('',#14593,#11886,#11887);
#9540=AXIS2_PLACEMENT_3D('',#14594,#11888,#11889);
#9541=AXIS2_PLACEMENT_3D('',#14596,#11890,#11891);
#9542=AXIS2_PLACEMENT_3D('',#14598,#11892,#11893);
#9543=AXIS2_PLACEMENT_3D('',#14600,#11894,#11895);
#9544=AXIS2_PLACEMENT_3D('',#14602,#11897,#11898);
#9545=AXIS2_PLACEMENT_3D('',#14603,#11899,#11900);
#9546=AXIS2_PLACEMENT_3D('',#14605,#11901,#11902);
#9547=AXIS2_PLACEMENT_3D('',#14607,#11903,#11904);
#9548=AXIS2_PLACEMENT_3D('',#14610,#11906,#11907);
#9549=AXIS2_PLACEMENT_3D('',#14611,#11908,#11909);
#9550=AXIS2_PLACEMENT_3D('',#14612,#11910,#11911);
#9551=AXIS2_PLACEMENT_3D('',#14614,#11912,#11913);
#9552=AXIS2_PLACEMENT_3D('',#14615,#11914,#11915);
#9553=AXIS2_PLACEMENT_3D('',#14616,#11916,#11917);
#9554=AXIS2_PLACEMENT_3D('',#14618,#11918,#11919);
#9555=AXIS2_PLACEMENT_3D('',#14619,#11920,#11921);
#9556=AXIS2_PLACEMENT_3D('',#14620,#11922,#11923);
#9557=AXIS2_PLACEMENT_3D('',#14629,#11928,#11929);
#9558=AXIS2_PLACEMENT_3D('',#14638,#11934,#11935);
#9559=AXIS2_PLACEMENT_3D('',#14647,#11940,#11941);
#9560=AXIS2_PLACEMENT_3D('',#14656,#11946,#11947);
#9561=AXIS2_PLACEMENT_3D('',#14665,#11952,#11953);
#9562=AXIS2_PLACEMENT_3D('',#14674,#11958,#11959);
#9563=AXIS2_PLACEMENT_3D('',#14683,#11964,#11965);
#9564=AXIS2_PLACEMENT_3D('',#14692,#11970,#11971);
#9565=AXIS2_PLACEMENT_3D('',#14701,#11976,#11977);
#9566=AXIS2_PLACEMENT_3D('',#14710,#11982,#11983);
#9567=AXIS2_PLACEMENT_3D('',#14711,#11984,#11985);
#9568=AXIS2_PLACEMENT_3D('',#14713,#11986,#11987);
#9569=AXIS2_PLACEMENT_3D('',#14714,#11988,#11989);
#9570=AXIS2_PLACEMENT_3D('',#14716,#11990,#11991);
#9571=AXIS2_PLACEMENT_3D('',#14717,#11992,#11993);
#9572=AXIS2_PLACEMENT_3D('',#14718,#11994,#11995);
#9573=AXIS2_PLACEMENT_3D('',#14720,#11996,#11997);
#9574=AXIS2_PLACEMENT_3D('',#14721,#11998,#11999);
#9575=AXIS2_PLACEMENT_3D('',#14723,#12000,#12001);
#9576=AXIS2_PLACEMENT_3D('',#14724,#12002,#12003);
#9577=AXIS2_PLACEMENT_3D('',#14727,#12006,#12007);
#9578=AXIS2_PLACEMENT_3D('',#14730,#12010,#12011);
#9579=AXIS2_PLACEMENT_3D('',#14733,#12014,#12015);
#9580=AXIS2_PLACEMENT_3D('',#14735,#12017,#12018);
#9581=AXIS2_PLACEMENT_3D('',#14740,#12019,#12020);
#9582=AXIS2_PLACEMENT_3D('',#14743,#12023,#12024);
#9583=AXIS2_PLACEMENT_3D('',#14748,#12025,#12026);
#9584=AXIS2_PLACEMENT_3D('',#14750,#12028,#12029);
#9585=AXIS2_PLACEMENT_3D('',#14753,#12032,#12033);
#9586=AXIS2_PLACEMENT_3D('',#14765,#12037,#12038);
#9587=AXIS2_PLACEMENT_3D('',#14767,#12040,#12041);
#9588=AXIS2_PLACEMENT_3D('',#14772,#12042,#12043);
#9589=AXIS2_PLACEMENT_3D('',#14774,#12045,#12046);
#9590=AXIS2_PLACEMENT_3D('',#14776,#12048,#12049);
#9591=AXIS2_PLACEMENT_3D('',#14791,#12052,#12053);
#9592=AXIS2_PLACEMENT_3D('',#14792,#12054,#12055);
#9593=AXIS2_PLACEMENT_3D('',#14795,#12058,#12059);
#9594=AXIS2_PLACEMENT_3D('',#14798,#12062,#12063);
#9595=AXIS2_PLACEMENT_3D('',#14801,#12066,#12067);
#9596=AXIS2_PLACEMENT_3D('',#14803,#12069,#12070);
#9597=AXIS2_PLACEMENT_3D('',#14808,#12071,#12072);
#9598=AXIS2_PLACEMENT_3D('',#14811,#12075,#12076);
#9599=AXIS2_PLACEMENT_3D('',#14816,#12077,#12078);
#9600=AXIS2_PLACEMENT_3D('',#14818,#12080,#12081);
#9601=AXIS2_PLACEMENT_3D('',#14821,#12084,#12085);
#9602=AXIS2_PLACEMENT_3D('',#14833,#12089,#12090);
#9603=AXIS2_PLACEMENT_3D('',#14835,#12092,#12093);
#9604=AXIS2_PLACEMENT_3D('',#14840,#12094,#12095);
#9605=AXIS2_PLACEMENT_3D('',#14842,#12097,#12098);
#9606=AXIS2_PLACEMENT_3D('',#14844,#12100,#12101);
#9607=AXIS2_PLACEMENT_3D('',#14859,#12104,#12105);
#9608=AXIS2_PLACEMENT_3D('',#14860,#12106,#12107);
#9609=AXIS2_PLACEMENT_3D('',#14861,#12108,#12109);
#9610=DIRECTION('',(0.,0.,1.));
#9611=DIRECTION('',(1.,0.,0.));
#9612=DIRECTION('',(-1.,0.,0.));
#9613=DIRECTION('',(0.,0.,1.));
#9614=DIRECTION('',(1.,0.,0.));
#9615=DIRECTION('',(0.,0.,-1.));
#9616=DIRECTION('',(0.,0.,1.));
#9617=DIRECTION('',(1.,0.,0.));
#9618=DIRECTION('',(0.,0.,-1.));
#9619=DIRECTION('',(0.,0.,-1.));
#9620=DIRECTION('',(0.,-1.,0.));
#9621=DIRECTION('',(0.,0.,-1.));
#9622=DIRECTION('',(0.,-1.,0.));
#9623=DIRECTION('',(0.,0.,-1.));
#9624=DIRECTION('',(1.,0.,0.));
#9625=DIRECTION('',(0.,0.,-1.));
#9626=DIRECTION('',(0.,0.,1.));
#9627=DIRECTION('',(0.,-1.,0.));
#9628=DIRECTION('',(0.,0.,1.));
#9629=DIRECTION('',(0.,1.,0.));
#9630=DIRECTION('',(0.,0.707106781186556,-0.707106781186539));
#9631=DIRECTION('',(0.,0.,-1.));
#9632=DIRECTION('',(0.,0.707106781186548,-0.707106781186547));
#9633=DIRECTION('',(0.,1.,0.));
#9634=DIRECTION('',(0.,0.707106781186548,0.707106781186547));
#9635=DIRECTION('',(0.,0.,1.));
#9636=DIRECTION('',(0.,0.707106781186556,0.707106781186539));
#9637=DIRECTION('',(0.,1.,0.));
#9638=DIRECTION('',(0.,0.707106781186539,-0.707106781186556));
#9639=DIRECTION('',(0.,0.,-1.));
#9640=DIRECTION('',(0.,-0.70710678118654,-0.707106781186555));
#9641=DIRECTION('',(0.,-1.,0.));
#9642=DIRECTION('',(0.,-0.707106781186557,0.707106781186538));
#9643=DIRECTION('',(0.,0.,1.));
#9644=DIRECTION('',(0.,-0.707106781186548,0.707106781186547));
#9645=DIRECTION('',(0.,-1.,0.));
#9646=DIRECTION('',(0.,-0.707106781186548,-0.707106781186547));
#9647=DIRECTION('',(0.,0.,-1.));
#9648=DIRECTION('',(0.,-0.707106781186557,-0.707106781186538));
#9649=DIRECTION('',(0.,-1.,0.));
#9650=DIRECTION('',(0.,0.,1.));
#9651=DIRECTION('',(0.,-1.,0.));
#9652=DIRECTION('',(0.,0.,1.));
#9653=DIRECTION('',(1.,0.,0.));
#9654=DIRECTION('',(0.,0.,-1.));
#9655=DIRECTION('',(0.,0.,-1.));
#9656=DIRECTION('',(-1.,0.,0.));
#9657=DIRECTION('',(0.,0.,1.));
#9658=DIRECTION('',(0.,0.,1.));
#9659=DIRECTION('',(-1.,0.,0.));
#9660=DIRECTION('',(0.,0.,1.));
#9661=DIRECTION('',(0.,1.,0.));
#9662=DIRECTION('',(-1.,0.,0.));
#9663=DIRECTION('',(0.,0.,1.));
#9664=DIRECTION('',(0.,0.,-1.));
#9665=DIRECTION('',(-1.,0.,0.));
#9666=DIRECTION('',(0.,0.,1.));
#9667=DIRECTION('',(0.,-1.,0.));
#9668=DIRECTION('',(-1.,0.,0.));
#9669=DIRECTION('',(0.,0.,1.));
#9670=DIRECTION('',(1.,0.,0.));
#9671=DIRECTION('',(0.,0.,-1.));
#9672=DIRECTION('',(-1.,0.,0.));
#9673=DIRECTION('',(0.,0.,1.));
#9674=DIRECTION('',(1.,0.,0.));
#9675=DIRECTION('',(0.,0.,-1.));
#9676=DIRECTION('',(1.,0.,0.));
#9677=DIRECTION('',(0.,1.,0.));
#9678=DIRECTION('',(1.,0.,0.));
#9679=DIRECTION('',(0.,0.,-1.));
#9680=DIRECTION('',(1.,0.,0.));
#9681=DIRECTION('',(0.,0.,-1.));
#9682=DIRECTION('',(0.,-1.,0.));
#9683=DIRECTION('',(0.,0.,-1.));
#9684=DIRECTION('',(1.,0.,0.));
#9685=DIRECTION('',(0.,0.,-1.));
#9686=DIRECTION('',(0.,1.,0.));
#9687=DIRECTION('',(0.,0.,1.));
#9688=DIRECTION('',(1.,0.,0.));
#9689=DIRECTION('',(0.,0.,-1.));
#9690=DIRECTION('',(0.,0.567255497664602,-0.823541863155289));
#9691=DIRECTION('',(0.,0.823541863155289,0.567255497664602));
#9692=DIRECTION('',(0.,0.567255497664602,0.823541863155289));
#9693=DIRECTION('',(0.,-0.823541863155289,0.567255497664602));
#9694=DIRECTION('',(1.,0.,0.));
#9695=DIRECTION('',(0.,0.,-1.));
#9696=DIRECTION('',(0.,-0.567255497664602,0.823541863155289));
#9697=DIRECTION('',(0.,-0.823541863155289,-0.567255497664602));
#9698=DIRECTION('',(0.,-0.567255497664602,-0.823541863155289));
#9699=DIRECTION('',(0.,0.823541863155289,-0.567255497664602));
#9700=DIRECTION('',(0.,-1.,0.));
#9701=DIRECTION('',(0.,0.,-1.));
#9702=DIRECTION('',(0.,1.,0.));
#9703=DIRECTION('',(0.,0.,1.));
#9704=DIRECTION('',(0.,-1.,0.));
#9705=DIRECTION('',(0.,0.,-1.));
#9706=DIRECTION('',(0.,-1.,0.));
#9707=DIRECTION('',(0.,0.,-1.));
#9708=DIRECTION('',(0.,1.,0.));
#9709=DIRECTION('',(0.,0.,1.));
#9710=DIRECTION('',(0.,-1.,0.));
#9711=DIRECTION('',(0.,0.,-1.));
#9712=DIRECTION('',(0.,0.,-1.));
#9713=DIRECTION('',(-1.,0.,0.));
#9714=DIRECTION('',(0.,0.,-1.));
#9715=DIRECTION('',(-1.,0.,0.));
#9716=DIRECTION('',(0.,0.707106781186547,-0.707106781186547));
#9717=DIRECTION('',(0.,-0.707106781186547,-0.707106781186547));
#9718=DIRECTION('',(0.,-0.707106781186547,-0.707106781186547));
#9719=DIRECTION('',(0.,0.707106781186547,-0.707106781186547));
#9720=DIRECTION('',(0.,0.707106781186547,-0.707106781186547));
#9721=DIRECTION('',(0.,-0.707106781186547,-0.707106781186547));
#9722=DIRECTION('',(0.,0.,-1.));
#9723=DIRECTION('',(-1.,0.,0.));
#9724=DIRECTION('',(0.,0.,-1.));
#9725=DIRECTION('',(-1.,0.,0.));
#9726=DIRECTION('',(0.,-0.707106781186547,-0.707106781186547));
#9727=DIRECTION('',(0.,0.707106781186547,-0.707106781186547));
#9728=DIRECTION('',(0.,-0.707106781186547,-0.707106781186547));
#9729=DIRECTION('',(0.,0.707106781186547,-0.707106781186547));
#9730=DIRECTION('',(0.,0.707106781186547,-0.707106781186547));
#9731=DIRECTION('',(0.,-0.707106781186547,-0.707106781186547));
#9732=DIRECTION('',(0.,0.,-1.));
#9733=DIRECTION('',(-1.,0.,0.));
#9734=DIRECTION('',(0.,0.,-1.));
#9735=DIRECTION('',(-1.,0.,0.));
#9736=DIRECTION('',(0.,0.707106781186547,-0.707106781186547));
#9737=DIRECTION('',(0.,-0.707106781186547,-0.707106781186547));
#9738=DIRECTION('',(0.,-0.707106781186547,-0.707106781186547));
#9739=DIRECTION('',(0.,0.707106781186547,-0.707106781186547));
#9740=DIRECTION('',(0.,0.707106781186547,-0.707106781186547));
#9741=DIRECTION('',(0.,-0.707106781186547,-0.707106781186547));
#9742=DIRECTION('',(0.,0.,-1.));
#9743=DIRECTION('',(-1.,0.,0.));
#9744=DIRECTION('',(0.,0.,-1.));
#9745=DIRECTION('',(-1.,0.,0.));
#9746=DIRECTION('',(0.,-0.707106781186547,-0.707106781186547));
#9747=DIRECTION('',(0.,0.707106781186547,-0.707106781186547));
#9748=DIRECTION('',(0.,-0.707106781186547,-0.707106781186547));
#9749=DIRECTION('',(0.,0.707106781186547,-0.707106781186547));
#9750=DIRECTION('',(0.,0.707106781186547,-0.707106781186547));
#9751=DIRECTION('',(0.,-0.707106781186547,-0.707106781186547));
#9752=DIRECTION('',(1.,0.,0.));
#9753=DIRECTION('',(0.,0.,-1.));
#9754=DIRECTION('',(0.,-1.,0.));
#9755=DIRECTION('',(0.,-0.707106781186557,-0.707106781186538));
#9756=DIRECTION('',(0.,0.,-1.));
#9757=DIRECTION('',(0.,-0.707106781186548,-0.707106781186547));
#9758=DIRECTION('',(0.,-1.,0.));
#9759=DIRECTION('',(0.,-0.707106781186548,0.707106781186547));
#9760=DIRECTION('',(0.,0.,1.));
#9761=DIRECTION('',(0.,-0.707106781186557,0.707106781186538));
#9762=DIRECTION('',(0.,-1.,0.));
#9763=DIRECTION('',(0.,-0.70710678118654,-0.707106781186555));
#9764=DIRECTION('',(0.,0.,-1.));
#9765=DIRECTION('',(0.,0.707106781186539,-0.707106781186556));
#9766=DIRECTION('',(0.,1.,0.));
#9767=DIRECTION('',(0.,0.707106781186556,0.707106781186539));
#9768=DIRECTION('',(0.,0.,1.));
#9769=DIRECTION('',(0.,0.707106781186548,0.707106781186547));
#9770=DIRECTION('',(0.,1.,0.));
#9771=DIRECTION('',(0.,0.707106781186548,-0.707106781186547));
#9772=DIRECTION('',(0.,0.,-1.));
#9773=DIRECTION('',(0.,0.707106781186556,-0.707106781186539));
#9774=DIRECTION('',(0.,1.,0.));
#9775=DIRECTION('',(0.,0.,-1.));
#9776=DIRECTION('',(0.,-1.,0.));
#9777=DIRECTION('',(0.,0.,1.));
#9778=DIRECTION('',(1.,0.,0.));
#9779=DIRECTION('',(0.,0.,-1.));
#9780=DIRECTION('',(0.,0.,-1.));
#9781=DIRECTION('',(0.,-1.,0.));
#9782=DIRECTION('',(0.,0.,1.));
#9783=DIRECTION('',(0.,-1.,0.));
#9784=DIRECTION('',(0.,0.,-1.));
#9785=DIRECTION('',(1.,0.,0.));
#9786=DIRECTION('',(0.,0.,-1.));
#9787=DIRECTION('',(0.,0.,1.));
#9788=DIRECTION('',(0.,-1.,0.));
#9789=DIRECTION('',(0.,0.,-1.));
#9790=DIRECTION('',(0.,1.,0.));
#9791=DIRECTION('',(0.,0.,1.));
#9792=DIRECTION('',(0.,0.,-1.));
#9793=DIRECTION('',(-1.,0.,0.));
#9794=DIRECTION('',(0.,0.,1.));
#9795=DIRECTION('',(0.,1.,0.));
#9796=DIRECTION('',(0.,0.,1.));
#9797=DIRECTION('',(1.,0.,0.));
#9798=DIRECTION('',(0.,1.,0.));
#9799=DIRECTION('',(0.,0.,1.));
#9800=DIRECTION('',(0.,1.,0.));
#9801=DIRECTION('',(0.,0.,1.));
#9802=DIRECTION('',(0.,0.,1.));
#9803=DIRECTION('',(-1.,0.,0.));
#9804=DIRECTION('',(0.,0.,-1.));
#9805=DIRECTION('',(0.,1.,0.));
#9806=DIRECTION('',(0.,0.,1.));
#9807=DIRECTION('',(-1.,0.,0.));
#9808=DIRECTION('',(0.,1.,0.));
#9809=DIRECTION('',(0.,0.,1.));
#9810=DIRECTION('',(0.707106781186545,0.70710678118655,0.));
#9811=DIRECTION('',(0.,0.,1.));
#9812=DIRECTION('',(-0.70710678118655,0.707106781186545,0.));
#9813=DIRECTION('',(0.707106781186547,-0.707106781186547,0.));
#9814=DIRECTION('',(0.707106781186545,0.70710678118655,0.));
#9815=DIRECTION('',(0.,0.,1.));
#9816=DIRECTION('',(0.70710678118655,-0.707106781186545,0.));
#9817=DIRECTION('',(0.70710678118655,-0.707106781186545,0.));
#9818=DIRECTION('',(-0.707106781186547,0.707106781186547,0.));
#9819=DIRECTION('',(0.,0.,-1.));
#9820=DIRECTION('',(-0.707106781186548,-0.707106781186548,0.));
#9821=DIRECTION('',(0.707106781186547,0.707106781186547,0.));
#9822=DIRECTION('',(-0.707106781186547,0.707106781186547,0.));
#9823=DIRECTION('',(0.,0.,-1.));
#9824=DIRECTION('',(0.707106781186548,0.707106781186548,0.));
#9825=DIRECTION('',(0.707106781186547,0.707106781186547,0.));
#9826=DIRECTION('',(0.,-1.,0.));
#9827=DIRECTION('',(0.,0.,-1.));
#9828=DIRECTION('',(0.,1.,0.));
#9829=DIRECTION('',(0.,0.,1.));
#9830=DIRECTION('',(0.,-1.,0.));
#9831=DIRECTION('',(0.,1.,0.));
#9832=DIRECTION('',(0.,0.,1.));
#9833=DIRECTION('',(0.,-1.,0.));
#9834=DIRECTION('',(0.,1.,0.));
#9835=DIRECTION('',(0.,0.,1.));
#9836=DIRECTION('',(0.,-1.,0.));
#9837=DIRECTION('',(0.,0.,-1.));
#9838=DIRECTION('',(0.,-1.,0.));
#9839=DIRECTION('',(0.,0.,-1.));
#9840=DIRECTION('',(0.,1.,0.));
#9841=DIRECTION('',(0.,0.,1.));
#9842=DIRECTION('',(0.,-1.,0.));
#9843=DIRECTION('',(0.,-1.,0.));
#9844=DIRECTION('',(0.,0.,-1.));
#9845=DIRECTION('',(0.,-1.,0.));
#9846=DIRECTION('',(0.,-1.,0.));
#9847=DIRECTION('',(0.,0.,-1.));
#9848=DIRECTION('',(0.,1.,0.));
#9849=DIRECTION('',(0.,0.,1.));
#9850=DIRECTION('',(0.,1.,0.));
#9851=DIRECTION('',(0.,0.,1.));
#9852=DIRECTION('',(0.,-1.,0.));
#9853=DIRECTION('',(0.,1.,0.));
#9854=DIRECTION('',(0.,0.,1.));
#9855=DIRECTION('',(0.,-1.,0.));
#9856=DIRECTION('',(0.,-1.,0.));
#9857=DIRECTION('',(0.,0.,-1.));
#9858=DIRECTION('',(0.,-1.,0.));
#9859=DIRECTION('',(0.,0.,-1.));
#9860=DIRECTION('',(0.,-1.,0.));
#9861=DIRECTION('',(0.,-1.,0.));
#9862=DIRECTION('',(0.,0.,-1.));
#9863=DIRECTION('',(0.,-1.,0.));
#9864=DIRECTION('',(0.,1.,0.));
#9865=DIRECTION('',(0.,0.,1.));
#9866=DIRECTION('',(0.,0.,1.));
#9867=DIRECTION('',(1.,0.,0.));
#9868=DIRECTION('',(0.,0.,-1.));
#9869=DIRECTION('',(-1.,0.,0.));
#9870=DIRECTION('',(0.,0.,-1.));
#9871=DIRECTION('',(-1.,0.,0.));
#9872=DIRECTION('',(-1.,0.,0.));
#9873=DIRECTION('',(-1.,0.,0.));
#9874=DIRECTION('',(0.,0.,1.));
#9875=DIRECTION('',(1.,0.,0.));
#9876=DIRECTION('',(-1.,0.,0.));
#9877=DIRECTION('',(1.,0.,0.));
#9878=DIRECTION('',(0.,-1.,0.));
#9879=DIRECTION('',(0.,0.,-1.));
#9880=DIRECTION('',(0.,1.,0.));
#9881=DIRECTION('',(0.,0.,1.));
#9882=DIRECTION('',(0.,-1.,0.));
#9883=DIRECTION('',(0.,1.,0.));
#9884=DIRECTION('',(0.,0.,1.));
#9885=DIRECTION('',(0.,1.,0.));
#9886=DIRECTION('',(0.,0.,1.));
#9887=DIRECTION('',(0.,-1.,0.));
#9888=DIRECTION('',(0.,-1.,0.));
#9889=DIRECTION('',(0.,0.,-1.));
#9890=DIRECTION('',(0.,-1.,0.));
#9891=DIRECTION('',(0.,0.,-1.));
#9892=DIRECTION('',(0.,-1.,0.));
#9893=DIRECTION('',(0.,-1.,0.));
#9894=DIRECTION('',(0.,0.,-1.));
#9895=DIRECTION('',(0.,-1.,0.));
#9896=DIRECTION('',(0.,1.,0.));
#9897=DIRECTION('',(0.,0.,1.));
#9898=DIRECTION('',(0.,0.,-1.));
#9899=DIRECTION('',(-1.,0.,0.));
#9900=DIRECTION('',(0.,0.,-1.));
#9901=DIRECTION('',(-1.,0.,0.));
#9902=DIRECTION('',(0.,0.,-1.));
#9903=DIRECTION('',(-1.,0.,0.));
#9904=DIRECTION('',(-1.,0.,0.));
#9905=DIRECTION('',(1.,0.,0.));
#9906=DIRECTION('',(0.,-1.,0.));
#9907=DIRECTION('',(0.,0.,-1.));
#9908=DIRECTION('',(-1.,0.,0.));
#9909=DIRECTION('',(-1.,0.,0.));
#9910=DIRECTION('',(0.,-1.,0.));
#9911=DIRECTION('',(-1.,0.,0.));
#9912=DIRECTION('',(0.,-1.,0.));
#9913=DIRECTION('',(0.,0.,-1.));
#9914=DIRECTION('',(0.,1.,0.));
#9915=DIRECTION('',(0.,0.,1.));
#9916=DIRECTION('',(0.,1.,0.));
#9917=DIRECTION('',(0.,0.,1.));
#9918=DIRECTION('',(0.,1.,0.));
#9919=DIRECTION('',(0.,0.,1.));
#9920=DIRECTION('',(0.,-1.,0.));
#9921=DIRECTION('',(0.,-1.,0.));
#9922=DIRECTION('',(0.,0.,-1.));
#9923=DIRECTION('',(0.,-1.,0.));
#9924=DIRECTION('',(0.,0.,-1.));
#9925=DIRECTION('',(0.,1.,0.));
#9926=DIRECTION('',(0.,0.,1.));
#9927=DIRECTION('',(0.,-1.,0.));
#9928=DIRECTION('',(0.,0.,-1.));
#9929=DIRECTION('',(0.,-1.,0.));
#9930=DIRECTION('',(0.,1.,0.));
#9931=DIRECTION('',(0.,0.,1.));
#9932=DIRECTION('',(0.,1.,0.));
#9933=DIRECTION('',(0.,0.,1.));
#9934=DIRECTION('',(0.,1.,0.));
#9935=DIRECTION('',(0.,0.,1.));
#9936=DIRECTION('',(0.,1.,0.));
#9937=DIRECTION('',(0.,0.,1.));
#9938=DIRECTION('',(0.,0.,1.));
#9939=DIRECTION('',(0.,1.,0.));
#9940=DIRECTION('',(0.,0.,1.));
#9941=DIRECTION('',(-1.,0.,0.));
#9942=DIRECTION('',(0.,1.,0.));
#9943=DIRECTION('',(0.,0.,1.));
#9944=DIRECTION('',(0.,0.,-1.));
#9945=DIRECTION('',(0.,1.,0.));
#9946=DIRECTION('',(0.,0.,1.));
#9947=DIRECTION('',(1.,0.,0.));
#9948=DIRECTION('',(0.,0.707106781186549,0.707106781186546));
#9949=DIRECTION('',(-1.,0.,0.));
#9950=DIRECTION('',(0.,0.707106781186546,-0.707106781186549));
#9951=DIRECTION('',(-4.90653893338678E-15,-0.707106781186546,0.707106781186549));
#9952=DIRECTION('',(0.,-1.,0.));
#9953=DIRECTION('',(0.,0.,-1.));
#9954=DIRECTION('',(0.,-1.,0.));
#9955=DIRECTION('',(0.,0.,-1.));
#9956=DIRECTION('',(0.,-1.,0.));
#9957=DIRECTION('',(0.,0.,-1.));
#9958=DIRECTION('',(0.,-0.707106781186546,-0.707106781186549));
#9959=DIRECTION('',(0.,-1.,0.));
#9960=DIRECTION('',(0.,0.,-1.));
#9961=DIRECTION('',(0.,0.707106781186546,0.707106781186549));
#9962=DIRECTION('',(0.,0.707106781186547,-0.707106781186547));
#9963=DIRECTION('',(1.,0.,0.));
#9964=DIRECTION('',(0.,0.,-1.));
#9965=DIRECTION('',(-1.,0.,0.));
#9966=DIRECTION('',(3.46944695195361E-15,0.,1.));
#9967=DIRECTION('',(1.,0.,-3.46944695195361E-15));
#9968=DIRECTION('',(0.,0.,-1.));
#9969=DIRECTION('',(-1.,0.,0.));
#9970=DIRECTION('',(0.,1.,0.));
#9971=DIRECTION('',(0.,0.,1.));
#9972=DIRECTION('',(-1.,0.,6.93889390390722E-15));
#9973=DIRECTION('',(6.93889390390722E-15,0.,1.));
#9974=DIRECTION('',(0.,1.,0.));
#9975=DIRECTION('',(0.,0.,1.));
#9976=DIRECTION('',(-1.,0.,0.));
#9977=DIRECTION('',(0.,0.,1.));
#9978=DIRECTION('',(-1.,0.,0.));
#9979=DIRECTION('',(0.,0.,1.));
#9980=DIRECTION('',(-1.,0.,0.));
#9981=DIRECTION('',(0.,0.,1.));
#9982=DIRECTION('',(1.,0.,0.));
#9983=DIRECTION('',(0.,0.,-1.));
#9984=DIRECTION('',(-1.,0.,0.));
#9985=DIRECTION('',(0.,0.,1.));
#9986=DIRECTION('',(0.,1.,0.));
#9987=DIRECTION('',(0.,0.,1.));
#9988=DIRECTION('',(0.,0.,1.));
#9989=DIRECTION('',(1.,0.,0.));
#9990=DIRECTION('',(0.,1.,0.));
#9991=DIRECTION('',(0.,0.,1.));
#9992=DIRECTION('',(0.,0.,-1.));
#9993=DIRECTION('',(-1.,0.,0.));
#9994=DIRECTION('',(0.,0.,1.));
#9995=DIRECTION('',(1.,0.,0.));
#9996=DIRECTION('',(0.,1.,0.));
#9997=DIRECTION('',(0.,0.,1.));
#9998=DIRECTION('',(-1.,0.,0.));
#9999=DIRECTION('',(-1.,0.,0.));
#10000=DIRECTION('',(0.,0.,1.));
#10001=DIRECTION('',(-1.,0.,0.));
#10002=DIRECTION('',(0.,0.,-1.));
#10003=DIRECTION('',(-1.,0.,0.));
#10004=DIRECTION('',(-1.,0.,0.));
#10005=DIRECTION('',(0.,0.,-1.));
#10006=DIRECTION('',(-1.,0.,0.));
#10007=DIRECTION('',(-1.,0.,0.));
#10008=DIRECTION('',(-1.,0.,0.));
#10009=DIRECTION('',(-1.,0.,0.));
#10010=DIRECTION('',(0.,0.,1.));
#10011=DIRECTION('',(-1.,0.,0.));
#10012=DIRECTION('',(0.,-1.,0.));
#10013=DIRECTION('',(0.,0.,-1.));
#10014=DIRECTION('',(0.,1.,0.));
#10015=DIRECTION('',(0.,0.,1.));
#10016=DIRECTION('',(-1.,0.,0.));
#10017=DIRECTION('',(0.,-1.,0.));
#10018=DIRECTION('',(0.,0.,-1.));
#10019=DIRECTION('',(-1.,0.,0.));
#10020=DIRECTION('',(-1.,0.,0.));
#10021=DIRECTION('',(0.,0.,1.));
#10022=DIRECTION('',(0.,-1.,0.));
#10023=DIRECTION('',(0.,0.,-1.));
#10024=DIRECTION('',(-1.,0.,0.));
#10025=DIRECTION('',(-1.,0.,0.));
#10026=DIRECTION('',(0.,1.,0.));
#10027=DIRECTION('',(0.,0.,1.));
#10028=DIRECTION('',(-1.,0.,0.));
#10029=DIRECTION('',(-1.,0.,0.));
#10030=DIRECTION('',(0.,0.,1.));
#10031=DIRECTION('',(1.,0.,0.));
#10032=DIRECTION('',(-1.,0.,0.));
#10033=DIRECTION('',(-1.,0.,0.));
#10034=DIRECTION('',(0.,0.,1.));
#10035=DIRECTION('',(-1.,0.,0.));
#10036=DIRECTION('',(-1.,0.,0.));
#10037=DIRECTION('',(0.,0.,1.));
#10038=DIRECTION('',(-1.,0.,0.));
#10039=DIRECTION('',(-1.,0.,0.));
#10040=DIRECTION('',(0.,0.,1.));
#10041=DIRECTION('',(1.,0.,0.));
#10042=DIRECTION('',(0.,1.,0.));
#10043=DIRECTION('',(0.,0.,1.));
#10044=DIRECTION('',(0.,-1.,0.));
#10045=DIRECTION('',(0.,0.,-1.));
#10046=DIRECTION('',(-1.,0.,0.));
#10047=DIRECTION('',(0.,0.,1.));
#10048=DIRECTION('',(0.,0.,-1.));
#10049=DIRECTION('',(-1.,0.,0.));
#10050=DIRECTION('',(-1.,0.,0.));
#10051=DIRECTION('',(0.,0.707106781186538,-0.707106781186557));
#10052=DIRECTION('',(0.,0.707106781186557,0.707106781186538));
#10053=DIRECTION('',(-1.,0.,0.));
#10054=DIRECTION('',(0.,1.,0.));
#10055=DIRECTION('',(0.,0.,1.));
#10056=DIRECTION('',(-1.,0.,0.));
#10057=DIRECTION('',(0.,0.707106781186547,-0.707106781186548));
#10058=DIRECTION('',(0.,0.707106781186548,0.707106781186547));
#10059=DIRECTION('',(-1.,0.,0.));
#10060=DIRECTION('',(0.,0.,-1.));
#10061=DIRECTION('',(-1.,0.,0.));
#10062=DIRECTION('',(-1.,0.,0.));
#10063=DIRECTION('',(0.,-0.707106781186547,-0.707106781186548));
#10064=DIRECTION('',(0.,0.707106781186548,-0.707106781186547));
#10065=DIRECTION('',(-1.,0.,0.));
#10066=DIRECTION('',(0.,-1.,0.));
#10067=DIRECTION('',(0.,0.,-1.));
#10068=DIRECTION('',(-1.,0.,0.));
#10069=DIRECTION('',(0.,-0.707106781186538,-0.707106781186557));
#10070=DIRECTION('',(0.,0.707106781186557,-0.707106781186538));
#10071=DIRECTION('',(-1.,0.,0.));
#10072=DIRECTION('',(0.,0.,-1.));
#10073=DIRECTION('',(-1.,0.,0.));
#10074=DIRECTION('',(-1.,0.,0.));
#10075=DIRECTION('',(0.,0.707106781186555,-0.70710678118654));
#10076=DIRECTION('',(0.,0.70710678118654,0.707106781186555));
#10077=DIRECTION('',(-1.,0.,0.));
#10078=DIRECTION('',(0.,1.,0.));
#10079=DIRECTION('',(0.,0.,1.));
#10080=DIRECTION('',(-1.,0.,0.));
#10081=DIRECTION('',(0.,0.707106781186556,0.707106781186539));
#10082=DIRECTION('',(0.,-0.707106781186539,0.707106781186556));
#10083=DIRECTION('',(-1.,0.,0.));
#10084=DIRECTION('',(0.,0.,1.));
#10085=DIRECTION('',(1.,0.,0.));
#10086=DIRECTION('',(-1.,0.,0.));
#10087=DIRECTION('',(0.,-0.707106781186539,0.707106781186556));
#10088=DIRECTION('',(0.,-0.707106781186556,-0.707106781186539));
#10089=DIRECTION('',(-1.,0.,0.));
#10090=DIRECTION('',(0.,-1.,0.));
#10091=DIRECTION('',(0.,0.,-1.));
#10092=DIRECTION('',(-1.,0.,0.));
#10093=DIRECTION('',(0.,-0.707106781186547,0.707106781186548));
#10094=DIRECTION('',(0.,-0.707106781186548,-0.707106781186547));
#10095=DIRECTION('',(-1.,0.,0.));
#10096=DIRECTION('',(0.,0.,1.));
#10097=DIRECTION('',(1.,0.,0.));
#10098=DIRECTION('',(-1.,0.,0.));
#10099=DIRECTION('',(0.,0.707106781186547,0.707106781186548));
#10100=DIRECTION('',(0.,-0.707106781186548,0.707106781186547));
#10101=DIRECTION('',(-1.,0.,0.));
#10102=DIRECTION('',(0.,1.,0.));
#10103=DIRECTION('',(0.,0.,1.));
#10104=DIRECTION('',(-1.,0.,0.));
#10105=DIRECTION('',(0.,0.707106781186539,0.707106781186556));
#10106=DIRECTION('',(0.,-0.707106781186556,0.707106781186539));
#10107=DIRECTION('',(-1.,0.,0.));
#10108=DIRECTION('',(0.,0.,1.));
#10109=DIRECTION('',(1.,0.,0.));
#10110=DIRECTION('',(0.,0.,-1.));
#10111=DIRECTION('',(-1.,0.,0.));
#10112=DIRECTION('',(0.,0.,-1.));
#10113=DIRECTION('',(-1.,0.,0.));
#10114=DIRECTION('',(0.,0.,-1.));
#10115=DIRECTION('',(-1.,0.,0.));
#10116=DIRECTION('',(0.,0.,-1.));
#10117=DIRECTION('',(-1.,0.,0.));
#10118=DIRECTION('',(0.,0.,-1.));
#10119=DIRECTION('',(-1.,0.,0.));
#10120=DIRECTION('',(0.,0.,-1.));
#10121=DIRECTION('',(-1.,0.,0.));
#10122=DIRECTION('',(0.,0.,-1.));
#10123=DIRECTION('',(-1.,0.,0.));
#10124=DIRECTION('',(0.,0.,1.));
#10125=DIRECTION('',(1.,0.,0.));
#10126=DIRECTION('',(0.,0.,-1.));
#10127=DIRECTION('',(-1.,0.,0.));
#10128=DIRECTION('',(0.,0.,1.));
#10129=DIRECTION('',(1.,0.,0.));
#10130=DIRECTION('',(0.,0.,-1.));
#10131=DIRECTION('',(-1.,0.,0.));
#10132=DIRECTION('',(0.,0.,-1.));
#10133=DIRECTION('',(-1.,0.,0.));
#10134=DIRECTION('',(0.,0.,1.));
#10135=DIRECTION('',(1.,0.,0.));
#10136=DIRECTION('',(0.,0.,-1.));
#10137=DIRECTION('',(-1.,0.,0.));
#10138=DIRECTION('',(0.,0.,1.));
#10139=DIRECTION('',(1.,0.,0.));
#10140=DIRECTION('',(0.,0.,-1.));
#10141=DIRECTION('',(-1.,0.,0.));
#10142=DIRECTION('',(0.,0.,-1.));
#10143=DIRECTION('',(-1.,0.,0.));
#10144=DIRECTION('',(0.,0.,-1.));
#10145=DIRECTION('',(-1.,0.,0.));
#10146=DIRECTION('',(0.,0.,-1.));
#10147=DIRECTION('',(-1.,0.,0.));
#10148=DIRECTION('',(0.,0.,-1.));
#10149=DIRECTION('',(-1.,0.,0.));
#10150=DIRECTION('',(0.,-1.,0.));
#10151=DIRECTION('',(0.,0.,-1.));
#10152=DIRECTION('',(0.,1.,0.));
#10153=DIRECTION('',(0.,0.,1.));
#10154=DIRECTION('',(0.,1.,0.));
#10155=DIRECTION('',(0.,0.,1.));
#10156=DIRECTION('',(0.,1.,0.));
#10157=DIRECTION('',(0.,0.,1.));
#10158=DIRECTION('',(0.,1.,0.));
#10159=DIRECTION('',(0.,0.,1.));
#10160=DIRECTION('',(0.,1.,0.));
#10161=DIRECTION('',(0.,0.,1.));
#10162=DIRECTION('',(0.,1.,0.));
#10163=DIRECTION('',(0.,0.,1.));
#10164=DIRECTION('',(0.,-1.,0.));
#10165=DIRECTION('',(0.,0.,-1.));
#10166=DIRECTION('',(0.,-1.,0.));
#10167=DIRECTION('',(0.,0.,-1.));
#10168=DIRECTION('',(0.,1.,0.));
#10169=DIRECTION('',(0.,0.,1.));
#10170=DIRECTION('',(0.,1.,0.));
#10171=DIRECTION('',(0.,0.,1.));
#10172=DIRECTION('',(0.,1.,0.));
#10173=DIRECTION('',(0.,0.,1.));
#10174=DIRECTION('',(0.,1.,0.));
#10175=DIRECTION('',(0.,0.,1.));
#10176=DIRECTION('',(0.,1.,0.));
#10177=DIRECTION('',(0.,0.,1.));
#10178=DIRECTION('',(0.,1.,0.));
#10179=DIRECTION('',(0.,0.,1.));
#10180=DIRECTION('',(0.,-1.,0.));
#10181=DIRECTION('',(0.,0.,-1.));
#10182=DIRECTION('',(0.,1.,0.));
#10183=DIRECTION('',(0.,0.,1.));
#10184=DIRECTION('',(0.,1.,0.));
#10185=DIRECTION('',(0.,0.,1.));
#10186=DIRECTION('',(0.,1.,0.));
#10187=DIRECTION('',(0.,0.,1.));
#10188=DIRECTION('',(0.,1.,0.));
#10189=DIRECTION('',(0.,0.,1.));
#10190=DIRECTION('',(0.,-1.,0.));
#10191=DIRECTION('',(0.,0.,-1.));
#10192=DIRECTION('',(0.,1.,0.));
#10193=DIRECTION('',(0.,0.,1.));
#10194=DIRECTION('',(0.,-1.,0.));
#10195=DIRECTION('',(0.,0.,-1.));
#10196=DIRECTION('',(0.,1.,0.));
#10197=DIRECTION('',(0.,0.,1.));
#10198=DIRECTION('',(0.,1.,0.));
#10199=DIRECTION('',(0.,0.,1.));
#10200=DIRECTION('',(0.,1.,0.));
#10201=DIRECTION('',(0.,0.,1.));
#10202=DIRECTION('',(0.,1.,0.));
#10203=DIRECTION('',(0.,0.,1.));
#10204=DIRECTION('',(0.,1.,0.));
#10205=DIRECTION('',(0.,0.,1.));
#10206=DIRECTION('',(0.,1.,0.));
#10207=DIRECTION('',(0.,0.,1.));
#10208=DIRECTION('',(0.,1.,0.));
#10209=DIRECTION('',(0.,0.,1.));
#10210=DIRECTION('',(0.,1.,0.));
#10211=DIRECTION('',(0.,0.,1.));
#10212=DIRECTION('',(0.,-1.,0.));
#10213=DIRECTION('',(0.,0.,-1.));
#10214=DIRECTION('',(0.,1.,0.));
#10215=DIRECTION('',(0.,0.,1.));
#10216=DIRECTION('',(0.,-1.,0.));
#10217=DIRECTION('',(0.,0.,-1.));
#10218=DIRECTION('',(0.,1.,0.));
#10219=DIRECTION('',(0.,0.,1.));
#10220=DIRECTION('',(0.,1.,0.));
#10221=DIRECTION('',(0.,0.,1.));
#10222=DIRECTION('',(0.,1.,0.));
#10223=DIRECTION('',(0.,0.,1.));
#10224=DIRECTION('',(0.,1.,0.));
#10225=DIRECTION('',(0.,0.,1.));
#10226=DIRECTION('',(1.,0.,0.));
#10227=DIRECTION('',(0.,0.,-1.));
#10228=DIRECTION('',(1.,0.,0.));
#10229=DIRECTION('',(0.,0.,-1.));
#10230=DIRECTION('',(1.,0.,0.));
#10231=DIRECTION('',(0.,0.,-1.));
#10232=DIRECTION('',(1.,0.,0.));
#10233=DIRECTION('',(0.,0.,-1.));
#10234=DIRECTION('',(1.,0.,0.));
#10235=DIRECTION('',(0.,0.,-1.));
#10236=DIRECTION('',(1.,0.,0.));
#10237=DIRECTION('',(0.,0.,-1.));
#10238=DIRECTION('',(-1.,0.,0.));
#10239=DIRECTION('',(0.,0.,1.));
#10240=DIRECTION('',(0.,1.,0.));
#10241=DIRECTION('',(0.,0.,1.));
#10242=DIRECTION('',(0.,1.,0.));
#10243=DIRECTION('',(0.,0.,1.));
#10244=DIRECTION('',(0.,-1.,0.));
#10245=DIRECTION('',(0.,0.,-1.));
#10246=DIRECTION('',(0.,-1.,0.));
#10247=DIRECTION('',(0.,0.,-1.));
#10248=DIRECTION('',(-1.,0.,0.));
#10249=DIRECTION('',(0.,0.,1.));
#10250=DIRECTION('',(-1.,0.,0.));
#10251=DIRECTION('',(1.,0.,0.));
#10252=DIRECTION('',(0.,0.,-1.));
#10253=DIRECTION('',(-1.,0.,0.));
#10254=DIRECTION('',(0.,0.,-1.));
#10255=DIRECTION('',(-1.,0.,0.));
#10256=DIRECTION('',(-1.,0.,0.));
#10257=DIRECTION('',(0.,-1.,0.));
#10258=DIRECTION('',(-1.,0.,0.));
#10259=DIRECTION('',(0.,0.,1.));
#10260=DIRECTION('',(-1.,0.,0.));
#10261=DIRECTION('',(1.,0.,0.));
#10262=DIRECTION('',(0.,0.,-1.));
#10263=DIRECTION('',(0.,1.,0.));
#10264=DIRECTION('',(0.,0.,1.));
#10265=DIRECTION('',(-1.,0.,0.));
#10266=DIRECTION('',(0.,0.,-1.));
#10267=DIRECTION('',(-1.,0.,0.));
#10268=DIRECTION('',(0.,0.,1.));
#10269=DIRECTION('',(-1.,0.,0.));
#10270=DIRECTION('',(1.,0.,0.));
#10271=DIRECTION('',(0.,0.,-1.));
#10272=DIRECTION('',(0.,0.,1.));
#10273=DIRECTION('',(1.,0.,0.));
#10274=DIRECTION('',(-1.,0.,0.));
#10275=DIRECTION('',(0.,1.,0.));
#10276=DIRECTION('',(-1.,0.,0.));
#10277=DIRECTION('',(0.,0.,1.));
#10278=DIRECTION('',(-1.,0.,0.));
#10279=DIRECTION('',(1.,0.,0.));
#10280=DIRECTION('',(0.,0.,-1.));
#10281=DIRECTION('',(0.,-1.,0.));
#10282=DIRECTION('',(0.,0.,-1.));
#10283=DIRECTION('',(0.,0.,1.));
#10284=DIRECTION('',(1.,0.,0.));
#10285=DIRECTION('',(0.,0.,-1.));
#10286=DIRECTION('',(0.99811049551796,-2.74899525546518E-14,0.0614445989236853));
#10287=DIRECTION('',(0.0614445989236853,0.,-0.99811049551796));
#10288=DIRECTION('',(0.,1.,0.));
#10289=DIRECTION('',(0.,0.,1.));
#10290=DIRECTION('',(0.17398293700533,-1.82289162371272E-15,0.984748667240022));
#10291=DIRECTION('',(0.984748667240022,0.,-0.17398293700533));
#10292=DIRECTION('',(0.,1.,0.));
#10293=DIRECTION('',(0.,0.,1.));
#10294=DIRECTION('',(-0.173982937005352,-2.39157328339738E-14,0.984748667240018));
#10295=DIRECTION('',(0.984748667240018,0.,0.173982937005352));
#10296=DIRECTION('',(0.,1.,0.));
#10297=DIRECTION('',(0.,0.,1.));
#10298=DIRECTION('',(-0.998110495517962,-2.55814531739609E-15,0.0614445989236552));
#10299=DIRECTION('',(0.0614445989236552,0.,0.998110495517962));
#10300=DIRECTION('',(0.99811049551796,2.77031313311016E-14,-0.061444598923685));
#10301=DIRECTION('',(-0.061444598923685,0.,-0.99811049551796));
#10302=DIRECTION('',(0.,-1.,0.));
#10303=DIRECTION('',(0.,0.,-1.));
#10304=DIRECTION('',(0.173982937005316,-1.59364163828447E-15,-0.984748667240024));
#10305=DIRECTION('',(-0.984748667240024,0.,-0.173982937005316));
#10306=DIRECTION('',(0.,-1.,0.));
#10307=DIRECTION('',(0.,0.,-1.));
#10308=DIRECTION('',(-0.173982937005352,2.39157328339738E-14,-0.984748667240018));
#10309=DIRECTION('',(-0.984748667240018,0.,0.173982937005352));
#10310=DIRECTION('',(0.,-1.,0.));
#10311=DIRECTION('',(0.,0.,-1.));
#10312=DIRECTION('',(-0.998110495517962,2.55814531739609E-15,-0.061444598923655));
#10313=DIRECTION('',(-0.061444598923655,0.,0.998110495517962));
#10314=DIRECTION('',(0.,-1.,0.));
#10315=DIRECTION('',(0.,0.,-1.));
#10316=DIRECTION('',(0.,-1.,0.));
#10317=DIRECTION('',(0.,0.,-1.));
#10318=DIRECTION('',(0.,-1.,0.));
#10319=DIRECTION('',(0.,0.,-1.));
#10320=DIRECTION('',(0.,-1.,0.));
#10321=DIRECTION('',(0.,0.,-1.));
#10322=DIRECTION('',(0.,1.,0.));
#10323=DIRECTION('',(0.,0.,1.));
#10324=DIRECTION('',(0.,1.,0.));
#10325=DIRECTION('',(0.,0.,1.));
#10326=DIRECTION('',(0.,-1.,0.));
#10327=DIRECTION('',(0.,0.,-1.));
#10328=DIRECTION('',(0.,-1.,0.));
#10329=DIRECTION('',(0.,0.,-1.));
#10330=DIRECTION('',(0.,-1.,0.));
#10331=DIRECTION('',(0.,0.,-1.));
#10332=DIRECTION('',(0.,-1.,0.));
#10333=DIRECTION('',(0.,0.,-1.));
#10334=DIRECTION('',(0.,1.,0.));
#10335=DIRECTION('',(0.,0.,1.));
#10336=DIRECTION('',(0.,1.,0.));
#10337=DIRECTION('',(0.,0.,1.));
#10338=DIRECTION('',(0.,0.,-1.));
#10339=DIRECTION('',(1.,0.,0.));
#10340=DIRECTION('',(0.,1.,6.18508648816243E-18));
#10341=DIRECTION('',(0.,-6.18508648816243E-18,1.));
#10342=DIRECTION('',(0.,1.,6.18508648816243E-18));
#10343=DIRECTION('',(0.,-6.18508648816243E-18,1.));
#10344=DIRECTION('',(0.,1.,6.18508648816243E-18));
#10345=DIRECTION('',(0.,-6.18508648816243E-18,1.));
#10346=DIRECTION('',(0.,1.,6.18508648816243E-18));
#10347=DIRECTION('',(0.,-6.18508648816243E-18,1.));
#10348=DIRECTION('',(0.,1.,6.18508648816243E-18));
#10349=DIRECTION('',(0.,-6.18508648816243E-18,1.));
#10350=DIRECTION('',(0.,1.,6.18508648816243E-18));
#10351=DIRECTION('',(0.,-6.18508648816243E-18,1.));
#10352=DIRECTION('',(0.,-1.,-6.18508648816243E-18));
#10353=DIRECTION('',(0.,6.18508648816243E-18,-1.));
#10354=DIRECTION('',(1.22464679914735E-16,-1.,0.));
#10355=DIRECTION('',(-1.,-1.22464679914735E-16,0.));
#10356=DIRECTION('',(0.706207727245336,0.,-0.708004693472421));
#10357=DIRECTION('',(1.22464679914735E-16,-1.,0.));
#10358=DIRECTION('',(-1.,-1.22464679914735E-16,0.));
#10359=DIRECTION('',(-0.708004693472423,0.,0.706207727245334));
#10360=DIRECTION('',(0.,-1.,-6.18508648816243E-18));
#10361=DIRECTION('',(0.,6.18508648816243E-18,-1.));
#10362=DIRECTION('',(0.,-1.,-6.18508648816243E-18));
#10363=DIRECTION('',(0.,-1.,-6.18508648816243E-18));
#10364=DIRECTION('',(0.,6.18508648816243E-18,-1.));
#10365=DIRECTION('',(0.,-1.,-6.18508648816243E-18));
#10366=DIRECTION('',(0.,-1.,-6.18508648816243E-18));
#10367=DIRECTION('',(0.,6.18508648816243E-18,-1.));
#10368=DIRECTION('',(0.,-1.,-6.18508648816243E-18));
#10369=DIRECTION('',(0.,6.18508648816243E-18,-1.));
#10370=DIRECTION('',(0.,-1.,-6.18508648816243E-18));
#10371=DIRECTION('',(0.,-1.,-6.18508648816243E-18));
#10372=DIRECTION('',(0.,6.18508648816243E-18,-1.));
#10373=DIRECTION('',(0.,-1.,-6.18508648816243E-18));
#10374=DIRECTION('',(0.,-1.,-6.18508648816243E-18));
#10375=DIRECTION('',(0.,6.18508648816243E-18,-1.));
#10376=DIRECTION('',(0.,1.,6.18508648816243E-18));
#10377=DIRECTION('',(0.,-6.18508648816243E-18,1.));
#10378=DIRECTION('',(0.,-1.,-6.18508648816243E-18));
#10379=DIRECTION('',(0.,6.18508648816243E-18,-1.));
#10380=DIRECTION('',(0.,1.,6.18508648816243E-18));
#10381=DIRECTION('',(0.,-6.18508648816243E-18,1.));
#10382=DIRECTION('',(0.,-1.,-6.18508648816243E-18));
#10383=DIRECTION('',(0.,6.18508648816243E-18,-1.));
#10384=DIRECTION('',(0.,-1.,-6.18508648816243E-18));
#10385=DIRECTION('',(0.,6.18508648816243E-18,-1.));
#10386=DIRECTION('',(0.,-1.,-6.18508648816243E-18));
#10387=DIRECTION('',(0.,6.18508648816243E-18,-1.));
#10388=DIRECTION('',(0.,0.,1.));
#10389=DIRECTION('',(0.,-1.,-6.18508648816243E-18));
#10390=DIRECTION('',(0.,6.18508648816243E-18,-1.));
#10391=DIRECTION('',(0.866025403784439,0.,0.5));
#10392=DIRECTION('',(0.,-1.,-6.18508648816243E-18));
#10393=DIRECTION('',(0.,6.18508648816243E-18,-1.));
#10394=DIRECTION('',(0.866025403784439,0.,-0.5));
#10395=DIRECTION('',(0.,-1.,-6.18508648816243E-18));
#10396=DIRECTION('',(0.,6.18508648816243E-18,-1.));
#10397=DIRECTION('',(0.,0.,-1.));
#10398=DIRECTION('',(0.,-1.,-6.18508648816243E-18));
#10399=DIRECTION('',(0.,6.18508648816243E-18,-1.));
#10400=DIRECTION('',(-0.866025403784439,0.,-0.5));
#10401=DIRECTION('',(0.,-1.,-6.18508648816243E-18));
#10402=DIRECTION('',(0.,6.18508648816243E-18,-1.));
#10403=DIRECTION('',(-0.866025403784439,0.,0.5));
#10404=DIRECTION('',(0.,-1.,-6.18508648816243E-18));
#10405=DIRECTION('',(0.,6.18508648816243E-18,-1.));
#10406=DIRECTION('',(0.,-1.,-6.18508648816243E-18));
#10407=DIRECTION('',(0.,6.18508648816243E-18,-1.));
#10408=DIRECTION('',(0.,-1.,-6.18508648816243E-18));
#10409=DIRECTION('',(0.,6.18508648816243E-18,-1.));
#10410=DIRECTION('',(0.,-1.,-6.18508648816243E-18));
#10411=DIRECTION('',(0.,6.18508648816243E-18,-1.));
#10412=DIRECTION('',(0.,-1.,-6.18508648816243E-18));
#10413=DIRECTION('',(0.,6.18508648816243E-18,-1.));
#10414=DIRECTION('',(0.,-1.,-6.18508648816243E-18));
#10415=DIRECTION('',(0.,6.18508648816243E-18,-1.));
#10416=DIRECTION('',(0.,-1.,-6.18508648816243E-18));
#10417=DIRECTION('',(0.,6.18508648816243E-18,-1.));
#10418=DIRECTION('',(0.,-1.,-6.18508648816243E-18));
#10419=DIRECTION('',(0.,6.18508648816243E-18,-1.));
#10420=DIRECTION('',(0.,-1.,-6.18508648816243E-18));
#10421=DIRECTION('',(0.,6.18508648816243E-18,-1.));
#10422=DIRECTION('',(0.,-1.,-6.18508648816243E-18));
#10423=DIRECTION('',(0.,6.18508648816243E-18,-1.));
#10424=DIRECTION('',(0.,-1.,-6.18508648816243E-18));
#10425=DIRECTION('',(0.,6.18508648816243E-18,-1.));
#10426=DIRECTION('',(0.,-1.,-6.18508648816243E-18));
#10427=DIRECTION('',(0.,6.18508648816243E-18,-1.));
#10428=DIRECTION('',(0.,-1.,-6.18508648816243E-18));
#10429=DIRECTION('',(0.,6.18508648816243E-18,-1.));
#10430=DIRECTION('',(0.,-1.,-6.18508648816243E-18));
#10431=DIRECTION('',(0.,6.18508648816243E-18,-1.));
#10432=DIRECTION('',(0.,-1.,-6.18508648816243E-18));
#10433=DIRECTION('',(0.,-1.,-6.18508648816243E-18));
#10434=DIRECTION('',(0.,-1.,-6.18508648816243E-18));
#10435=DIRECTION('',(0.,6.18508648816243E-18,-1.));
#10436=DIRECTION('',(0.,-1.,-6.18508648816243E-18));
#10437=DIRECTION('',(0.,6.18508648816243E-18,-1.));
#10438=DIRECTION('',(0.,-1.,-6.18508648816243E-18));
#10439=DIRECTION('',(0.,-1.,-6.18508648816243E-18));
#10440=DIRECTION('',(0.,6.18508648816243E-18,-1.));
#10441=DIRECTION('',(0.,-1.,-6.18508648816243E-18));
#10442=DIRECTION('',(0.,-1.,-6.18508648816243E-18));
#10443=DIRECTION('',(0.,6.18508648816243E-18,-1.));
#10444=DIRECTION('',(0.,-1.,-6.18508648816243E-18));
#10445=DIRECTION('',(0.,-1.,-6.18508648816243E-18));
#10446=DIRECTION('',(0.,-1.,-6.18508648816243E-18));
#10447=DIRECTION('',(0.,6.18508648816243E-18,-1.));
#10448=DIRECTION('',(0.,-1.,-6.18508648816243E-18));
#10449=DIRECTION('',(0.,6.18508648816243E-18,-1.));
#10450=DIRECTION('',(0.,-1.,-6.18508648816243E-18));
#10451=DIRECTION('',(0.,-1.,-6.18508648816243E-18));
#10452=DIRECTION('',(0.,-1.,-6.18508648816243E-18));
#10453=DIRECTION('',(0.,6.18508648816243E-18,-1.));
#10454=DIRECTION('',(0.,-1.,-6.18508648816243E-18));
#10455=DIRECTION('',(0.,6.18508648816243E-18,-1.));
#10456=DIRECTION('',(0.,-1.,-6.18508648816243E-18));
#10457=DIRECTION('',(0.,-1.,-6.18508648816243E-18));
#10458=DIRECTION('',(0.,-1.,-6.18508648816243E-18));
#10459=DIRECTION('',(0.,6.18508648816243E-18,-1.));
#10460=DIRECTION('',(0.,-1.,-6.18508648816243E-18));
#10461=DIRECTION('',(0.,6.18508648816243E-18,-1.));
#10462=DIRECTION('',(0.,-1.,-6.18508648816243E-18));
#10463=DIRECTION('',(0.,-1.,-6.18508648816243E-18));
#10464=DIRECTION('',(0.,-1.,-6.18508648816243E-18));
#10465=DIRECTION('',(0.,6.18508648816243E-18,-1.));
#10466=DIRECTION('',(0.,-1.,-6.18508648816243E-18));
#10467=DIRECTION('',(0.,6.18508648816243E-18,-1.));
#10468=DIRECTION('',(0.,-1.,-6.18508648816243E-18));
#10469=DIRECTION('',(0.,6.18508648816243E-18,-1.));
#10470=DIRECTION('',(0.,1.,6.18508648816243E-18));
#10471=DIRECTION('',(0.,-6.18508648816243E-18,1.));
#10472=DIRECTION('',(0.,-1.,-6.18508648816243E-18));
#10473=DIRECTION('',(0.,6.18508648816243E-18,-1.));
#10474=DIRECTION('',(0.,1.,6.18508648816243E-18));
#10475=DIRECTION('',(0.,-6.18508648816243E-18,1.));
#10476=DIRECTION('',(0.,-1.,-6.18508648816243E-18));
#10477=DIRECTION('',(0.,6.18508648816243E-18,-1.));
#10478=DIRECTION('',(0.,-1.,-6.18508648816243E-18));
#10479=DIRECTION('',(0.,6.18508648816243E-18,-1.));
#10480=DIRECTION('',(0.,-1.,-6.18508648816243E-18));
#10481=DIRECTION('',(0.,6.18508648816243E-18,-1.));
#10482=DIRECTION('',(0.,-1.,-6.18508648816243E-18));
#10483=DIRECTION('',(0.,6.18508648816243E-18,-1.));
#10484=DIRECTION('',(0.,-1.,-6.18508648816243E-18));
#10485=DIRECTION('',(0.,6.18508648816243E-18,-1.));
#10486=DIRECTION('',(0.,1.,6.18508648816243E-18));
#10487=DIRECTION('',(0.,-6.18508648816243E-18,1.));
#10488=DIRECTION('',(0.,-1.,-6.18508648816243E-18));
#10489=DIRECTION('',(0.,6.18508648816243E-18,-1.));
#10490=DIRECTION('',(0.,-1.,-6.18508648816243E-18));
#10491=DIRECTION('',(0.,6.18508648816243E-18,-1.));
#10492=DIRECTION('',(0.,-1.,-6.18508648816243E-18));
#10493=DIRECTION('',(0.,6.18508648816243E-18,-1.));
#10494=DIRECTION('',(0.,-1.,-6.18508648816243E-18));
#10495=DIRECTION('',(0.,6.18508648816243E-18,-1.));
#10496=DIRECTION('',(0.,-1.,-6.18508648816243E-18));
#10497=DIRECTION('',(0.,6.18508648816243E-18,-1.));
#10498=DIRECTION('',(0.,-1.,-6.18508648816243E-18));
#10499=DIRECTION('',(0.,6.18508648816243E-18,-1.));
#10500=DIRECTION('',(0.,-1.,-6.18508648816243E-18));
#10501=DIRECTION('',(0.,6.18508648816243E-18,-1.));
#10502=DIRECTION('',(0.,-1.,-6.18508648816243E-18));
#10503=DIRECTION('',(0.,6.18508648816243E-18,-1.));
#10504=DIRECTION('',(0.,-1.,-6.18508648816243E-18));
#10505=DIRECTION('',(0.,6.18508648816243E-18,-1.));
#10506=DIRECTION('',(0.,-1.,-6.18508648816243E-18));
#10507=DIRECTION('',(0.,6.18508648816243E-18,-1.));
#10508=DIRECTION('',(0.,-1.,-6.18508648816243E-18));
#10509=DIRECTION('',(0.,6.18508648816243E-18,-1.));
#10510=DIRECTION('',(0.,1.,6.18508648816243E-18));
#10511=DIRECTION('',(0.,-6.18508648816243E-18,1.));
#10512=DIRECTION('',(0.,-1.,-6.18508648816243E-18));
#10513=DIRECTION('',(0.,6.18508648816243E-18,-1.));
#10514=DIRECTION('',(0.,-1.,-6.18508648816243E-18));
#10515=DIRECTION('',(0.,6.18508648816243E-18,-1.));
#10516=DIRECTION('',(0.,-1.,-6.18508648816243E-18));
#10517=DIRECTION('',(0.,6.18508648816243E-18,-1.));
#10518=DIRECTION('',(0.,-1.,-6.18508648816243E-18));
#10519=DIRECTION('',(0.,6.18508648816243E-18,-1.));
#10520=DIRECTION('',(0.,-1.,-6.18508648816243E-18));
#10521=DIRECTION('',(0.,6.18508648816243E-18,-1.));
#10522=DIRECTION('',(0.,-1.,-6.18508648816243E-18));
#10523=DIRECTION('',(0.,6.18508648816243E-18,-1.));
#10524=DIRECTION('',(0.,-1.,-6.18508648816243E-18));
#10525=DIRECTION('',(0.,6.18508648816243E-18,-1.));
#10526=DIRECTION('',(0.,-1.,-6.18508648816243E-18));
#10527=DIRECTION('',(0.,6.18508648816243E-18,-1.));
#10528=DIRECTION('',(0.,-1.,-6.18508648816243E-18));
#10529=DIRECTION('',(0.,6.18508648816243E-18,-1.));
#10530=DIRECTION('',(0.,-1.,-6.18508648816243E-18));
#10531=DIRECTION('',(0.,6.18508648816243E-18,-1.));
#10532=DIRECTION('',(0.,-1.,-6.18508648816243E-18));
#10533=DIRECTION('',(0.,6.18508648816243E-18,-1.));
#10534=DIRECTION('',(0.,-1.,-6.18508648816243E-18));
#10535=DIRECTION('',(0.,6.18508648816243E-18,-1.));
#10536=DIRECTION('',(0.,-1.,-6.18508648816243E-18));
#10537=DIRECTION('',(0.,6.18508648816243E-18,-1.));
#10538=DIRECTION('',(0.,-1.,-6.18508648816243E-18));
#10539=DIRECTION('',(0.,6.18508648816243E-18,-1.));
#10540=DIRECTION('',(0.,-1.,-6.18508648816243E-18));
#10541=DIRECTION('',(0.,6.18508648816243E-18,-1.));
#10542=DIRECTION('',(0.,-1.,-6.18508648816243E-18));
#10543=DIRECTION('',(0.,6.18508648816243E-18,-1.));
#10544=DIRECTION('',(0.,-1.,-6.18508648816243E-18));
#10545=DIRECTION('',(0.,6.18508648816243E-18,-1.));
#10546=DIRECTION('',(0.,-1.,-6.18508648816243E-18));
#10547=DIRECTION('',(0.,6.18508648816243E-18,-1.));
#10548=DIRECTION('',(0.,-1.,-6.18508648816243E-18));
#10549=DIRECTION('',(0.,6.18508648816243E-18,-1.));
#10550=DIRECTION('',(0.,-1.,-6.18508648816243E-18));
#10551=DIRECTION('',(0.,6.18508648816243E-18,-1.));
#10552=DIRECTION('',(0.,-1.,-6.18508648816243E-18));
#10553=DIRECTION('',(0.,6.18508648816243E-18,-1.));
#10554=DIRECTION('',(0.,-1.,-6.18508648816243E-18));
#10555=DIRECTION('',(0.,6.18508648816243E-18,-1.));
#10556=DIRECTION('',(0.,-1.,-6.18508648816243E-18));
#10557=DIRECTION('',(0.,6.18508648816243E-18,-1.));
#10558=DIRECTION('',(0.,1.,6.18508648816243E-18));
#10559=DIRECTION('',(0.,-6.18508648816243E-18,1.));
#10560=DIRECTION('',(0.,-1.,-6.18508648816243E-18));
#10561=DIRECTION('',(0.,6.18508648816243E-18,-1.));
#10562=DIRECTION('',(0.,-1.,-6.18508648816243E-18));
#10563=DIRECTION('',(0.,6.18508648816243E-18,-1.));
#10564=DIRECTION('',(0.,-1.,-6.18508648816243E-18));
#10565=DIRECTION('',(0.,6.18508648816243E-18,-1.));
#10566=DIRECTION('',(0.,1.,6.18508648816243E-18));
#10567=DIRECTION('',(0.,-6.18508648816243E-18,1.));
#10568=DIRECTION('',(0.,-1.,-6.18508648816243E-18));
#10569=DIRECTION('',(0.,6.18508648816243E-18,-1.));
#10570=DIRECTION('',(0.,-1.,-6.18508648816243E-18));
#10571=DIRECTION('',(0.,6.18508648816243E-18,-1.));
#10572=DIRECTION('',(0.,-1.,-6.18508648816243E-18));
#10573=DIRECTION('',(0.,6.18508648816243E-18,-1.));
#10574=DIRECTION('',(0.,0.,1.));
#10575=DIRECTION('',(-0.866025403784439,0.,0.5));
#10576=DIRECTION('',(-0.866025403784439,0.,-0.5));
#10577=DIRECTION('',(0.,0.,-1.));
#10578=DIRECTION('',(0.866025403784439,0.,-0.5));
#10579=DIRECTION('',(0.866025403784439,0.,0.5));
#10580=DIRECTION('',(0.,-1.,-6.18508648816243E-18));
#10581=DIRECTION('',(0.,6.18508648816243E-18,-1.));
#10582=DIRECTION('',(0.,-1.,-6.18508648816243E-18));
#10583=DIRECTION('',(0.,6.18508648816243E-18,-1.));
#10584=DIRECTION('',(0.,-1.,-6.18508648816243E-18));
#10585=DIRECTION('',(0.,6.18508648816243E-18,-1.));
#10586=DIRECTION('',(0.,-1.,-6.18508648816243E-18));
#10587=DIRECTION('',(0.,6.18508648816243E-18,-1.));
#10588=DIRECTION('',(0.,-1.,-6.18508648816243E-18));
#10589=DIRECTION('',(0.,6.18508648816243E-18,-1.));
#10590=DIRECTION('',(0.,1.,6.18508648816243E-18));
#10591=DIRECTION('',(0.,-6.18508648816243E-18,1.));
#10592=DIRECTION('',(0.,-1.,-6.18508648816243E-18));
#10593=DIRECTION('',(0.,6.18508648816243E-18,-1.));
#10594=DIRECTION('',(0.,1.,6.18508648816243E-18));
#10595=DIRECTION('',(0.,-6.18508648816243E-18,1.));
#10596=DIRECTION('',(-1.,0.,0.));
#10597=DIRECTION('',(1.,0.,0.));
#10598=DIRECTION('',(0.,-1.,-6.18508648816243E-18));
#10599=DIRECTION('',(0.,6.18508648816243E-18,-1.));
#10600=DIRECTION('',(0.,-1.,-6.18508648816243E-18));
#10601=DIRECTION('',(0.,6.18508648816243E-18,-1.));
#10602=DIRECTION('',(0.,1.,6.18508648816243E-18));
#10603=DIRECTION('',(0.,-6.18508648816243E-18,1.));
#10604=DIRECTION('',(0.,-1.,-6.18508648816243E-18));
#10605=DIRECTION('',(0.,6.18508648816243E-18,-1.));
#10606=DIRECTION('',(0.,1.,6.18508648816243E-18));
#10607=DIRECTION('',(0.,-6.18508648816243E-18,1.));
#10608=DIRECTION('',(0.,-1.,-6.18508648816243E-18));
#10609=DIRECTION('',(0.,6.18508648816243E-18,-1.));
#10610=DIRECTION('',(0.,-1.,-6.18508648816243E-18));
#10611=DIRECTION('',(0.,6.18508648816243E-18,-1.));
#10612=DIRECTION('',(-0.5,0.,0.866025403784439));
#10613=DIRECTION('',(0.866025403784439,0.,0.5));
#10614=DIRECTION('',(-1.,0.,0.));
#10615=DIRECTION('',(0.,0.,1.));
#10616=DIRECTION('',(-0.5,0.,-0.866025403784439));
#10617=DIRECTION('',(-0.866025403784439,0.,0.5));
#10618=DIRECTION('',(0.5,0.,-0.866025403784439));
#10619=DIRECTION('',(-0.866025403784439,0.,-0.5));
#10620=DIRECTION('',(1.,0.,0.));
#10621=DIRECTION('',(0.,0.,-1.));
#10622=DIRECTION('',(0.5,0.,0.866025403784439));
#10623=DIRECTION('',(0.866025403784439,0.,-0.5));
#10624=DIRECTION('',(0.,0.,-1.));
#10625=DIRECTION('',(-1.,0.,0.));
#10626=DIRECTION('',(0.,0.,1.));
#10627=DIRECTION('',(1.,0.,0.));
#10628=DIRECTION('',(-1.22464679914735E-16,1.,0.));
#10629=DIRECTION('',(-1.,-1.22464679914735E-16,0.));
#10630=DIRECTION('',(-1.22464679914735E-16,1.,0.));
#10631=DIRECTION('',(1.22464679914735E-16,-1.,0.));
#10632=DIRECTION('',(-1.,-1.22464679914735E-16,0.));
#10633=DIRECTION('',(-1.22464679914735E-16,1.,0.));
#10634=DIRECTION('',(-0.706207727245334,-8.64855032704125E-17,-0.708004693472423));
#10635=DIRECTION('',(-0.708004693472423,0.,0.706207727245334));
#10636=DIRECTION('',(-1.22464679914735E-16,1.,0.));
#10637=DIRECTION('',(-0.708004693472423,0.,0.706207727245334));
#10638=DIRECTION('',(-1.22464679914735E-16,1.,0.));
#10639=DIRECTION('',(-1.,-1.22464679914735E-16,0.));
#10640=DIRECTION('',(-1.22464679914735E-16,1.,0.));
#10641=DIRECTION('',(1.22464679914735E-16,-1.,0.));
#10642=DIRECTION('',(-1.,-1.22464679914735E-16,0.));
#10643=DIRECTION('',(0.708004693472421,8.67055681642303E-17,0.706207727245336));
#10644=DIRECTION('',(0.706207727245336,0.,-0.708004693472421));
#10645=DIRECTION('',(0.706207727245336,0.,-0.708004693472421));
#10646=DIRECTION('',(1.22464679914735E-16,-1.,0.));
#10647=DIRECTION('',(1.,1.22464679914735E-16,0.));
#10648=DIRECTION('',(-1.22464679914735E-16,1.,0.));
#10649=DIRECTION('',(-1.,-1.22464679914735E-16,0.));
#10650=DIRECTION('',(1.22464679914735E-16,-1.,0.));
#10651=DIRECTION('',(-1.,-1.22464679914735E-16,0.));
#10652=DIRECTION('',(1.22464679914735E-16,-1.,0.));
#10653=DIRECTION('',(1.,1.22464679914735E-16,0.));
#10654=DIRECTION('',(-1.22464679914735E-16,1.,0.));
#10655=DIRECTION('',(-1.,-1.22464679914735E-16,0.));
#10656=DIRECTION('',(1.22464679914735E-16,-1.,0.));
#10657=DIRECTION('',(-1.,-1.22464679914735E-16,0.));
#10658=DIRECTION('',(1.22464679914735E-16,-1.,0.));
#10659=DIRECTION('',(1.,1.22464679914735E-16,0.));
#10660=DIRECTION('',(-1.22464679914735E-16,1.,0.));
#10661=DIRECTION('',(-1.,-1.22464679914735E-16,0.));
#10662=DIRECTION('',(1.22464679914735E-16,-1.,0.));
#10663=DIRECTION('',(-1.,-1.22464679914735E-16,0.));
#10664=DIRECTION('',(1.22464679914735E-16,-1.,0.));
#10665=DIRECTION('',(1.,1.22464679914735E-16,0.));
#10666=DIRECTION('',(-1.22464679914735E-16,1.,0.));
#10667=DIRECTION('',(-1.,-1.22464679914735E-16,0.));
#10668=DIRECTION('',(1.22464679914735E-16,-1.,0.));
#10669=DIRECTION('',(-1.,-1.22464679914735E-16,0.));
#10670=DIRECTION('',(1.22464679914735E-16,-1.,0.));
#10671=DIRECTION('',(1.,1.22464679914735E-16,0.));
#10672=DIRECTION('',(-1.22464679914735E-16,1.,0.));
#10673=DIRECTION('',(-1.,-1.22464679914735E-16,0.));
#10674=DIRECTION('',(1.22464679914735E-16,-1.,0.));
#10675=DIRECTION('',(-1.,-1.22464679914735E-16,0.));
#10676=DIRECTION('',(1.22464679914735E-16,-1.,0.));
#10677=DIRECTION('',(1.,1.22464679914735E-16,0.));
#10678=DIRECTION('',(0.,-1.,0.));
#10679=DIRECTION('',(0.,0.,1.));
#10680=DIRECTION('',(0.,0.,1.));
#10681=DIRECTION('',(1.,0.,0.));
#10682=DIRECTION('',(0.,0.,1.));
#10683=DIRECTION('',(1.,0.,0.));
#10684=DIRECTION('',(-1.,0.,0.));
#10685=DIRECTION('',(0.,0.,1.));
#10686=DIRECTION('',(1.,0.,0.));
#10687=DIRECTION('',(0.,1.,0.));
#10688=DIRECTION('',(0.,0.,1.));
#10689=DIRECTION('',(1.,0.,0.));
#10690=DIRECTION('',(1.,0.,0.));
#10691=DIRECTION('',(0.,0.,1.));
#10692=DIRECTION('',(1.,0.,0.));
#10693=DIRECTION('',(0.,-1.,0.));
#10694=DIRECTION('',(0.,-1.,0.));
#10695=DIRECTION('',(0.866025403784439,-0.499999999999999,0.));
#10696=DIRECTION('',(0.866025403784439,0.499999999999999,0.));
#10697=DIRECTION('',(0.,1.,0.));
#10698=DIRECTION('',(-0.866025403784439,0.5,0.));
#10699=DIRECTION('',(-0.866025403784439,-0.5,0.));
#10700=DIRECTION('',(0.,0.,1.));
#10701=DIRECTION('',(1.,0.,0.));
#10702=DIRECTION('',(0.,0.,1.));
#10703=DIRECTION('',(1.,0.,0.));
#10704=DIRECTION('',(-0.866025403784439,0.499999999999999,0.));
#10705=DIRECTION('',(0.,1.,0.));
#10706=DIRECTION('',(0.866025403784439,0.5,0.));
#10707=DIRECTION('',(0.866025403784439,-0.5,0.));
#10708=DIRECTION('',(0.,-1.,0.));
#10709=DIRECTION('',(-0.866025403784439,-0.499999999999999,0.));
#10710=DIRECTION('',(0.,0.,-1.));
#10711=DIRECTION('',(-1.,0.,0.));
#10712=DIRECTION('',(0.,0.,-1.));
#10713=DIRECTION('',(0.,0.,1.));
#10714=DIRECTION('',(1.,0.,0.));
#10715=DIRECTION('',(0.,0.,-1.));
#10716=DIRECTION('',(1.,0.,0.));
#10717=DIRECTION('',(0.,0.,-1.));
#10718=DIRECTION('',(0.,0.,-1.));
#10719=DIRECTION('',(0.,-1.,0.));
#10720=DIRECTION('',(0.,0.,-1.));
#10721=DIRECTION('',(-1.,0.,0.));
#10722=DIRECTION('',(0.,0.,-1.));
#10723=DIRECTION('',(0.,0.,1.));
#10724=DIRECTION('',(1.,0.,0.));
#10725=DIRECTION('',(0.,1.,0.));
#10726=DIRECTION('',(0.,0.,1.));
#10727=DIRECTION('',(0.,0.,-1.));
#10728=DIRECTION('',(1.,0.,0.));
#10729=DIRECTION('',(0.,0.,-1.));
#10730=DIRECTION('',(-1.,0.,0.));
#10731=DIRECTION('',(0.,0.,-1.));
#10732=DIRECTION('',(0.,0.,1.));
#10733=DIRECTION('',(1.,0.,0.));
#10734=DIRECTION('',(-1.,0.,0.));
#10735=DIRECTION('',(0.,0.,1.));
#10736=DIRECTION('',(0.,0.,-1.));
#10737=DIRECTION('',(0.,1.,0.));
#10738=DIRECTION('',(0.,0.,-1.));
#10739=DIRECTION('',(-1.,0.,0.));
#10740=DIRECTION('',(0.,0.,-1.));
#10741=DIRECTION('',(0.,0.,1.));
#10742=DIRECTION('',(1.,0.,0.));
#10743=DIRECTION('',(0.,-1.,0.));
#10744=DIRECTION('',(0.,0.,-1.));
#10745=DIRECTION('',(-1.,0.,0.));
#10746=DIRECTION('',(1.,0.,0.));
#10747=DIRECTION('',(0.,0.,-1.));
#10748=DIRECTION('',(0.,-1.,0.));
#10749=DIRECTION('',(0.,0.,-1.));
#10750=DIRECTION('',(0.,-1.,0.));
#10751=DIRECTION('',(0.,0.,-1.));
#10752=DIRECTION('',(0.,-1.,0.));
#10753=DIRECTION('',(0.,0.,-1.));
#10754=DIRECTION('',(-1.,0.,0.));
#10755=DIRECTION('',(0.,0.,-1.));
#10756=DIRECTION('',(-1.,0.,0.));
#10757=DIRECTION('',(-1.,0.,0.));
#10758=DIRECTION('',(0.,0.,1.));
#10759=DIRECTION('',(0.,1.,0.));
#10760=DIRECTION('',(0.,0.,-1.));
#10761=DIRECTION('',(0.,1.,0.));
#10762=DIRECTION('',(0.710882411171261,-0.703310882531568,0.));
#10763=DIRECTION('',(0.703310882531568,0.710882411171261,0.));
#10764=DIRECTION('',(-0.703310882531568,-0.710882411171261,0.));
#10765=DIRECTION('',(0.,0.,-1.));
#10766=DIRECTION('',(-0.703310882531568,-0.710882411171261,0.));
#10767=DIRECTION('',(0.,-1.,0.));
#10768=DIRECTION('',(0.,0.,-1.));
#10769=DIRECTION('',(-1.,0.,0.));
#10770=DIRECTION('',(0.,0.,-1.));
#10771=DIRECTION('',(-1.,0.,0.));
#10772=DIRECTION('',(-0.711551066042654,0.702634386017054,0.));
#10773=DIRECTION('',(-0.702634386017054,-0.711551066042654,0.));
#10774=DIRECTION('',(0.702634386017054,0.711551066042654,0.));
#10775=DIRECTION('',(0.,0.,-1.));
#10776=DIRECTION('',(0.702634386017054,0.711551066042654,0.));
#10777=DIRECTION('',(-0.737255132108963,-0.675614438995346,0.));
#10778=DIRECTION('',(0.675614438995346,-0.737255132108963,0.));
#10779=DIRECTION('',(-0.675614438995346,0.737255132108963,0.));
#10780=DIRECTION('',(0.,0.,-1.));
#10781=DIRECTION('',(-0.675614438995346,0.737255132108963,0.));
#10782=DIRECTION('',(0.,1.,0.));
#10783=DIRECTION('',(0.,0.,1.));
#10784=DIRECTION('',(1.,0.,0.));
#10785=DIRECTION('',(0.,0.,-1.));
#10786=DIRECTION('',(1.,0.,0.));
#10787=DIRECTION('',(0.731775399816392,0.681545863624422,0.));
#10788=DIRECTION('',(-0.681545863624422,0.731775399816392,0.));
#10789=DIRECTION('',(0.681545863624422,-0.731775399816392,0.));
#10790=DIRECTION('',(0.,0.,-1.));
#10791=DIRECTION('',(0.681545863624422,-0.731775399816392,0.));
#10792=DIRECTION('',(-0.712801322013369,0.701366006686946,0.));
#10793=DIRECTION('',(-0.701366006686946,-0.712801322013369,0.));
#10794=DIRECTION('',(0.701366006686946,0.712801322013369,0.));
#10795=DIRECTION('',(0.,0.,-1.));
#10796=DIRECTION('',(0.701366006686946,0.712801322013369,0.));
#10797=DIRECTION('',(-1.,0.,0.));
#10798=DIRECTION('',(0.,0.,1.));
#10799=DIRECTION('',(0.,1.,0.));
#10800=DIRECTION('',(0.,0.,-1.));
#10801=DIRECTION('',(0.,1.,0.));
#10802=DIRECTION('',(-1.,0.,0.));
#10803=DIRECTION('',(0.,0.,1.));
#10804=DIRECTION('',(0.,1.,0.));
#10805=DIRECTION('',(0.,0.,-1.));
#10806=DIRECTION('',(0.,1.,0.));
#10807=DIRECTION('',(0.,0.,-1.));
#10808=DIRECTION('',(0.,0.,-1.));
#10809=DIRECTION('',(-1.,0.,0.));
#10810=DIRECTION('',(0.,0.,1.));
#10811=DIRECTION('',(1.,0.,0.));
#10812=DIRECTION('',(0.,0.,-1.));
#10813=DIRECTION('',(0.,0.,1.));
#10814=DIRECTION('',(1.,0.,0.));
#10815=DIRECTION('',(0.,-1.,0.));
#10816=DIRECTION('',(0.,0.,-1.));
#10817=DIRECTION('',(-1.,0.,0.));
#10818=DIRECTION('',(0.,0.,-1.));
#10819=DIRECTION('',(-1.,0.,0.));
#10820=DIRECTION('',(-1.,0.,0.));
#10821=DIRECTION('',(0.,0.,1.));
#10822=DIRECTION('',(0.,1.,0.));
#10823=DIRECTION('',(0.,0.,-1.));
#10824=DIRECTION('',(0.,1.,0.));
#10825=DIRECTION('',(0.,1.,0.));
#10826=DIRECTION('',(0.,0.,1.));
#10827=DIRECTION('',(1.,0.,0.));
#10828=DIRECTION('',(0.,0.,-1.));
#10829=DIRECTION('',(1.,0.,0.));
#10830=DIRECTION('',(0.,0.,-1.));
#10831=DIRECTION('',(-1.,0.,0.));
#10832=DIRECTION('',(0.,0.,1.));
#10833=DIRECTION('',(1.,0.,0.));
#10834=DIRECTION('',(0.,0.,-1.));
#10835=DIRECTION('',(0.,0.,1.));
#10836=DIRECTION('',(1.,0.,0.));
#10837=DIRECTION('',(-1.,0.,0.));
#10838=DIRECTION('',(0.,0.,1.));
#10839=DIRECTION('',(0.,1.,0.));
#10840=DIRECTION('',(0.,0.,-1.));
#10841=DIRECTION('',(0.,1.,0.));
#10842=DIRECTION('',(1.,0.,0.));
#10843=DIRECTION('',(0.,0.,-1.));
#10844=DIRECTION('',(0.,-1.,0.));
#10845=DIRECTION('',(0.,0.,-1.));
#10846=DIRECTION('',(0.,-1.,0.));
#10847=DIRECTION('',(0.,0.,-1.));
#10848=DIRECTION('',(0.,-1.,0.));
#10849=DIRECTION('',(0.,0.,-1.));
#10850=DIRECTION('',(-1.,0.,0.));
#10851=DIRECTION('',(0.,0.,-1.));
#10852=DIRECTION('',(-1.,0.,0.));
#10853=DIRECTION('',(-1.,0.,0.));
#10854=DIRECTION('',(0.,0.,1.));
#10855=DIRECTION('',(0.,1.,0.));
#10856=DIRECTION('',(0.,0.,-1.));
#10857=DIRECTION('',(0.,1.,0.));
#10858=DIRECTION('',(0.,0.,-1.));
#10859=DIRECTION('',(-1.,0.,0.));
#10860=DIRECTION('',(0.,0.,1.));
#10861=DIRECTION('',(1.,0.,0.));
#10862=DIRECTION('',(0.,0.,-1.));
#10863=DIRECTION('',(0.,0.,1.));
#10864=DIRECTION('',(1.,0.,0.));
#10865=DIRECTION('',(0.,-1.,0.));
#10866=DIRECTION('',(0.,0.,-1.));
#10867=DIRECTION('',(-1.,0.,0.));
#10868=DIRECTION('',(0.,0.,-1.));
#10869=DIRECTION('',(-1.,0.,0.));
#10870=DIRECTION('',(0.,0.,-1.));
#10871=DIRECTION('',(-1.,0.,0.));
#10872=DIRECTION('',(0.,0.,1.));
#10873=DIRECTION('',(1.,0.,0.));
#10874=DIRECTION('',(0.,0.,-1.));
#10875=DIRECTION('',(0.,0.,1.));
#10876=DIRECTION('',(1.,0.,0.));
#10877=DIRECTION('',(0.,0.,-1.));
#10878=DIRECTION('',(-1.,0.,0.));
#10879=DIRECTION('',(0.,0.,1.));
#10880=DIRECTION('',(1.,0.,0.));
#10881=DIRECTION('',(0.,0.,-1.));
#10882=DIRECTION('',(0.,0.,1.));
#10883=DIRECTION('',(1.,0.,0.));
#10884=DIRECTION('',(0.,0.,-1.));
#10885=DIRECTION('',(-1.,0.,0.));
#10886=DIRECTION('',(0.,0.,1.));
#10887=DIRECTION('',(1.,0.,0.));
#10888=DIRECTION('',(0.,0.,-1.));
#10889=DIRECTION('',(0.,0.,1.));
#10890=DIRECTION('',(1.,0.,0.));
#10891=DIRECTION('',(-1.,9.8650066437876E-15,0.));
#10892=DIRECTION('',(-9.8650066437876E-15,-1.,0.));
#10893=DIRECTION('',(9.8650066437876E-15,1.,0.));
#10894=DIRECTION('',(0.,0.,-1.));
#10895=DIRECTION('',(9.8650066437876E-15,1.,0.));
#10896=DIRECTION('',(0.,1.,0.));
#10897=DIRECTION('',(0.,0.,1.));
#10898=DIRECTION('',(1.,0.,0.));
#10899=DIRECTION('',(0.,0.,-1.));
#10900=DIRECTION('',(1.,0.,0.));
#10901=DIRECTION('',(1.,0.,0.));
#10902=DIRECTION('',(0.,0.,-1.));
#10903=DIRECTION('',(0.,-1.,0.));
#10904=DIRECTION('',(0.,0.,-1.));
#10905=DIRECTION('',(0.,-1.,0.));
#10906=DIRECTION('',(0.,0.,-1.));
#10907=DIRECTION('',(-1.,0.,0.));
#10908=DIRECTION('',(0.,0.,1.));
#10909=DIRECTION('',(1.,0.,0.));
#10910=DIRECTION('',(0.,0.,-1.));
#10911=DIRECTION('',(0.,0.,1.));
#10912=DIRECTION('',(1.,0.,0.));
#10913=DIRECTION('',(0.,0.,-1.));
#10914=DIRECTION('',(-1.,0.,0.));
#10915=DIRECTION('',(0.,0.,1.));
#10916=DIRECTION('',(1.,0.,0.));
#10917=DIRECTION('',(0.,0.,-1.));
#10918=DIRECTION('',(0.,0.,1.));
#10919=DIRECTION('',(1.,0.,0.));
#10920=DIRECTION('',(0.,0.,-1.));
#10921=DIRECTION('',(-1.,0.,0.));
#10922=DIRECTION('',(0.,0.,1.));
#10923=DIRECTION('',(1.,0.,0.));
#10924=DIRECTION('',(0.,0.,-1.));
#10925=DIRECTION('',(0.,0.,1.));
#10926=DIRECTION('',(1.,0.,0.));
#10927=DIRECTION('',(0.,0.,-1.));
#10928=DIRECTION('',(-1.,0.,0.));
#10929=DIRECTION('',(0.,0.,1.));
#10930=DIRECTION('',(1.,0.,0.));
#10931=DIRECTION('',(0.,0.,-1.));
#10932=DIRECTION('',(0.,0.,1.));
#10933=DIRECTION('',(1.,0.,0.));
#10934=DIRECTION('',(0.,0.,-1.));
#10935=DIRECTION('',(-1.,0.,0.));
#10936=DIRECTION('',(0.,0.,1.));
#10937=DIRECTION('',(1.,0.,0.));
#10938=DIRECTION('',(0.,0.,-1.));
#10939=DIRECTION('',(0.,0.,1.));
#10940=DIRECTION('',(1.,0.,0.));
#10941=DIRECTION('',(-1.,0.,0.));
#10942=DIRECTION('',(0.,0.,1.));
#10943=DIRECTION('',(0.,1.,0.));
#10944=DIRECTION('',(0.,0.,-1.));
#10945=DIRECTION('',(0.,1.,0.));
#10946=DIRECTION('',(1.,0.,0.));
#10947=DIRECTION('',(0.,0.,-1.));
#10948=DIRECTION('',(0.,-1.,0.));
#10949=DIRECTION('',(0.,0.,-1.));
#10950=DIRECTION('',(0.,-1.,0.));
#10951=DIRECTION('',(0.,0.,-1.));
#10952=DIRECTION('',(0.,-1.,0.));
#10953=DIRECTION('',(0.,0.,-1.));
#10954=DIRECTION('',(-1.,0.,0.));
#10955=DIRECTION('',(0.,0.,-1.));
#10956=DIRECTION('',(-1.,0.,0.));
#10957=DIRECTION('',(-1.,0.,0.));
#10958=DIRECTION('',(0.,0.,1.));
#10959=DIRECTION('',(0.,1.,0.));
#10960=DIRECTION('',(0.,0.,-1.));
#10961=DIRECTION('',(0.,1.,0.));
#10962=DIRECTION('',(0.,-1.,0.));
#10963=DIRECTION('',(0.,0.,-1.));
#10964=DIRECTION('',(-1.,0.,0.));
#10965=DIRECTION('',(0.,0.,-1.));
#10966=DIRECTION('',(-1.,0.,0.));
#10967=DIRECTION('',(0.,0.,-1.));
#10968=DIRECTION('',(-1.,0.,0.));
#10969=DIRECTION('',(0.,0.,1.));
#10970=DIRECTION('',(0.,1.,0.));
#10971=DIRECTION('',(0.,0.,-1.));
#10972=DIRECTION('',(0.,1.,0.));
#10973=DIRECTION('',(0.,1.,0.));
#10974=DIRECTION('',(0.,0.,1.));
#10975=DIRECTION('',(1.,0.,0.));
#10976=DIRECTION('',(0.,0.,-1.));
#10977=DIRECTION('',(1.,0.,0.));
#10978=DIRECTION('',(1.,0.,0.));
#10979=DIRECTION('',(0.,0.,-1.));
#10980=DIRECTION('',(0.,-1.,0.));
#10981=DIRECTION('',(0.,0.,-1.));
#10982=DIRECTION('',(0.,-1.,0.));
#10983=DIRECTION('',(0.,0.,-1.));
#10984=DIRECTION('',(0.,-1.,0.));
#10985=DIRECTION('',(0.,0.,-1.));
#10986=DIRECTION('',(-1.,0.,0.));
#10987=DIRECTION('',(0.,0.,-1.));
#10988=DIRECTION('',(-1.,0.,0.));
#10989=DIRECTION('',(-1.,0.,0.));
#10990=DIRECTION('',(0.,0.,1.));
#10991=DIRECTION('',(0.,1.,0.));
#10992=DIRECTION('',(0.,0.,-1.));
#10993=DIRECTION('',(0.,1.,0.));
#10994=DIRECTION('',(0.,-1.,0.));
#10995=DIRECTION('',(0.,0.,-1.));
#10996=DIRECTION('',(-1.,0.,0.));
#10997=DIRECTION('',(0.,0.,-1.));
#10998=DIRECTION('',(-1.,0.,0.));
#10999=DIRECTION('',(-1.,0.,0.));
#11000=DIRECTION('',(0.,0.,1.));
#11001=DIRECTION('',(0.,1.,0.));
#11002=DIRECTION('',(0.,0.,-1.));
#11003=DIRECTION('',(0.,1.,0.));
#11004=DIRECTION('',(1.,0.,0.));
#11005=DIRECTION('',(0.,0.,-1.));
#11006=DIRECTION('',(0.,-1.,0.));
#11007=DIRECTION('',(0.,0.,-1.));
#11008=DIRECTION('',(0.,-1.,0.));
#11009=DIRECTION('',(0.,0.,-1.));
#11010=DIRECTION('',(0.,-1.,0.));
#11011=DIRECTION('',(0.,0.,-1.));
#11012=DIRECTION('',(-1.,0.,0.));
#11013=DIRECTION('',(0.,0.,-1.));
#11014=DIRECTION('',(-1.,0.,0.));
#11015=DIRECTION('',(-1.,0.,0.));
#11016=DIRECTION('',(0.,0.,1.));
#11017=DIRECTION('',(0.,1.,0.));
#11018=DIRECTION('',(0.,0.,-1.));
#11019=DIRECTION('',(0.,1.,0.));
#11020=DIRECTION('',(-1.,0.,0.));
#11021=DIRECTION('',(0.,0.,1.));
#11022=DIRECTION('',(0.,1.,0.));
#11023=DIRECTION('',(0.,0.,-1.));
#11024=DIRECTION('',(0.,1.,0.));
#11025=DIRECTION('',(0.,0.,-1.));
#11026=DIRECTION('',(0.,0.,-1.));
#11027=DIRECTION('',(-1.,0.,0.));
#11028=DIRECTION('',(0.,0.,1.));
#11029=DIRECTION('',(1.,0.,0.));
#11030=DIRECTION('',(0.,0.,-1.));
#11031=DIRECTION('',(0.,0.,1.));
#11032=DIRECTION('',(1.,0.,0.));
#11033=DIRECTION('',(-1.,0.,0.));
#11034=DIRECTION('',(0.,0.,1.));
#11035=DIRECTION('',(0.,1.,0.));
#11036=DIRECTION('',(0.,0.,-1.));
#11037=DIRECTION('',(0.,1.,0.));
#11038=DIRECTION('',(0.,-1.,0.));
#11039=DIRECTION('',(0.,0.,-1.));
#11040=DIRECTION('',(-1.,0.,0.));
#11041=DIRECTION('',(0.,0.,-1.));
#11042=DIRECTION('',(-1.,0.,0.));
#11043=DIRECTION('',(0.,0.,-1.));
#11044=DIRECTION('',(-1.,0.,0.));
#11045=DIRECTION('',(0.,0.,1.));
#11046=DIRECTION('',(0.,1.,0.));
#11047=DIRECTION('',(0.,0.,-1.));
#11048=DIRECTION('',(0.,1.,0.));
#11049=DIRECTION('',(0.,1.,0.));
#11050=DIRECTION('',(0.,0.,1.));
#11051=DIRECTION('',(1.,0.,0.));
#11052=DIRECTION('',(0.,0.,-1.));
#11053=DIRECTION('',(1.,0.,0.));
#11054=DIRECTION('',(0.,0.,-1.));
#11055=DIRECTION('',(-1.,0.,0.));
#11056=DIRECTION('',(0.,0.,1.));
#11057=DIRECTION('',(1.,0.,0.));
#11058=DIRECTION('',(0.,0.,-1.));
#11059=DIRECTION('',(0.,0.,1.));
#11060=DIRECTION('',(1.,0.,0.));
#11061=DIRECTION('',(0.,0.,-1.));
#11062=DIRECTION('',(0.,0.,-1.));
#11063=DIRECTION('',(-1.,0.,0.));
#11064=DIRECTION('',(0.,0.,1.));
#11065=DIRECTION('',(1.,0.,0.));
#11066=DIRECTION('',(0.,0.,-1.));
#11067=DIRECTION('',(0.,0.,1.));
#11068=DIRECTION('',(1.,0.,0.));
#11069=DIRECTION('',(0.,0.,-1.));
#11070=DIRECTION('',(-1.,0.,0.));
#11071=DIRECTION('',(0.,0.,1.));
#11072=DIRECTION('',(1.,0.,0.));
#11073=DIRECTION('',(0.,0.,-1.));
#11074=DIRECTION('',(0.,0.,1.));
#11075=DIRECTION('',(1.,0.,0.));
#11076=DIRECTION('',(0.,0.,-1.));
#11077=DIRECTION('',(-1.,0.,0.));
#11078=DIRECTION('',(0.,0.,1.));
#11079=DIRECTION('',(1.,0.,0.));
#11080=DIRECTION('',(0.,0.,-1.));
#11081=DIRECTION('',(0.,0.,1.));
#11082=DIRECTION('',(1.,0.,0.));
#11083=DIRECTION('',(0.,0.,-1.));
#11084=DIRECTION('',(-1.,0.,0.));
#11085=DIRECTION('',(0.,0.,1.));
#11086=DIRECTION('',(1.,0.,0.));
#11087=DIRECTION('',(0.,0.,-1.));
#11088=DIRECTION('',(0.,0.,1.));
#11089=DIRECTION('',(1.,0.,0.));
#11090=DIRECTION('',(0.,0.,-1.));
#11091=DIRECTION('',(-1.,0.,0.));
#11092=DIRECTION('',(0.,0.,1.));
#11093=DIRECTION('',(1.,0.,0.));
#11094=DIRECTION('',(0.,0.,-1.));
#11095=DIRECTION('',(0.,0.,1.));
#11096=DIRECTION('',(1.,0.,0.));
#11097=DIRECTION('',(0.,0.,-1.));
#11098=DIRECTION('',(-1.,0.,0.));
#11099=DIRECTION('',(0.,0.,1.));
#11100=DIRECTION('',(1.,0.,0.));
#11101=DIRECTION('',(0.,0.,-1.));
#11102=DIRECTION('',(0.,0.,1.));
#11103=DIRECTION('',(1.,0.,0.));
#11104=DIRECTION('',(0.,0.,-1.));
#11105=DIRECTION('',(-1.,0.,0.));
#11106=DIRECTION('',(0.,0.,1.));
#11107=DIRECTION('',(1.,0.,0.));
#11108=DIRECTION('',(0.,0.,-1.));
#11109=DIRECTION('',(0.,0.,1.));
#11110=DIRECTION('',(1.,0.,0.));
#11111=DIRECTION('',(0.,0.,-1.));
#11112=DIRECTION('',(-1.,0.,0.));
#11113=DIRECTION('',(0.,0.,1.));
#11114=DIRECTION('',(1.,0.,0.));
#11115=DIRECTION('',(0.,0.,-1.));
#11116=DIRECTION('',(0.,0.,1.));
#11117=DIRECTION('',(1.,0.,0.));
#11118=DIRECTION('',(0.,0.,-1.));
#11119=DIRECTION('',(-1.,0.,0.));
#11120=DIRECTION('',(0.,0.,1.));
#11121=DIRECTION('',(1.,0.,0.));
#11122=DIRECTION('',(0.,0.,-1.));
#11123=DIRECTION('',(0.,0.,1.));
#11124=DIRECTION('',(1.,0.,0.));
#11125=DIRECTION('',(0.,0.,-1.));
#11126=DIRECTION('',(-1.,0.,0.));
#11127=DIRECTION('',(0.,0.,1.));
#11128=DIRECTION('',(1.,0.,0.));
#11129=DIRECTION('',(0.,0.,-1.));
#11130=DIRECTION('',(0.,0.,1.));
#11131=DIRECTION('',(1.,0.,0.));
#11132=DIRECTION('',(0.,0.,-1.));
#11133=DIRECTION('',(-1.,0.,0.));
#11134=DIRECTION('',(0.,0.,1.));
#11135=DIRECTION('',(1.,0.,0.));
#11136=DIRECTION('',(0.,0.,-1.));
#11137=DIRECTION('',(0.,0.,1.));
#11138=DIRECTION('',(1.,0.,0.));
#11139=DIRECTION('',(0.,0.,-1.));
#11140=DIRECTION('',(-1.,0.,0.));
#11141=DIRECTION('',(0.,0.,1.));
#11142=DIRECTION('',(1.,0.,0.));
#11143=DIRECTION('',(0.,0.,-1.));
#11144=DIRECTION('',(0.,0.,1.));
#11145=DIRECTION('',(1.,0.,0.));
#11146=DIRECTION('',(0.,0.,-1.));
#11147=DIRECTION('',(-1.,0.,0.));
#11148=DIRECTION('',(0.,0.,1.));
#11149=DIRECTION('',(1.,0.,0.));
#11150=DIRECTION('',(0.,0.,-1.));
#11151=DIRECTION('',(0.,0.,1.));
#11152=DIRECTION('',(1.,0.,0.));
#11153=DIRECTION('',(0.,0.,-1.));
#11154=DIRECTION('',(-1.,0.,0.));
#11155=DIRECTION('',(0.,0.,1.));
#11156=DIRECTION('',(1.,0.,0.));
#11157=DIRECTION('',(0.,0.,-1.));
#11158=DIRECTION('',(0.,0.,1.));
#11159=DIRECTION('',(1.,0.,0.));
#11160=DIRECTION('',(0.,0.,-1.));
#11161=DIRECTION('',(-1.,0.,0.));
#11162=DIRECTION('',(0.,0.,1.));
#11163=DIRECTION('',(1.,0.,0.));
#11164=DIRECTION('',(0.,0.,-1.));
#11165=DIRECTION('',(0.,0.,1.));
#11166=DIRECTION('',(1.,0.,0.));
#11167=DIRECTION('',(0.,0.,-1.));
#11168=DIRECTION('',(-1.,0.,0.));
#11169=DIRECTION('',(0.,0.,1.));
#11170=DIRECTION('',(1.,0.,0.));
#11171=DIRECTION('',(0.,0.,-1.));
#11172=DIRECTION('',(0.,0.,1.));
#11173=DIRECTION('',(1.,0.,0.));
#11174=DIRECTION('',(0.,0.,-1.));
#11175=DIRECTION('',(-1.,0.,0.));
#11176=DIRECTION('',(0.,0.,1.));
#11177=DIRECTION('',(1.,0.,0.));
#11178=DIRECTION('',(0.,0.,-1.));
#11179=DIRECTION('',(0.,0.,1.));
#11180=DIRECTION('',(1.,0.,0.));
#11181=DIRECTION('',(0.,0.,-1.));
#11182=DIRECTION('',(-1.,0.,0.));
#11183=DIRECTION('',(0.,0.,1.));
#11184=DIRECTION('',(1.,0.,0.));
#11185=DIRECTION('',(0.,0.,-1.));
#11186=DIRECTION('',(0.,0.,1.));
#11187=DIRECTION('',(1.,0.,0.));
#11188=DIRECTION('',(0.,0.,-1.));
#11189=DIRECTION('',(-1.,0.,0.));
#11190=DIRECTION('',(0.,0.,1.));
#11191=DIRECTION('',(1.,0.,0.));
#11192=DIRECTION('',(0.,0.,-1.));
#11193=DIRECTION('',(0.,0.,1.));
#11194=DIRECTION('',(1.,0.,0.));
#11195=DIRECTION('',(1.,0.,0.));
#11196=DIRECTION('',(0.,0.,-1.));
#11197=DIRECTION('',(0.,-1.,0.));
#11198=DIRECTION('',(0.,0.,-1.));
#11199=DIRECTION('',(0.,-1.,0.));
#11200=DIRECTION('',(0.,0.,-1.));
#11201=DIRECTION('',(0.,-1.,0.));
#11202=DIRECTION('',(0.,0.,-1.));
#11203=DIRECTION('',(-1.,0.,0.));
#11204=DIRECTION('',(0.,0.,-1.));
#11205=DIRECTION('',(-1.,0.,0.));
#11206=DIRECTION('',(-1.,0.,0.));
#11207=DIRECTION('',(0.,0.,1.));
#11208=DIRECTION('',(0.,1.,0.));
#11209=DIRECTION('',(0.,0.,-1.));
#11210=DIRECTION('',(0.,1.,0.));
#11211=DIRECTION('',(0.,1.,0.));
#11212=DIRECTION('',(0.,0.,1.));
#11213=DIRECTION('',(1.,0.,0.));
#11214=DIRECTION('',(0.,0.,-1.));
#11215=DIRECTION('',(1.,0.,0.));
#11216=DIRECTION('',(-1.,0.,0.));
#11217=DIRECTION('',(0.,0.,1.));
#11218=DIRECTION('',(0.,1.,0.));
#11219=DIRECTION('',(0.,0.,-1.));
#11220=DIRECTION('',(0.,1.,0.));
#11221=DIRECTION('',(0.,-1.,0.));
#11222=DIRECTION('',(0.,0.,-1.));
#11223=DIRECTION('',(-1.,0.,0.));
#11224=DIRECTION('',(0.,0.,-1.));
#11225=DIRECTION('',(-1.,0.,0.));
#11226=DIRECTION('',(-1.,0.,0.));
#11227=DIRECTION('',(0.,0.,1.));
#11228=DIRECTION('',(0.,1.,0.));
#11229=DIRECTION('',(0.,0.,-1.));
#11230=DIRECTION('',(0.,1.,0.));
#11231=DIRECTION('',(0.,1.,0.));
#11232=DIRECTION('',(0.,0.,1.));
#11233=DIRECTION('',(1.,0.,0.));
#11234=DIRECTION('',(0.,0.,-1.));
#11235=DIRECTION('',(1.,0.,0.));
#11236=DIRECTION('',(1.,0.,0.));
#11237=DIRECTION('',(0.,0.,-1.));
#11238=DIRECTION('',(0.,-1.,0.));
#11239=DIRECTION('',(0.,0.,-1.));
#11240=DIRECTION('',(0.,-1.,0.));
#11241=DIRECTION('',(0.,-1.,0.));
#11242=DIRECTION('',(0.,0.,-1.));
#11243=DIRECTION('',(-1.,0.,0.));
#11244=DIRECTION('',(0.,0.,-1.));
#11245=DIRECTION('',(-1.,0.,0.));
#11246=DIRECTION('',(1.,0.,0.));
#11247=DIRECTION('',(0.,0.,-1.));
#11248=DIRECTION('',(0.,-1.,0.));
#11249=DIRECTION('',(0.,0.,-1.));
#11250=DIRECTION('',(0.,-1.,0.));
#11251=DIRECTION('',(1.,0.,0.));
#11252=DIRECTION('',(0.,0.,-1.));
#11253=DIRECTION('',(0.,-1.,0.));
#11254=DIRECTION('',(0.,0.,-1.));
#11255=DIRECTION('',(0.,-1.,0.));
#11256=DIRECTION('',(0.,0.,-1.));
#11257=DIRECTION('',(0.,-1.,0.));
#11258=DIRECTION('',(0.,0.,-1.));
#11259=DIRECTION('',(-1.,0.,0.));
#11260=DIRECTION('',(0.,0.,-1.));
#11261=DIRECTION('',(-1.,0.,0.));
#11262=DIRECTION('',(-1.,0.,0.));
#11263=DIRECTION('',(0.,0.,1.));
#11264=DIRECTION('',(0.,1.,0.));
#11265=DIRECTION('',(0.,0.,-1.));
#11266=DIRECTION('',(0.,1.,0.));
#11267=DIRECTION('',(0.650249823545305,-0.759720453179523,0.));
#11268=DIRECTION('',(0.759720453179523,0.650249823545305,0.));
#11269=DIRECTION('',(-0.759720453179523,-0.650249823545305,0.));
#11270=DIRECTION('',(0.,0.,-1.));
#11271=DIRECTION('',(-0.759720453179523,-0.650249823545305,0.));
#11272=DIRECTION('',(0.,0.,-1.));
#11273=DIRECTION('',(0.,1.,0.));
#11274=DIRECTION('',(0.,0.,1.));
#11275=DIRECTION('',(1.,0.,0.));
#11276=DIRECTION('',(0.,0.,-1.));
#11277=DIRECTION('',(1.,0.,0.));
#11278=DIRECTION('',(1.,0.,0.));
#11279=DIRECTION('',(0.,0.,-1.));
#11280=DIRECTION('',(0.,-1.,0.));
#11281=DIRECTION('',(0.,0.,-1.));
#11282=DIRECTION('',(0.,-1.,0.));
#11283=DIRECTION('',(0.,-1.,0.));
#11284=DIRECTION('',(0.,0.,-1.));
#11285=DIRECTION('',(-1.,0.,0.));
#11286=DIRECTION('',(0.,0.,-1.));
#11287=DIRECTION('',(-1.,0.,0.));
#11288=DIRECTION('',(-1.,0.,0.));
#11289=DIRECTION('',(0.,0.,1.));
#11290=DIRECTION('',(0.,1.,0.));
#11291=DIRECTION('',(0.,0.,-1.));
#11292=DIRECTION('',(0.,1.,0.));
#11293=DIRECTION('',(-0.650249823545305,0.759720453179523,0.));
#11294=DIRECTION('',(-0.759720453179523,-0.650249823545305,0.));
#11295=DIRECTION('',(0.759720453179523,0.650249823545305,0.));
#11296=DIRECTION('',(0.,0.,-1.));
#11297=DIRECTION('',(0.759720453179523,0.650249823545305,0.));
#11298=DIRECTION('',(0.,-1.,0.));
#11299=DIRECTION('',(0.,0.,-1.));
#11300=DIRECTION('',(-1.,0.,0.));
#11301=DIRECTION('',(0.,0.,-1.));
#11302=DIRECTION('',(-1.,0.,0.));
#11303=DIRECTION('',(-1.,0.,0.));
#11304=DIRECTION('',(0.,0.,1.));
#11305=DIRECTION('',(0.,1.,0.));
#11306=DIRECTION('',(0.,0.,-1.));
#11307=DIRECTION('',(0.,1.,0.));
#11308=DIRECTION('',(0.,1.,0.));
#11309=DIRECTION('',(0.,0.,1.));
#11310=DIRECTION('',(1.,0.,0.));
#11311=DIRECTION('',(0.,0.,-1.));
#11312=DIRECTION('',(1.,0.,0.));
#11313=DIRECTION('',(0.709107071221236,-0.705100816581602,0.));
#11314=DIRECTION('',(0.705100816581602,0.709107071221236,0.));
#11315=DIRECTION('',(-0.705100816581602,-0.709107071221236,0.));
#11316=DIRECTION('',(0.,0.,-1.));
#11317=DIRECTION('',(-0.705100816581602,-0.709107071221236,0.));
#11318=DIRECTION('',(0.,0.,-1.));
#11319=DIRECTION('',(-0.707106781186543,-0.707106781186552,0.));
#11320=DIRECTION('',(0.707106781186552,-0.707106781186543,0.));
#11321=DIRECTION('',(-0.707106781186552,0.707106781186543,0.));
#11322=DIRECTION('',(0.,0.,-1.));
#11323=DIRECTION('',(-0.707106781186552,0.707106781186543,0.));
#11324=DIRECTION('',(0.707772919962008,-0.70644001427471,0.));
#11325=DIRECTION('',(0.70644001427471,0.707772919962008,0.));
#11326=DIRECTION('',(-0.70644001427471,-0.707772919962008,0.));
#11327=DIRECTION('',(0.,0.,-1.));
#11328=DIRECTION('',(-0.70644001427471,-0.707772919962008,0.));
#11329=DIRECTION('',(-0.707106781186534,-0.707106781186561,0.));
#11330=DIRECTION('',(0.707106781186561,-0.707106781186534,0.));
#11331=DIRECTION('',(-0.707106781186561,0.707106781186534,0.));
#11332=DIRECTION('',(0.,0.,-1.));
#11333=DIRECTION('',(-0.707106781186561,0.707106781186534,0.));
#11334=DIRECTION('',(-0.707106781186549,0.707106781186546,0.));
#11335=DIRECTION('',(-0.707106781186546,-0.707106781186549,0.));
#11336=DIRECTION('',(0.707106781186546,0.707106781186549,0.));
#11337=DIRECTION('',(0.,0.,-1.));
#11338=DIRECTION('',(0.707106781186546,0.707106781186549,0.));
#11339=DIRECTION('',(-0.706440014274703,-0.707772919962016,0.));
#11340=DIRECTION('',(0.707772919962016,-0.706440014274703,0.));
#11341=DIRECTION('',(-0.707772919962016,0.706440014274703,0.));
#11342=DIRECTION('',(0.,0.,-1.));
#11343=DIRECTION('',(-0.707772919962016,0.706440014274703,0.));
#11344=DIRECTION('',(-0.707106781186534,0.707106781186561,0.));
#11345=DIRECTION('',(-0.707106781186561,-0.707106781186534,0.));
#11346=DIRECTION('',(0.707106781186561,0.707106781186534,0.));
#11347=DIRECTION('',(0.,0.,-1.));
#11348=DIRECTION('',(0.707106781186561,0.707106781186534,0.));
#11349=DIRECTION('',(0.707772919962008,0.70644001427471,0.));
#11350=DIRECTION('',(-0.70644001427471,0.707772919962008,0.));
#11351=DIRECTION('',(0.70644001427471,-0.707772919962008,0.));
#11352=DIRECTION('',(0.,0.,-1.));
#11353=DIRECTION('',(0.70644001427471,-0.707772919962008,0.));
#11354=DIRECTION('',(-0.707106781186543,0.707106781186552,0.));
#11355=DIRECTION('',(-0.707106781186552,-0.707106781186543,0.));
#11356=DIRECTION('',(0.707106781186552,0.707106781186543,0.));
#11357=DIRECTION('',(0.,0.,-1.));
#11358=DIRECTION('',(0.707106781186552,0.707106781186543,0.));
#11359=DIRECTION('',(0.709107071221236,0.705100816581602,0.));
#11360=DIRECTION('',(-0.705100816581602,0.709107071221236,0.));
#11361=DIRECTION('',(0.705100816581602,-0.709107071221236,0.));
#11362=DIRECTION('',(0.,0.,-1.));
#11363=DIRECTION('',(0.705100816581602,-0.709107071221236,0.));
#11364=DIRECTION('',(0.707106781186548,-0.707106781186548,0.));
#11365=DIRECTION('',(0.707106781186548,0.707106781186548,0.));
#11366=DIRECTION('',(-0.707106781186547,-0.707106781186547,0.));
#11367=DIRECTION('',(0.,0.,-1.));
#11368=DIRECTION('',(-0.707106781186547,-0.707106781186547,0.));
#11369=DIRECTION('',(-1.,0.,0.));
#11370=DIRECTION('',(0.,0.,1.));
#11371=DIRECTION('',(0.,1.,0.));
#11372=DIRECTION('',(0.,0.,-1.));
#11373=DIRECTION('',(0.,1.,0.));
#11374=DIRECTION('',(0.,0.,-1.));
#11375=DIRECTION('',(0.,0.,-1.));
#11376=DIRECTION('',(-1.,0.,0.));
#11377=DIRECTION('',(0.,0.,1.));
#11378=DIRECTION('',(1.,0.,0.));
#11379=DIRECTION('',(0.,0.,-1.));
#11380=DIRECTION('',(0.,0.,1.));
#11381=DIRECTION('',(1.,0.,0.));
#11382=DIRECTION('',(1.,0.,0.));
#11383=DIRECTION('',(0.,0.,-1.));
#11384=DIRECTION('',(0.,-1.,0.));
#11385=DIRECTION('',(0.,0.,-1.));
#11386=DIRECTION('',(0.,-1.,0.));
#11387=DIRECTION('',(-0.606273578033379,-0.795256152807763,0.));
#11388=DIRECTION('',(0.795256152807764,-0.606273578033379,0.));
#11389=DIRECTION('',(-0.795256152807763,0.606273578033379,0.));
#11390=DIRECTION('',(0.,0.,-1.));
#11391=DIRECTION('',(-0.795256152807763,0.606273578033379,0.));
#11392=DIRECTION('',(0.,0.,-1.));
#11393=DIRECTION('',(0.60627357803338,-0.795256152807762,0.));
#11394=DIRECTION('',(0.795256152807762,0.60627357803338,0.));
#11395=DIRECTION('',(-0.795256152807762,-0.60627357803338,0.));
#11396=DIRECTION('',(0.,0.,-1.));
#11397=DIRECTION('',(-0.795256152807762,-0.60627357803338,0.));
#11398=DIRECTION('',(-1.,0.,0.));
#11399=DIRECTION('',(0.,0.,1.));
#11400=DIRECTION('',(0.,1.,0.));
#11401=DIRECTION('',(0.,0.,-1.));
#11402=DIRECTION('',(0.,1.,0.));
#11403=DIRECTION('',(-0.768725123496609,0.639579302749177,0.));
#11404=DIRECTION('',(-0.639579302749177,-0.768725123496609,0.));
#11405=DIRECTION('',(0.639579302749177,0.768725123496609,0.));
#11406=DIRECTION('',(0.,0.,-1.));
#11407=DIRECTION('',(0.639579302749177,0.768725123496609,0.));
#11408=DIRECTION('',(0.768725123496608,0.639579302749178,0.));
#11409=DIRECTION('',(-0.639579302749178,0.768725123496608,0.));
#11410=DIRECTION('',(0.639579302749178,-0.768725123496608,0.));
#11411=DIRECTION('',(0.,0.,-1.));
#11412=DIRECTION('',(0.639579302749178,-0.768725123496608,0.));
#11413=DIRECTION('',(0.768725123496608,-0.639579302749178,0.));
#11414=DIRECTION('',(0.639579302749178,0.768725123496608,0.));
#11415=DIRECTION('',(-0.639579302749178,-0.768725123496608,0.));
#11416=DIRECTION('',(0.,0.,-1.));
#11417=DIRECTION('',(-0.639579302749178,-0.768725123496608,0.));
#11418=DIRECTION('',(0.,0.,-1.));
#11419=DIRECTION('',(-0.768725123496607,-0.639579302749179,0.));
#11420=DIRECTION('',(0.639579302749179,-0.768725123496608,0.));
#11421=DIRECTION('',(-0.639579302749179,0.768725123496607,0.));
#11422=DIRECTION('',(0.,0.,-1.));
#11423=DIRECTION('',(-0.639579302749179,0.768725123496607,0.));
#11424=DIRECTION('',(-1.,0.,0.));
#11425=DIRECTION('',(0.,0.,1.));
#11426=DIRECTION('',(0.,1.,0.));
#11427=DIRECTION('',(0.,0.,-1.));
#11428=DIRECTION('',(0.,1.,0.));
#11429=DIRECTION('',(0.60627357803339,0.795256152807755,0.));
#11430=DIRECTION('',(-0.795256152807755,0.60627357803339,0.));
#11431=DIRECTION('',(0.795256152807755,-0.60627357803339,0.));
#11432=DIRECTION('',(0.,0.,-1.));
#11433=DIRECTION('',(0.795256152807755,-0.60627357803339,0.));
#11434=DIRECTION('',(-0.606273578033391,0.795256152807754,0.));
#11435=DIRECTION('',(-0.795256152807754,-0.606273578033391,0.));
#11436=DIRECTION('',(0.795256152807754,0.606273578033391,0.));
#11437=DIRECTION('',(0.,0.,-1.));
#11438=DIRECTION('',(0.795256152807754,0.606273578033391,0.));
#11439=DIRECTION('',(0.,1.,0.));
#11440=DIRECTION('',(0.,0.,1.));
#11441=DIRECTION('',(1.,0.,0.));
#11442=DIRECTION('',(1.,0.,0.));
#11443=DIRECTION('',(0.,0.,-1.));
#11444=DIRECTION('',(-1.,0.,0.));
#11445=DIRECTION('',(0.,0.,1.));
#11446=DIRECTION('',(1.,0.,0.));
#11447=DIRECTION('',(0.,0.,1.));
#11448=DIRECTION('',(1.,0.,0.));
#11449=DIRECTION('',(0.,1.,0.));
#11450=DIRECTION('',(0.,0.,1.));
#11451=DIRECTION('',(1.,0.,0.));
#11452=DIRECTION('',(1.,0.,0.));
#11453=DIRECTION('',(0.,1.,0.));
#11454=DIRECTION('',(0.,0.,1.));
#11455=DIRECTION('',(1.,0.,0.));
#11456=DIRECTION('',(1.,0.,0.));
#11457=DIRECTION('',(1.,0.,0.));
#11458=DIRECTION('',(0.,0.,-1.));
#11459=DIRECTION('',(0.,-1.,0.));
#11460=DIRECTION('',(0.,-1.,0.));
#11461=DIRECTION('',(0.,0.,-1.));
#11462=DIRECTION('',(-1.,0.,0.));
#11463=DIRECTION('',(0.,0.,1.));
#11464=DIRECTION('',(1.,0.,0.));
#11465=DIRECTION('',(0.,1.,0.));
#11466=DIRECTION('',(0.,0.,1.));
#11467=DIRECTION('',(1.,0.,0.));
#11468=DIRECTION('',(1.,0.,0.));
#11469=DIRECTION('',(0.,1.,0.));
#11470=DIRECTION('',(0.,0.,1.));
#11471=DIRECTION('',(1.,0.,0.));
#11472=DIRECTION('',(1.,0.,0.));
#11473=DIRECTION('',(0.,0.,-1.));
#11474=DIRECTION('',(-1.,0.,0.));
#11475=DIRECTION('',(0.,0.,1.));
#11476=DIRECTION('',(1.,0.,0.));
#11477=DIRECTION('',(0.,0.,1.));
#11478=DIRECTION('',(1.,0.,0.));
#11479=DIRECTION('',(1.,0.,0.));
#11480=DIRECTION('',(0.,0.,-1.));
#11481=DIRECTION('',(0.,-1.,0.));
#11482=DIRECTION('',(0.,-1.,0.));
#11483=DIRECTION('',(0.,0.,-1.));
#11484=DIRECTION('',(-1.,0.,0.));
#11485=DIRECTION('',(0.,0.,1.));
#11486=DIRECTION('',(1.,0.,0.));
#11487=DIRECTION('',(0.,0.,1.));
#11488=DIRECTION('',(1.,0.,0.));
#11489=DIRECTION('',(0.,1.,0.));
#11490=DIRECTION('',(0.,0.,1.));
#11491=DIRECTION('',(1.,0.,0.));
#11492=DIRECTION('',(1.,0.,0.));
#11493=DIRECTION('',(0.,1.,0.));
#11494=DIRECTION('',(0.,0.,1.));
#11495=DIRECTION('',(1.,0.,0.));
#11496=DIRECTION('',(1.,0.,0.));
#11497=DIRECTION('',(1.,0.,0.));
#11498=DIRECTION('',(0.,0.,-1.));
#11499=DIRECTION('',(0.,-1.,0.));
#11500=DIRECTION('',(0.,-1.,0.));
#11501=DIRECTION('',(0.707772919962018,0.706440014274701,0.));
#11502=DIRECTION('',(-0.706440014274701,0.707772919962018,0.));
#11503=DIRECTION('',(0.706440014274701,-0.707772919962018,0.));
#11504=DIRECTION('',(0.706440014274701,-0.707772919962018,0.));
#11505=DIRECTION('',(0.,0.,-1.));
#11506=DIRECTION('',(-1.,0.,0.));
#11507=DIRECTION('',(0.,0.,1.));
#11508=DIRECTION('',(1.,0.,0.));
#11509=DIRECTION('',(0.,0.,1.));
#11510=DIRECTION('',(1.,0.,0.));
#11511=DIRECTION('',(1.,0.,0.));
#11512=DIRECTION('',(0.,0.,-1.));
#11513=DIRECTION('',(0.,-1.,0.));
#11514=DIRECTION('',(0.,-1.,0.));
#11515=DIRECTION('',(1.,0.,0.));
#11516=DIRECTION('',(0.,0.,-1.));
#11517=DIRECTION('',(0.,-1.,0.));
#11518=DIRECTION('',(0.,-1.,0.));
#11519=DIRECTION('',(0.,0.,-1.));
#11520=DIRECTION('',(-1.,0.,0.));
#11521=DIRECTION('',(0.,0.,1.));
#11522=DIRECTION('',(1.,0.,0.));
#11523=DIRECTION('',(0.,0.,1.));
#11524=DIRECTION('',(1.,0.,0.));
#11525=DIRECTION('',(0.,0.,-1.));
#11526=DIRECTION('',(-1.,0.,0.));
#11527=DIRECTION('',(0.,0.,1.));
#11528=DIRECTION('',(1.,0.,0.));
#11529=DIRECTION('',(0.,0.,1.));
#11530=DIRECTION('',(1.,0.,0.));
#11531=DIRECTION('',(0.,0.,1.));
#11532=DIRECTION('',(1.,0.,0.));
#11533=DIRECTION('',(0.,0.,1.));
#11534=DIRECTION('',(1.,0.,0.));
#11535=DIRECTION('',(0.,0.,1.));
#11536=DIRECTION('',(1.,0.,0.));
#11537=DIRECTION('',(0.,0.,1.));
#11538=DIRECTION('',(1.,0.,0.));
#11539=DIRECTION('',(0.,0.,1.));
#11540=DIRECTION('',(1.,0.,0.));
#11541=DIRECTION('',(0.,0.,1.));
#11542=DIRECTION('',(1.,0.,0.));
#11543=DIRECTION('',(0.,0.,1.));
#11544=DIRECTION('',(1.,0.,0.));
#11545=DIRECTION('',(0.,0.,1.));
#11546=DIRECTION('',(1.,0.,0.));
#11547=DIRECTION('',(0.,0.,1.));
#11548=DIRECTION('',(1.,0.,0.));
#11549=DIRECTION('',(0.,0.,1.));
#11550=DIRECTION('',(1.,0.,0.));
#11551=DIRECTION('',(0.,0.,1.));
#11552=DIRECTION('',(1.,0.,0.));
#11553=DIRECTION('',(0.,0.,1.));
#11554=DIRECTION('',(1.,0.,0.));
#11555=DIRECTION('',(0.,0.,1.));
#11556=DIRECTION('',(1.,0.,0.));
#11557=DIRECTION('',(0.,0.,1.));
#11558=DIRECTION('',(1.,0.,0.));
#11559=DIRECTION('',(0.,0.,1.));
#11560=DIRECTION('',(1.,0.,0.));
#11561=DIRECTION('',(0.,0.,1.));
#11562=DIRECTION('',(1.,0.,0.));
#11563=DIRECTION('',(0.,0.,1.));
#11564=DIRECTION('',(1.,0.,0.));
#11565=DIRECTION('',(0.,0.,1.));
#11566=DIRECTION('',(1.,0.,0.));
#11567=DIRECTION('',(0.,0.,1.));
#11568=DIRECTION('',(1.,0.,0.));
#11569=DIRECTION('',(0.,0.,1.));
#11570=DIRECTION('',(1.,0.,0.));
#11571=DIRECTION('',(0.,0.,1.));
#11572=DIRECTION('',(1.,0.,0.));
#11573=DIRECTION('',(0.,0.,1.));
#11574=DIRECTION('',(1.,0.,0.));
#11575=DIRECTION('',(0.,0.,1.));
#11576=DIRECTION('',(1.,0.,0.));
#11577=DIRECTION('',(0.,0.,1.));
#11578=DIRECTION('',(1.,0.,0.));
#11579=DIRECTION('',(0.,0.,1.));
#11580=DIRECTION('',(1.,0.,0.));
#11581=DIRECTION('',(0.,0.,1.));
#11582=DIRECTION('',(1.,0.,0.));
#11583=DIRECTION('',(0.,0.,1.));
#11584=DIRECTION('',(1.,0.,0.));
#11585=DIRECTION('',(0.,0.,1.));
#11586=DIRECTION('',(1.,0.,0.));
#11587=DIRECTION('',(0.,0.,1.));
#11588=DIRECTION('',(1.,0.,0.));
#11589=DIRECTION('',(0.,0.,1.));
#11590=DIRECTION('',(1.,0.,0.));
#11591=DIRECTION('',(0.,0.,1.));
#11592=DIRECTION('',(1.,0.,0.));
#11593=DIRECTION('',(0.,0.,1.));
#11594=DIRECTION('',(1.,0.,0.));
#11595=DIRECTION('',(0.,0.,1.));
#11596=DIRECTION('',(1.,0.,0.));
#11597=DIRECTION('',(0.,0.,1.));
#11598=DIRECTION('',(1.,0.,0.));
#11599=DIRECTION('',(0.,0.,1.));
#11600=DIRECTION('',(1.,0.,0.));
#11601=DIRECTION('',(0.,0.,1.));
#11602=DIRECTION('',(1.,0.,0.));
#11603=DIRECTION('',(0.,0.,1.));
#11604=DIRECTION('',(1.,0.,0.));
#11605=DIRECTION('',(0.,0.,1.));
#11606=DIRECTION('',(1.,0.,0.));
#11607=DIRECTION('',(0.,0.,1.));
#11608=DIRECTION('',(1.,0.,0.));
#11609=DIRECTION('',(0.,0.,1.));
#11610=DIRECTION('',(1.,0.,0.));
#11611=DIRECTION('',(0.,0.,1.));
#11612=DIRECTION('',(1.,0.,0.));
#11613=DIRECTION('',(0.,0.,-1.));
#11614=DIRECTION('',(-1.,0.,0.));
#11615=DIRECTION('',(0.,0.,-1.));
#11616=DIRECTION('',(0.,0.,1.));
#11617=DIRECTION('',(1.,0.,0.));
#11618=DIRECTION('',(0.,0.,-1.));
#11619=DIRECTION('',(0.,0.,-1.));
#11620=DIRECTION('',(-1.,0.,0.));
#11621=DIRECTION('',(0.,0.,-1.));
#11622=DIRECTION('',(0.,0.,1.));
#11623=DIRECTION('',(1.,0.,0.));
#11624=DIRECTION('',(0.,0.,-1.));
#11625=DIRECTION('',(-1.,0.,0.));
#11626=DIRECTION('',(0.,0.,-1.));
#11627=DIRECTION('',(0.,0.,1.));
#11628=DIRECTION('',(1.,0.,0.));
#11629=DIRECTION('',(0.,0.,-1.));
#11630=DIRECTION('',(-1.,0.,0.));
#11631=DIRECTION('',(0.,0.,-1.));
#11632=DIRECTION('',(0.,0.,1.));
#11633=DIRECTION('',(1.,0.,0.));
#11634=DIRECTION('',(0.,0.,-1.));
#11635=DIRECTION('',(-1.,0.,0.));
#11636=DIRECTION('',(0.,0.,-1.));
#11637=DIRECTION('',(0.,0.,1.));
#11638=DIRECTION('',(1.,0.,0.));
#11639=DIRECTION('',(0.,0.,-1.));
#11640=DIRECTION('',(-1.,0.,0.));
#11641=DIRECTION('',(0.,0.,-1.));
#11642=DIRECTION('',(0.,0.,1.));
#11643=DIRECTION('',(1.,0.,0.));
#11644=DIRECTION('',(0.,0.,-1.));
#11645=DIRECTION('',(-1.,0.,0.));
#11646=DIRECTION('',(0.,0.,-1.));
#11647=DIRECTION('',(0.,0.,1.));
#11648=DIRECTION('',(1.,0.,0.));
#11649=DIRECTION('',(0.,0.,-1.));
#11650=DIRECTION('',(-1.,0.,0.));
#11651=DIRECTION('',(0.,0.,-1.));
#11652=DIRECTION('',(0.,0.,1.));
#11653=DIRECTION('',(1.,0.,0.));
#11654=DIRECTION('',(0.,0.,-1.));
#11655=DIRECTION('',(-1.,0.,0.));
#11656=DIRECTION('',(0.,0.,-1.));
#11657=DIRECTION('',(0.,0.,1.));
#11658=DIRECTION('',(1.,0.,0.));
#11659=DIRECTION('',(0.,0.,-1.));
#11660=DIRECTION('',(-1.,0.,0.));
#11661=DIRECTION('',(0.,0.,-1.));
#11662=DIRECTION('',(0.,0.,1.));
#11663=DIRECTION('',(1.,0.,0.));
#11664=DIRECTION('',(0.,0.,-1.));
#11665=DIRECTION('',(-1.,0.,0.));
#11666=DIRECTION('',(0.,0.,-1.));
#11667=DIRECTION('',(0.,0.,1.));
#11668=DIRECTION('',(1.,0.,0.));
#11669=DIRECTION('',(0.,0.,-1.));
#11670=DIRECTION('',(-1.,0.,0.));
#11671=DIRECTION('',(0.,0.,-1.));
#11672=DIRECTION('',(0.,0.,1.));
#11673=DIRECTION('',(1.,0.,0.));
#11674=DIRECTION('',(0.,0.,-1.));
#11675=DIRECTION('',(-1.,0.,0.));
#11676=DIRECTION('',(0.,0.,-1.));
#11677=DIRECTION('',(0.,0.,1.));
#11678=DIRECTION('',(1.,0.,0.));
#11679=DIRECTION('',(0.,0.,-1.));
#11680=DIRECTION('',(-1.,0.,0.));
#11681=DIRECTION('',(0.,0.,-1.));
#11682=DIRECTION('',(0.,0.,1.));
#11683=DIRECTION('',(1.,0.,0.));
#11684=DIRECTION('',(0.,0.,-1.));
#11685=DIRECTION('',(-1.,0.,0.));
#11686=DIRECTION('',(0.,0.,-1.));
#11687=DIRECTION('',(0.,0.,1.));
#11688=DIRECTION('',(1.,0.,0.));
#11689=DIRECTION('',(0.,0.,-1.));
#11690=DIRECTION('',(-1.,0.,0.));
#11691=DIRECTION('',(0.,0.,-1.));
#11692=DIRECTION('',(0.,0.,1.));
#11693=DIRECTION('',(1.,0.,0.));
#11694=DIRECTION('',(0.,0.,-1.));
#11695=DIRECTION('',(-1.,0.,0.));
#11696=DIRECTION('',(0.,0.,-1.));
#11697=DIRECTION('',(0.,0.,1.));
#11698=DIRECTION('',(1.,0.,0.));
#11699=DIRECTION('',(0.,0.,-1.));
#11700=DIRECTION('',(-1.,0.,0.));
#11701=DIRECTION('',(0.,0.,-1.));
#11702=DIRECTION('',(0.,0.,1.));
#11703=DIRECTION('',(1.,0.,0.));
#11704=DIRECTION('',(0.,0.,-1.));
#11705=DIRECTION('',(-1.,0.,0.));
#11706=DIRECTION('',(0.,0.,-1.));
#11707=DIRECTION('',(0.,0.,1.));
#11708=DIRECTION('',(1.,0.,0.));
#11709=DIRECTION('',(0.,0.,-1.));
#11710=DIRECTION('',(-1.,0.,0.));
#11711=DIRECTION('',(0.,0.,-1.));
#11712=DIRECTION('',(0.,0.,1.));
#11713=DIRECTION('',(1.,0.,0.));
#11714=DIRECTION('',(0.,0.,-1.));
#11715=DIRECTION('',(-1.,0.,0.));
#11716=DIRECTION('',(0.,0.,1.));
#11717=DIRECTION('',(1.,0.,0.));
#11718=DIRECTION('',(0.,0.,1.));
#11719=DIRECTION('',(1.,0.,0.));
#11720=DIRECTION('',(1.,0.,0.));
#11721=DIRECTION('',(0.,0.,-1.));
#11722=DIRECTION('',(0.,0.,-1.));
#11723=DIRECTION('',(0.,0.,-1.));
#11724=DIRECTION('',(0.499999999999999,0.866025403784439,0.));
#11725=DIRECTION('',(-0.866025403784439,0.499999999999999,0.));
#11726=DIRECTION('',(0.,0.,-1.));
#11727=DIRECTION('',(-0.499999999999999,0.866025403784439,0.));
#11728=DIRECTION('',(-0.866025403784439,-0.499999999999999,0.));
#11729=DIRECTION('',(0.,0.,-1.));
#11730=DIRECTION('',(-1.,0.,0.));
#11731=DIRECTION('',(0.,0.,1.));
#11732=DIRECTION('',(0.,0.,-1.));
#11733=DIRECTION('',(-0.5,-0.866025403784439,0.));
#11734=DIRECTION('',(0.866025403784439,-0.5,0.));
#11735=DIRECTION('',(0.,0.,-1.));
#11736=DIRECTION('',(0.5,-0.866025403784439,0.));
#11737=DIRECTION('',(0.866025403784439,0.5,0.));
#11738=DIRECTION('',(1.,0.,0.));
#11739=DIRECTION('',(0.,0.,-1.));
#11740=DIRECTION('',(0.,0.,1.));
#11741=DIRECTION('',(1.,0.,0.));
#11742=DIRECTION('',(0.,0.,-1.));
#11743=DIRECTION('',(-1.,0.,0.));
#11744=DIRECTION('',(0.,0.,1.));
#11745=DIRECTION('',(1.,0.,0.));
#11746=DIRECTION('',(0.,0.,1.));
#11747=DIRECTION('',(1.,0.,0.));
#11748=DIRECTION('',(0.,0.,-1.));
#11749=DIRECTION('',(-1.,0.,0.));
#11750=DIRECTION('',(0.,0.,1.));
#11751=DIRECTION('',(1.,0.,0.));
#11752=DIRECTION('',(-0.707106781186548,0.707106781186548,0.));
#11753=DIRECTION('',(-0.707106781186548,-0.707106781186548,0.));
#11754=DIRECTION('',(0.,0.,1.));
#11755=DIRECTION('',(-0.577350269189626,-0.577350269189626,-0.577350269189626));
#11756=DIRECTION('',(0.,0.,1.));
#11757=DIRECTION('',(-0.707106781186548,-0.707106781186548,0.));
#11758=DIRECTION('',(-1.,0.,0.));
#11759=DIRECTION('',(0.,0.,1.));
#11760=DIRECTION('',(0.,1.,0.));
#11761=DIRECTION('',(0.,0.,1.));
#11762=DIRECTION('',(0.,-1.,0.));
#11763=DIRECTION('',(0.,0.,-1.));
#11764=DIRECTION('',(0.,-1.,0.));
#11765=DIRECTION('',(0.,0.,1.));
#11766=DIRECTION('',(0.,-1.,0.));
#11767=DIRECTION('',(-0.707106781186545,-0.70710678118655,0.));
#11768=DIRECTION('',(0.70710678118655,-0.707106781186545,0.));
#11769=DIRECTION('',(0.70710678118655,-0.707106781186545,0.));
#11770=DIRECTION('',(0.,0.,1.));
#11771=DIRECTION('',(0.70710678118655,-0.707106781186545,0.));
#11772=DIRECTION('',(0.,-1.,0.));
#11773=DIRECTION('',(0.,0.,-1.));
#11774=DIRECTION('',(1.,0.,0.));
#11775=DIRECTION('',(0.,0.,1.));
#11776=DIRECTION('',(1.,0.,0.));
#11777=DIRECTION('',(-0.707106781186548,-0.707106781186548,0.));
#11778=DIRECTION('',(0.707106781186548,-0.707106781186548,0.));
#11779=DIRECTION('',(0.707106781186548,-0.707106781186548,0.));
#11780=DIRECTION('',(0.577350269189626,-0.577350269189626,-0.577350269189626));
#11781=DIRECTION('',(0.,0.,1.));
#11782=DIRECTION('',(0.707106781186548,-0.707106781186548,0.));
#11783=DIRECTION('',(-1.,0.,0.));
#11784=DIRECTION('',(0.,0.,1.));
#11785=DIRECTION('',(0.,-0.707106781186548,-0.707106781186548));
#11786=DIRECTION('',(0.,0.,-1.));
#11787=DIRECTION('',(0.,-1.,0.));
#11788=DIRECTION('',(0.,0.,1.));
#11789=DIRECTION('',(0.,-1.,0.));
#11790=DIRECTION('',(0.707106781186548,0.707106781186547,0.));
#11791=DIRECTION('',(-0.707106781186547,0.707106781186548,0.));
#11792=DIRECTION('',(0.,0.,1.));
#11793=DIRECTION('',(-0.577350269189625,0.577350269189626,0.577350269189626));
#11794=DIRECTION('',(0.,0.,1.));
#11795=DIRECTION('',(-0.707106781186547,0.707106781186548,0.));
#11796=DIRECTION('',(1.,0.,0.));
#11797=DIRECTION('',(0.,0.,-1.));
#11798=DIRECTION('',(0.,0.,1.));
#11799=DIRECTION('',(0.,1.,0.));
#11800=DIRECTION('',(0.,0.,-1.));
#11801=DIRECTION('',(0.,-1.,0.));
#11802=DIRECTION('',(0.,1.,0.));
#11803=DIRECTION('',(0.,0.,1.));
#11804=DIRECTION('',(0.,1.,0.));
#11805=DIRECTION('',(0.707106781186548,0.707106781186547,0.));
#11806=DIRECTION('',(-0.707106781186547,0.707106781186548,0.));
#11807=DIRECTION('',(-0.577350269189625,0.577350269189626,0.577350269189626));
#11808=DIRECTION('',(0.,0.,1.));
#11809=DIRECTION('',(-0.707106781186547,0.707106781186548,0.));
#11810=DIRECTION('',(0.,1.,0.));
#11811=DIRECTION('',(0.,0.,1.));
#11812=DIRECTION('',(-1.,0.,0.));
#11813=DIRECTION('',(-1.,0.,0.));
#11814=DIRECTION('',(0.,0.,1.));
#11815=DIRECTION('',(1.,0.,0.));
#11816=DIRECTION('',(-1.,0.,0.));
#11817=DIRECTION('',(-0.707106781186549,0.707106781186546,0.));
#11818=DIRECTION('',(0.,1.,0.));
#11819=DIRECTION('',(0.707106781186547,0.707106781186548,0.));
#11820=DIRECTION('',(1.,0.,0.));
#11821=DIRECTION('',(0.707106781186547,0.707106781186548,0.));
#11822=DIRECTION('',(0.,1.,0.));
#11823=DIRECTION('',(-0.707106781186547,0.707106781186547,0.));
#11824=DIRECTION('',(-1.,0.,0.));
#11825=DIRECTION('',(-0.707106781186547,0.707106781186548,0.));
#11826=DIRECTION('',(-3.27124624715302E-16,1.,0.));
#11827=DIRECTION('',(0.707106781186547,0.707106781186548,0.));
#11828=DIRECTION('',(1.,0.,0.));
#11829=DIRECTION('',(0.707106781186548,-0.707106781186547,0.));
#11830=DIRECTION('',(-0.707106781186547,-0.707106781186548,0.));
#11831=DIRECTION('',(0.707106781186548,-0.707106781186547,0.));
#11832=DIRECTION('',(0.707106781186548,-0.707106781186547,0.));
#11833=DIRECTION('',(0.,0.,1.));
#11834=DIRECTION('',(0.,-1.,0.));
#11835=DIRECTION('',(0.,0.,-1.));
#11836=DIRECTION('',(1.,0.,0.));
#11837=DIRECTION('',(0.,0.,1.));
#11838=DIRECTION('',(0.707106781186548,-0.707106781186547,0.));
#11839=DIRECTION('',(0.707106781186547,0.707106781186548,0.));
#11840=DIRECTION('',(0.707106781186547,0.707106781186548,0.));
#11841=DIRECTION('',(0.,0.,1.));
#11842=DIRECTION('',(1.,3.27124624715302E-16,0.));
#11843=DIRECTION('',(-3.27124624715302E-16,1.,0.));
#11844=DIRECTION('',(-3.27124624715302E-16,1.,0.));
#11845=DIRECTION('',(0.,0.,1.));
#11846=DIRECTION('',(0.707106781186548,0.707106781186547,0.));
#11847=DIRECTION('',(-0.707106781186547,0.707106781186548,0.));
#11848=DIRECTION('',(-0.707106781186547,0.707106781186548,0.));
#11849=DIRECTION('',(0.,0.,1.));
#11850=DIRECTION('',(0.,1.,0.));
#11851=DIRECTION('',(0.,0.,1.));
#11852=DIRECTION('',(-1.,0.,0.));
#11853=DIRECTION('',(0.,0.,1.));
#11854=DIRECTION('',(0.707106781186547,0.707106781186547,0.));
#11855=DIRECTION('',(-0.707106781186548,0.707106781186548,0.));
#11856=DIRECTION('',(-0.707106781186547,0.707106781186547,0.));
#11857=DIRECTION('',(0.,0.,1.));
#11858=DIRECTION('',(1.,0.,0.));
#11859=DIRECTION('',(0.,0.,-1.));
#11860=DIRECTION('',(0.,1.,0.));
#11861=DIRECTION('',(0.,0.,1.));
#11862=DIRECTION('',(0.707106781186548,-0.707106781186547,0.));
#11863=DIRECTION('',(0.707106781186547,0.707106781186548,0.));
#11864=DIRECTION('',(0.707106781186547,0.707106781186548,0.));
#11865=DIRECTION('',(0.,0.,1.));
#11866=DIRECTION('',(0.,-1.,0.));
#11867=DIRECTION('',(0.,0.,-1.));
#11868=DIRECTION('',(1.,0.,0.));
#11869=DIRECTION('',(0.,0.,1.));
#11870=DIRECTION('',(0.707106781186548,-0.707106781186547,0.));
#11871=DIRECTION('',(0.707106781186547,0.707106781186548,0.));
#11872=DIRECTION('',(0.707106781186547,0.707106781186548,0.));
#11873=DIRECTION('',(0.,0.,1.));
#11874=DIRECTION('',(1.,0.,0.));
#11875=DIRECTION('',(0.,0.,-1.));
#11876=DIRECTION('',(0.,1.,0.));
#11877=DIRECTION('',(0.,0.,1.));
#11878=DIRECTION('',(0.707106781186546,0.707106781186549,0.));
#11879=DIRECTION('',(-0.707106781186549,0.707106781186546,0.));
#11880=DIRECTION('',(-0.707106781186549,0.707106781186546,0.));
#11881=DIRECTION('',(0.,0.,1.));
#11882=DIRECTION('',(0.,1.,0.));
#11883=DIRECTION('',(0.,0.,1.));
#11884=DIRECTION('',(-1.,0.,0.));
#11885=DIRECTION('',(-1.,0.,0.));
#11886=DIRECTION('',(0.,0.,1.));
#11887=DIRECTION('',(1.,0.,0.));
#11888=DIRECTION('',(0.,0.,-1.));
#11889=DIRECTION('',(-1.,0.,0.));
#11890=DIRECTION('',(0.,0.,1.));
#11891=DIRECTION('',(1.,0.,0.));
#11892=DIRECTION('',(0.,0.,1.));
#11893=DIRECTION('',(1.,0.,0.));
#11894=DIRECTION('',(0.,0.707106781186548,-0.707106781186548));
#11895=DIRECTION('',(0.,0.707106781186548,0.707106781186548));
#11896=DIRECTION('',(-1.,0.,0.));
#11897=DIRECTION('',(0.,0.,-1.));
#11898=DIRECTION('',(-1.,0.,0.));
#11899=DIRECTION('',(0.,0.,-1.));
#11900=DIRECTION('',(-1.,0.,0.));
#11901=DIRECTION('',(0.,0.,-1.));
#11902=DIRECTION('',(-1.,0.,0.));
#11903=DIRECTION('',(0.,0.,-1.));
#11904=DIRECTION('',(-1.,0.,0.));
#11905=DIRECTION('',(-1.,0.,0.));
#11906=DIRECTION('',(0.,0.707106781186547,-0.707106781186547));
#11907=DIRECTION('',(0.,0.707106781186548,0.707106781186548));
#11908=DIRECTION('',(0.,0.,1.));
#11909=DIRECTION('',(1.,0.,0.));
#11910=DIRECTION('',(0.,0.,-1.));
#11911=DIRECTION('',(-1.,0.,0.));
#11912=DIRECTION('',(0.,0.,-1.));
#11913=DIRECTION('',(-1.,0.,0.));
#11914=DIRECTION('',(0.,0.,1.));
#11915=DIRECTION('',(1.,0.,0.));
#11916=DIRECTION('',(0.,0.,-1.));
#11917=DIRECTION('',(-1.,0.,0.));
#11918=DIRECTION('',(0.,0.,-1.));
#11919=DIRECTION('',(-1.,0.,0.));
#11920=DIRECTION('',(0.,0.,-1.));
#11921=DIRECTION('',(-1.,0.,0.));
#11922=DIRECTION('',(-0.342020143325668,-0.939692620785909,0.));
#11923=DIRECTION('',(0.939692620785909,-0.342020143325668,0.));
#11924=DIRECTION('',(-0.939692620785909,0.342020143325668,0.));
#11925=DIRECTION('',(0.,0.,-1.));
#11926=DIRECTION('',(0.939692620785909,-0.342020143325668,0.));
#11927=DIRECTION('',(0.,0.,1.));
#11928=DIRECTION('',(-0.342020143325668,0.939692620785909,0.));
#11929=DIRECTION('',(-0.939692620785909,-0.342020143325668,0.));
#11930=DIRECTION('',(-0.939692620785909,-0.342020143325668,0.));
#11931=DIRECTION('',(0.,0.,1.));
#11932=DIRECTION('',(0.939692620785909,0.342020143325668,0.));
#11933=DIRECTION('',(0.,0.,-1.));
#11934=DIRECTION('',(-1.,0.,0.));
#11935=DIRECTION('',(0.,0.,1.));
#11936=DIRECTION('',(0.,1.,0.));
#11937=DIRECTION('',(0.,0.,-1.));
#11938=DIRECTION('',(0.,-1.,0.));
#11939=DIRECTION('',(0.,0.,1.));
#11940=DIRECTION('',(0.,0.,1.));
#11941=DIRECTION('',(1.,0.,0.));
#11942=DIRECTION('',(-0.939692620785909,-0.342020143325668,0.));
#11943=DIRECTION('',(0.,1.,0.));
#11944=DIRECTION('',(0.939692620785909,-0.342020143325668,0.));
#11945=DIRECTION('',(0.,-1.,0.));
#11946=DIRECTION('',(0.,0.,1.));
#11947=DIRECTION('',(1.,0.,0.));
#11948=DIRECTION('',(-0.939692620785909,0.342020143325668,0.));
#11949=DIRECTION('',(0.,-1.,0.));
#11950=DIRECTION('',(0.939692620785909,0.342020143325668,0.));
#11951=DIRECTION('',(0.,1.,0.));
#11952=DIRECTION('',(0.342020143325724,-0.939692620785888,0.));
#11953=DIRECTION('',(0.939692620785888,0.342020143325724,0.));
#11954=DIRECTION('',(0.939692620785888,0.342020143325724,0.));
#11955=DIRECTION('',(0.,0.,1.));
#11956=DIRECTION('',(-0.939692620785888,-0.342020143325724,0.));
#11957=DIRECTION('',(0.,0.,-1.));
#11958=DIRECTION('',(1.,0.,0.));
#11959=DIRECTION('',(0.,0.,-1.));
#11960=DIRECTION('',(0.,1.,0.));
#11961=DIRECTION('',(0.,0.,1.));
#11962=DIRECTION('',(0.,-1.,0.));
#11963=DIRECTION('',(0.,0.,-1.));
#11964=DIRECTION('',(0.342020143325727,0.939692620785887,0.));
#11965=DIRECTION('',(-0.939692620785887,0.342020143325727,0.));
#11966=DIRECTION('',(0.939692620785887,-0.342020143325727,0.));
#11967=DIRECTION('',(0.,0.,-1.));
#11968=DIRECTION('',(-0.939692620785887,0.342020143325727,0.));
#11969=DIRECTION('',(0.,0.,1.));
#11970=DIRECTION('',(0.,0.,1.));
#11971=DIRECTION('',(1.,0.,0.));
#11972=DIRECTION('',(0.939692620785888,0.342020143325724,0.));
#11973=DIRECTION('',(0.,-1.,0.));
#11974=DIRECTION('',(-0.939692620785887,0.342020143325727,0.));
#11975=DIRECTION('',(0.,1.,0.));
#11976=DIRECTION('',(0.,0.,1.));
#11977=DIRECTION('',(1.,0.,0.));
#11978=DIRECTION('',(0.939692620785887,-0.342020143325727,0.));
#11979=DIRECTION('',(0.,1.,0.));
#11980=DIRECTION('',(-0.939692620785888,-0.342020143325724,0.));
#11981=DIRECTION('',(0.,-1.,0.));
#11982=DIRECTION('',(0.,0.,-1.));
#11983=DIRECTION('',(-1.,0.,0.));
#11984=DIRECTION('',(0.,0.,-1.));
#11985=DIRECTION('',(-1.,0.,0.));
#11986=DIRECTION('',(0.,0.,1.));
#11987=DIRECTION('',(1.,0.,0.));
#11988=DIRECTION('',(0.,0.,-1.));
#11989=DIRECTION('',(-1.,0.,0.));
#11990=DIRECTION('',(0.,0.,-1.));
#11991=DIRECTION('',(-1.,0.,0.));
#11992=DIRECTION('',(0.,0.,-1.));
#11993=DIRECTION('',(-1.,0.,0.));
#11994=DIRECTION('',(0.,0.,-1.));
#11995=DIRECTION('',(-1.,0.,0.));
#11996=DIRECTION('',(0.,0.,1.));
#11997=DIRECTION('',(1.,0.,0.));
#11998=DIRECTION('',(0.,0.,-1.));
#11999=DIRECTION('',(-1.,0.,0.));
#12000=DIRECTION('',(0.,0.,-1.));
#12001=DIRECTION('',(-1.,0.,0.));
#12002=DIRECTION('',(0.707106781186548,0.,0.707106781186547));
#12003=DIRECTION('',(0.,1.,0.));
#12004=DIRECTION('',(0.691735063952612,-0.207376957729034,-0.691735063952614));
#12005=DIRECTION('',(-0.69173506395261,-0.207376957729044,0.691735063952612));
#12006=DIRECTION('',(0.687691906094393,0.481527056613071,0.543333724373715));
#12007=DIRECTION('',(0.619938802168723,0.,-0.784650165083529));
#12008=DIRECTION('',(-0.0417167288174866,-0.720945431940068,0.691735063952607));
#12009=DIRECTION('',(-0.573576436351024,0.819152044289007,-4.9881092272235E-16));
#12010=DIRECTION('',(0.687691906094396,-0.481527056613073,0.54333372437371));
#12011=DIRECTION('',(0.619938802168718,0.,-0.784650165083533));
#12012=DIRECTION('',(0.573576436351024,0.819152044289007,1.69595713725601E-15));
#12013=DIRECTION('',(0.0417167288174827,-0.720945431940065,-0.69173506395261));
#12014=DIRECTION('',(0.819152044289007,0.573576436351024,0.));
#12015=DIRECTION('',(0.,0.,1.));
#12016=DIRECTION('',(0.573576436351024,-0.819152044289007,-2.05075484212068E-15));
#12017=DIRECTION('',(0.241844762648016,0.664463024388657,0.707106781186551));
#12018=DIRECTION('',(-0.939692620785887,0.342020143325727,0.));
#12019=DIRECTION('',(-0.707106781186545,0.,-0.70710678118655));
#12020=DIRECTION('',(0.,1.,0.));
#12021=DIRECTION('',(0.70710678118655,0.,-0.707106781186545));
#12022=DIRECTION('',(-0.70710678118655,0.,0.707106781186545));
#12023=DIRECTION('',(0.241844762648015,-0.66446302438866,0.707106781186547));
#12024=DIRECTION('',(0.939692620785888,0.342020143325724,0.));
#12025=DIRECTION('',(0.819152044289007,-0.573576436351024,0.));
#12026=DIRECTION('',(0.,0.,1.));
#12027=DIRECTION('',(-0.573576436351024,-0.819152044289007,1.57969949501396E-15));
#12028=DIRECTION('',(-0.707106781186548,0.,0.707106781186547));
#12029=DIRECTION('',(0.,-1.,0.));
#12030=DIRECTION('',(0.691735063952611,-0.207376957729044,0.691735063952612));
#12031=DIRECTION('',(-0.691735063952611,-0.207376957729046,-0.691735063952611));
#12032=DIRECTION('',(0.687691906094395,0.481527056613073,-0.543333724373711));
#12033=DIRECTION('',(-0.619938802168719,0.,-0.784650165083532));
#12034=DIRECTION('',(-0.0417167288174753,-0.720945431940071,-0.691735063952604));
#12035=DIRECTION('',(0.573576436351019,-0.819152044289011,0.));
#12036=DIRECTION('',(-0.573576436351035,-0.819152044288999,0.));
#12037=DIRECTION('',(0.687691906094396,-0.481527056613073,-0.54333372437371));
#12038=DIRECTION('',(-0.619938802168718,0.,-0.784650165083533));
#12039=DIRECTION('',(0.0417167288174807,-0.720945431940066,0.691735063952609));
#12040=DIRECTION('',(-0.241844762648015,-0.664463024388656,0.707106781186551));
#12041=DIRECTION('',(0.939692620785887,-0.342020143325727,0.));
#12042=DIRECTION('',(-0.819152044289011,-0.573576436351019,0.));
#12043=DIRECTION('',(0.,0.,-1.));
#12044=DIRECTION('',(-0.573576436351019,0.819152044289011,0.));
#12045=DIRECTION('',(-0.819152044289,0.573576436351035,0.));
#12046=DIRECTION('',(0.,0.,-1.));
#12047=DIRECTION('',(0.573576436351035,0.819152044288999,0.));
#12048=DIRECTION('',(-0.241844762648014,0.66446302438866,0.707106781186548));
#12049=DIRECTION('',(-0.939692620785888,-0.342020143325724,0.));
#12050=DIRECTION('',(0.707106781186553,0.,0.707106781186542));
#12051=DIRECTION('',(-0.707106781186553,0.,-0.707106781186542));
#12052=DIRECTION('',(0.707106781186542,0.,-0.707106781186553));
#12053=DIRECTION('',(0.,-1.,0.));
#12054=DIRECTION('',(-0.819152044288991,-0.573576436351047,0.));
#12055=DIRECTION('',(0.,0.,1.));
#12056=DIRECTION('',(-0.573576436351047,0.819152044288991,-9.97621845444704E-17));
#12057=DIRECTION('',(0.573576436351047,-0.819152044288991,-9.97621845444721E-17));
#12058=DIRECTION('',(-0.687691906094381,-0.481527056613091,-0.543333724373714));
#12059=DIRECTION('',(-0.619938802168729,0.,0.784650165083524));
#12060=DIRECTION('',(0.0417167288174814,0.720945431940057,-0.691735063952619));
#12061=DIRECTION('',(-0.691735063952615,0.207376957729011,0.691735063952617));
#12062=DIRECTION('',(-0.687691906094384,-0.481527056613093,0.543333724373707));
#12063=DIRECTION('',(0.619938802168722,0.,0.784650165083529));
#12064=DIRECTION('',(-0.691735063952613,0.207376957729023,-0.691735063952616));
#12065=DIRECTION('',(0.0417167288174697,0.720945431940059,0.691735063952618));
#12066=DIRECTION('',(0.707106781186548,0.,0.707106781186547));
#12067=DIRECTION('',(0.,1.,0.));
#12068=DIRECTION('',(0.691735063952617,0.207376957729,-0.691735063952619));
#12069=DIRECTION('',(0.241844762647976,0.664463024388677,0.707106781186545));
#12070=DIRECTION('',(-0.939692620785909,0.342020143325668,0.));
#12071=DIRECTION('',(0.819152044288991,0.573576436351047,0.));
#12072=DIRECTION('',(0.,0.,-1.));
#12073=DIRECTION('',(-0.573576436351047,0.819152044288991,0.));
#12074=DIRECTION('',(0.573576436351047,-0.819152044288991,0.));
#12075=DIRECTION('',(-0.241844762647976,-0.664463024388678,0.707106781186544));
#12076=DIRECTION('',(0.939692620785909,-0.342020143325668,0.));
#12077=DIRECTION('',(-0.707106781186549,0.,0.707106781186546));
#12078=DIRECTION('',(0.,-1.,0.));
#12079=DIRECTION('',(0.691735063952616,0.207376957729,0.691735063952619));
#12080=DIRECTION('',(-0.819152044288991,0.573576436351047,0.));
#12081=DIRECTION('',(0.,0.,1.));
#12082=DIRECTION('',(0.573576436351047,0.819152044288991,1.99524369088938E-16));
#12083=DIRECTION('',(-0.573576436351047,-0.819152044288991,2.77555756156289E-17));
#12084=DIRECTION('',(-0.687691906094378,0.481527056613089,-0.543333724373719));
#12085=DIRECTION('',(-0.619938802168735,0.,0.78465016508352));
#12086=DIRECTION('',(-0.0417167288174777,0.720945431940065,0.691735063952611));
#12087=DIRECTION('',(-0.707106781186554,0.,0.707106781186541));
#12088=DIRECTION('',(0.707106781186551,0.,0.707106781186544));
#12089=DIRECTION('',(-0.687691906094378,0.481527056613089,0.543333724373719));
#12090=DIRECTION('',(0.619938802168734,0.,0.78465016508352));
#12091=DIRECTION('',(-0.0417167288174779,0.720945431940064,-0.691735063952611));
#12092=DIRECTION('',(0.241844762647973,-0.66446302438867,0.707106781186552));
#12093=DIRECTION('',(0.939692620785909,0.342020143325668,0.));
#12094=DIRECTION('',(-0.707106781186541,0.,-0.707106781186554));
#12095=DIRECTION('',(0.,1.,0.));
#12096=DIRECTION('',(0.707106781186554,0.,-0.707106781186541));
#12097=DIRECTION('',(0.707106781186544,0.,-0.707106781186551));
#12098=DIRECTION('',(0.,-1.,0.));
#12099=DIRECTION('',(-0.707106781186551,0.,-0.707106781186544));
#12100=DIRECTION('',(-0.241844762647973,0.664463024388671,0.707106781186552));
#12101=DIRECTION('',(-0.939692620785909,-0.342020143325668,0.));
#12102=DIRECTION('',(-0.573576436351042,-0.819152044288994,0.));
#12103=DIRECTION('',(0.573576436351042,0.819152044288994,0.));
#12104=DIRECTION('',(0.819152044288994,-0.573576436351042,0.));
#12105=DIRECTION('',(0.,0.,-1.));
#12106=DIRECTION('',(1.,0.,0.));
#12107=DIRECTION('',(0.,0.,1.));
#12108=DIRECTION('',(-1.,0.,0.));
#12109=DIRECTION('',(0.,0.,-1.));
#12110=CARTESIAN_POINT('',(0.,0.,0.));
#12111=CARTESIAN_POINT('',(26.9,78.,11.));
#12112=CARTESIAN_POINT('',(26.9,14.5,0.));
#12113=CARTESIAN_POINT('',(26.9,8.10025990325012,-4.8003465181226));
#12114=CARTESIAN_POINT('',(26.9,20.8997400967499,-4.8003465181226));
#12115=CARTESIAN_POINT('',(26.9,8.10025990325012,-4.8003465181226));
#12116=CARTESIAN_POINT('',(26.9,8.03516006134006,-4.71355651931917));
#12117=CARTESIAN_POINT('',(26.9,8.,-4.60798219162993));
#12118=CARTESIAN_POINT('',(26.9,8.,-4.49949202806768));
#12119=CARTESIAN_POINT('',(26.9,8.,-4.49949202806768));
#12120=CARTESIAN_POINT('',(26.9,8.,-13.));
#12121=CARTESIAN_POINT('',(26.9,8.,4.49949202806771));
#12122=CARTESIAN_POINT('',(26.9,8.,4.49949202806771));
#12123=CARTESIAN_POINT('',(26.9,8.,4.6079822000576));
#12124=CARTESIAN_POINT('',(26.9,8.03516005314555,4.71355650839439));
#12125=CARTESIAN_POINT('',(26.9,8.10025990325012,4.8003465181226));
#12126=CARTESIAN_POINT('',(26.9,8.10025990325012,4.8003465181226));
#12127=CARTESIAN_POINT('',(26.9,14.5,0.));
#12128=CARTESIAN_POINT('',(26.9,20.8997400967499,4.8003465181226));
#12129=CARTESIAN_POINT('',(26.9,20.8997400967499,4.8003465181226));
#12130=CARTESIAN_POINT('',(26.9,20.9648399386599,4.71355651931917));
#12131=CARTESIAN_POINT('',(26.9,21.,4.60798219162993));
#12132=CARTESIAN_POINT('',(26.9,21.,4.49949202806768));
#12133=CARTESIAN_POINT('',(26.9,21.,4.49949202806768));
#12134=CARTESIAN_POINT('',(26.9,21.,13.));
#12135=CARTESIAN_POINT('',(26.9,21.,-4.49949202806771));
#12136=CARTESIAN_POINT('',(26.9,21.,-4.49949202806771));
#12137=CARTESIAN_POINT('',(26.9,21.,-4.6079822000576));
#12138=CARTESIAN_POINT('',(26.9,20.9648399468545,-4.71355650839439));
#12139=CARTESIAN_POINT('',(26.9,20.8997400967499,-4.8003465181226));
#12140=CARTESIAN_POINT('',(26.9,78.,11.));
#12141=CARTESIAN_POINT('',(26.9,57.85,11.));
#12142=CARTESIAN_POINT('',(26.9,0.5,11.));
#12143=CARTESIAN_POINT('',(26.9,0.5,11.));
#12144=CARTESIAN_POINT('',(26.9,0.5,-11.));
#12145=CARTESIAN_POINT('',(26.9,78.,-11.));
#12146=CARTESIAN_POINT('',(26.9,57.85,-11.));
#12147=CARTESIAN_POINT('',(26.9,57.85,-10.6));
#12148=CARTESIAN_POINT('',(26.9,57.85,-10.6));
#12149=CARTESIAN_POINT('',(26.9,59.75,-10.6));
#12150=CARTESIAN_POINT('',(26.9,61.65,-10.6));
#12151=CARTESIAN_POINT('',(26.9,61.65,-11.5));
#12152=CARTESIAN_POINT('',(26.9,61.65,-11.));
#12153=CARTESIAN_POINT('',(26.9,78.,-11.));
#12154=CARTESIAN_POINT('',(26.9,77.5,-11.));
#12155=CARTESIAN_POINT('',(26.9,77.5,11.));
#12156=CARTESIAN_POINT('',(26.9,77.5,-7.50000000000006));
#12157=CARTESIAN_POINT('',(26.9,74.7828427124746,-7.50000000000006));
#12158=CARTESIAN_POINT('',(26.9,74.7828427124746,-7.50000000000006));
#12159=CARTESIAN_POINT('',(26.9,74.5,-7.21715728752544));
#12160=CARTESIAN_POINT('',(26.9,74.5,-7.21715728752544));
#12161=CARTESIAN_POINT('',(26.9,74.5,-5.56568542494924));
#12162=CARTESIAN_POINT('',(26.9,74.5,-5.56568542494924));
#12163=CARTESIAN_POINT('',(26.9,73.9343145750508,-5.));
#12164=CARTESIAN_POINT('',(26.9,73.9343145750508,-5.));
#12165=CARTESIAN_POINT('',(26.9,70.0656854249493,-5.));
#12166=CARTESIAN_POINT('',(26.9,70.0656854249493,-5.));
#12167=CARTESIAN_POINT('',(26.9,69.5,-5.56568542494924));
#12168=CARTESIAN_POINT('',(26.9,69.5,-5.56568542494924));
#12169=CARTESIAN_POINT('',(26.9,69.5,-7.21715728752544));
#12170=CARTESIAN_POINT('',(26.9,69.5,-7.21715728752544));
#12171=CARTESIAN_POINT('',(26.9,69.2171572875254,-7.50000000000006));
#12172=CARTESIAN_POINT('',(26.9,69.2171572875254,-7.50000000000006));
#12173=CARTESIAN_POINT('',(26.9,66.2828427124746,-7.50000000000006));
#12174=CARTESIAN_POINT('',(26.9,66.2828427124746,-7.50000000000006));
#12175=CARTESIAN_POINT('',(26.9,66.,-7.21715728752544));
#12176=CARTESIAN_POINT('',(26.9,66.,-7.21715728752544));
#12177=CARTESIAN_POINT('',(26.9,66.,7.21715728752538));
#12178=CARTESIAN_POINT('',(26.9,66.,7.21715728752538));
#12179=CARTESIAN_POINT('',(26.9,66.2828427124746,7.5));
#12180=CARTESIAN_POINT('',(26.9,66.2828427124746,7.5));
#12181=CARTESIAN_POINT('',(26.9,69.2171572875254,7.5));
#12182=CARTESIAN_POINT('',(26.9,69.2171572875254,7.5));
#12183=CARTESIAN_POINT('',(26.9,69.5,7.21715728752538));
#12184=CARTESIAN_POINT('',(26.9,69.5,7.21715728752538));
#12185=CARTESIAN_POINT('',(26.9,69.5,5.56568542494924));
#12186=CARTESIAN_POINT('',(26.9,69.5,5.56568542494924));
#12187=CARTESIAN_POINT('',(26.9,70.0656854249493,5.));
#12188=CARTESIAN_POINT('',(26.9,70.0656854249493,5.));
#12189=CARTESIAN_POINT('',(26.9,73.9343145750508,5.));
#12190=CARTESIAN_POINT('',(26.9,73.9343145750508,5.));
#12191=CARTESIAN_POINT('',(26.9,74.5,5.56568542494924));
#12192=CARTESIAN_POINT('',(26.9,74.5,5.56568542494924));
#12193=CARTESIAN_POINT('',(26.9,74.5,7.21715728752538));
#12194=CARTESIAN_POINT('',(26.9,74.5,7.21715728752538));
#12195=CARTESIAN_POINT('',(26.9,74.7828427124746,7.5));
#12196=CARTESIAN_POINT('',(26.9,74.7828427124746,7.5));
#12197=CARTESIAN_POINT('',(26.9,78.,7.5));
#12198=CARTESIAN_POINT('',(26.9,77.5,7.5));
#12199=CARTESIAN_POINT('',(26.9,77.5,11.));
#12200=CARTESIAN_POINT('',(26.9,77.5,11.));
#12201=CARTESIAN_POINT('',(26.9,78.,11.));
#12202=CARTESIAN_POINT('',(26.9,61.65,11.));
#12203=CARTESIAN_POINT('',(26.9,61.65,10.6));
#12204=CARTESIAN_POINT('',(26.9,61.65,10.6));
#12205=CARTESIAN_POINT('',(26.9,59.75,10.6));
#12206=CARTESIAN_POINT('',(26.9,57.85,10.6));
#12207=CARTESIAN_POINT('',(26.9,57.85,11.5));
#12208=CARTESIAN_POINT('',(26.9,49.1,9.54999999999999));
#12209=CARTESIAN_POINT('',(26.9,50.05,9.55));
#12210=CARTESIAN_POINT('',(26.9,49.1,10.5));
#12211=CARTESIAN_POINT('',(26.9,50.05,11.));
#12212=CARTESIAN_POINT('',(26.9,50.05,-9.55));
#12213=CARTESIAN_POINT('',(26.9,49.1,-9.54999999999999));
#12214=CARTESIAN_POINT('',(26.9,49.1,-10.5));
#12215=CARTESIAN_POINT('',(26.9,78.,-10.5));
#12216=CARTESIAN_POINT('',(26.9,22.5,-10.5));
#12217=CARTESIAN_POINT('',(26.9,22.5,-9.55));
#12218=CARTESIAN_POINT('',(26.9,21.55,-9.55));
#12219=CARTESIAN_POINT('',(26.9,21.55,11.));
#12220=CARTESIAN_POINT('',(26.9,21.55,9.55));
#12221=CARTESIAN_POINT('',(26.9,22.5,9.55));
#12222=CARTESIAN_POINT('',(26.9,22.5,10.5));
#12223=CARTESIAN_POINT('',(26.9,78.,10.5));
#12224=CARTESIAN_POINT('',(33.048216632271,14.5,0.));
#12225=CARTESIAN_POINT('',(33.048216632271,14.5,0.));
#12226=CARTESIAN_POINT('',(33.048216632271,8.08847990814822,-4.41625396741267));
#12227=CARTESIAN_POINT('',(33.048216632271,20.9115200918518,-4.41625396741263));
#12228=CARTESIAN_POINT('',(33.048216632271,8.08847990814819,-4.41625396741263));
#12229=CARTESIAN_POINT('',(30.9990621903406,8.09252179331618,-4.54826980836941));
#12230=CARTESIAN_POINT('',(28.9496330657534,8.0964452177678,-4.67597818262047));
#12231=CARTESIAN_POINT('',(26.9,8.10025990325012,-4.8003465181226));
#12232=CARTESIAN_POINT('',(26.9,20.8997400967499,-4.8003465181226));
#12233=CARTESIAN_POINT('',(28.9496330573034,20.9035547822165,-4.67597818313321));
#12234=CARTESIAN_POINT('',(30.9990622008233,20.9074782067045,-4.54826980769407));
#12235=CARTESIAN_POINT('',(33.048216632271,20.9115200918518,-4.41625396741263));
#12236=CARTESIAN_POINT('',(33.048216632271,14.5,0.));
#12237=CARTESIAN_POINT('',(33.048216632271,14.5,0.));
#12238=CARTESIAN_POINT('',(33.048216632271,20.9115200918518,4.41625396741267));
#12239=CARTESIAN_POINT('',(33.048216632271,8.08847990814819,4.41625396741263));
#12240=CARTESIAN_POINT('',(33.048216632271,20.9115200918518,4.41625396741263));
#12241=CARTESIAN_POINT('',(30.9990621903406,20.9074782066838,4.54826980836941));
#12242=CARTESIAN_POINT('',(28.9496330657534,20.9035547822322,4.67597818262047));
#12243=CARTESIAN_POINT('',(26.9,20.8997400967499,4.8003465181226));
#12244=CARTESIAN_POINT('',(26.9,8.10025990325012,4.8003465181226));
#12245=CARTESIAN_POINT('',(28.9496330573034,8.09644521778353,4.67597818313321));
#12246=CARTESIAN_POINT('',(30.9990622008233,8.0925217932955,4.54826980769407));
#12247=CARTESIAN_POINT('',(33.048216632271,8.08847990814819,4.41625396741263));
#12248=CARTESIAN_POINT('',(9.63899999999951,14.4999999999999,0.));
#12249=CARTESIAN_POINT('',(34.4177094933225,14.5,0.));
#12250=CARTESIAN_POINT('',(34.4177094933225,14.5,-3.31970465695064));
#12251=CARTESIAN_POINT('',(33.5081479785911,14.5,0.));
#12252=CARTESIAN_POINT('',(33.5081479785911,8.3775515085183,-4.21714149740371));
#12253=CARTESIAN_POINT('',(33.5081479785911,20.6224484914817,-4.21714149740372));
#12254=CARTESIAN_POINT('',(9.63899999999951,20.6224484914817,0.));
#12255=CARTESIAN_POINT('',(33.5081479785911,20.6224484914817,4.2171414974037));
#12256=CARTESIAN_POINT('',(33.5081479785911,14.5,0.));
#12257=CARTESIAN_POINT('',(33.5081479785911,8.3775515085183,4.21714149740372));
#12258=CARTESIAN_POINT('',(9.63899999999951,8.37755150851828,0.));
#12259=CARTESIAN_POINT('',(33.0307668839198,14.5,0.));
#12260=CARTESIAN_POINT('',(33.0307668839198,8.5,-4.13279899694162));
#12261=CARTESIAN_POINT('',(33.0307668839198,20.5,-4.13279899694162));
#12262=CARTESIAN_POINT('',(33.0307668839198,14.5,0.));
#12263=CARTESIAN_POINT('',(33.0307668839198,20.5,4.13279899694162));
#12264=CARTESIAN_POINT('',(33.0307668839198,8.5,4.13279899694162));
#12265=CARTESIAN_POINT('',(9.,1.6,0.));
#12266=CARTESIAN_POINT('',(12.5,1.6,0.));
#12267=CARTESIAN_POINT('',(12.5,1.6,2.));
#12268=CARTESIAN_POINT('',(12.5,1.6,0.));
#12269=CARTESIAN_POINT('',(12.5,1.6,-2.72071067811866));
#12270=CARTESIAN_POINT('',(-16.,1.6,0.));
#12271=CARTESIAN_POINT('',(-12.5,1.6,0.));
#12272=CARTESIAN_POINT('',(-12.5,1.6,2.));
#12273=CARTESIAN_POINT('',(-12.5,1.6,0.));
#12274=CARTESIAN_POINT('',(-12.5,1.6,-2.72071067811865));
#12275=CARTESIAN_POINT('',(-12.5,7.5,-13.));
#12276=CARTESIAN_POINT('',(-12.5,7.5,11.021));
#12277=CARTESIAN_POINT('',(-14.121,7.5,11.021));
#12278=CARTESIAN_POINT('',(-12.5,7.5,0.));
#12279=CARTESIAN_POINT('',(-11.3093526970593,8.6,1.10000000000001));
#12280=CARTESIAN_POINT('',(-10.879,7.5,0.));
#12281=CARTESIAN_POINT('',(-12.5,7.5,0.));
#12282=CARTESIAN_POINT('',(-14.121,7.5,0.));
#12283=CARTESIAN_POINT('',(-12.5,7.5,0.));
#12284=CARTESIAN_POINT('',(-13.6906473029407,8.6,1.10000000000001));
#12285=CARTESIAN_POINT('',(-13.6906473029407,8.6,1.10000000000001));
#12286=CARTESIAN_POINT('',(-13.6347187587163,8.66053742758016,1.0120667975903));
#12287=CARTESIAN_POINT('',(-13.5064223389958,8.78367423422781,0.844962992404625));
#12288=CARTESIAN_POINT('',(-13.1093049924363,9.03612742483423,0.673871417153934));
#12289=CARTESIAN_POINT('',(-12.5018722790818,9.1789956308511,0.808737591436788));
#12290=CARTESIAN_POINT('',(-11.7602913048662,9.00246358812667,0.641613739193021));
#12291=CARTESIAN_POINT('',(-11.4219145439555,8.72183769038346,0.923025544396435));
#12292=CARTESIAN_POINT('',(-11.3093526970587,8.60000000000011,1.09999999999962));
#12293=CARTESIAN_POINT('',(-12.5,7.5,-13.));
#12294=CARTESIAN_POINT('',(-12.5,7.5,-11.021));
#12295=CARTESIAN_POINT('',(-14.121,7.5,-11.021));
#12296=CARTESIAN_POINT('',(-12.5,7.5,0.));
#12297=CARTESIAN_POINT('',(-11.3093526970593,8.6,-1.10000000000001));
#12298=CARTESIAN_POINT('',(-11.3093526970593,8.6,-1.10000000000001));
#12299=CARTESIAN_POINT('',(-11.3652812412837,8.66053742758016,-1.0120667975903));
#12300=CARTESIAN_POINT('',(-11.4935776610042,8.78367423422781,-0.844962992404625));
#12301=CARTESIAN_POINT('',(-11.8906950075637,9.03612742483423,-0.673871417153935));
#12302=CARTESIAN_POINT('',(-12.4981277209182,9.1789956308511,-0.808737591436787));
#12303=CARTESIAN_POINT('',(-13.2397086951338,9.00246358812668,-0.641613739193021));
#12304=CARTESIAN_POINT('',(-13.5780854560445,8.72183769038346,-0.923025544396433));
#12305=CARTESIAN_POINT('',(-13.6906473029413,8.60000000000011,-1.09999999999962));
#12306=CARTESIAN_POINT('',(-13.6906473029407,8.6,-1.1));
#12307=CARTESIAN_POINT('',(-12.5,7.5,0.));
#12308=CARTESIAN_POINT('',(-12.5,7.5,0.));
#12309=CARTESIAN_POINT('',(12.5,7.5,0.));
#12310=CARTESIAN_POINT('',(12.5,7.5,11.021));
#12311=CARTESIAN_POINT('',(10.879,7.5,11.021));
#12312=CARTESIAN_POINT('',(12.5,7.5,0.));
#12313=CARTESIAN_POINT('',(13.6906473029407,8.6,1.10000000000006));
#12314=CARTESIAN_POINT('',(14.121,7.5,0.));
#12315=CARTESIAN_POINT('',(12.5,7.5,0.));
#12316=CARTESIAN_POINT('',(10.879,7.5,0.));
#12317=CARTESIAN_POINT('',(12.5,7.5,0.));
#12318=CARTESIAN_POINT('',(11.3093526970593,8.6,1.10000000000006));
#12319=CARTESIAN_POINT('',(11.3093526970593,8.6,1.10000000000006));
#12320=CARTESIAN_POINT('',(11.3652812412837,8.66053742758016,1.01206679759034));
#12321=CARTESIAN_POINT('',(11.4935776610043,8.7836742342278,0.844962992404688));
#12322=CARTESIAN_POINT('',(11.8906950075637,9.03612742483421,0.673871417154007));
#12323=CARTESIAN_POINT('',(12.4981277209182,9.17899563085107,0.808737591436816));
#12324=CARTESIAN_POINT('',(13.2397086951338,9.00246358812666,0.641613739193102));
#12325=CARTESIAN_POINT('',(13.5780854560445,8.72183769038346,0.923025544396492));
#12326=CARTESIAN_POINT('',(13.6906473029412,8.60000000000011,1.09999999999966));
#12327=CARTESIAN_POINT('',(12.5,7.5,0.));
#12328=CARTESIAN_POINT('',(12.5,7.5,-11.021));
#12329=CARTESIAN_POINT('',(10.879,7.5,-11.021));
#12330=CARTESIAN_POINT('',(12.5,7.5,0.));
#12331=CARTESIAN_POINT('',(13.6906473029407,8.6,-1.10000000000006));
#12332=CARTESIAN_POINT('',(13.6906473029407,8.6,-1.10000000000006));
#12333=CARTESIAN_POINT('',(13.6347187587163,8.66053742758016,-1.01206679759034));
#12334=CARTESIAN_POINT('',(13.5064223389957,8.7836742342278,-0.844962992404689));
#12335=CARTESIAN_POINT('',(13.1093049924363,9.0361274248342,-0.673871417154007));
#12336=CARTESIAN_POINT('',(12.5018722790819,9.17899563085107,-0.808737591436816));
#12337=CARTESIAN_POINT('',(11.7602913048662,9.00246358812666,-0.641613739193103));
#12338=CARTESIAN_POINT('',(11.4219145439555,8.72183769038346,-0.923025544396482));
#12339=CARTESIAN_POINT('',(11.3093526970588,8.60000000000012,-1.09999999999965));
#12340=CARTESIAN_POINT('',(11.3093526970593,8.6,-1.1));
#12341=CARTESIAN_POINT('',(12.5,7.5,0.));
#12342=CARTESIAN_POINT('',(12.5,7.5,0.));
#12343=CARTESIAN_POINT('',(-26.9,78.,-11.));
#12344=CARTESIAN_POINT('',(-26.9,78.,7.5));
#12345=CARTESIAN_POINT('',(-26.9,77.5,7.5));
#12346=CARTESIAN_POINT('',(-26.9,74.7828427124746,7.5));
#12347=CARTESIAN_POINT('',(-26.9,74.7828427124746,7.5));
#12348=CARTESIAN_POINT('',(-26.9,74.5,7.21715728752538));
#12349=CARTESIAN_POINT('',(-26.9,74.5,7.21715728752538));
#12350=CARTESIAN_POINT('',(-26.9,74.5,5.56568542494924));
#12351=CARTESIAN_POINT('',(-26.9,74.5,5.56568542494924));
#12352=CARTESIAN_POINT('',(-26.9,73.9343145750508,5.));
#12353=CARTESIAN_POINT('',(-26.9,73.9343145750508,5.));
#12354=CARTESIAN_POINT('',(-26.9,70.0656854249493,5.));
#12355=CARTESIAN_POINT('',(-26.9,70.0656854249493,5.));
#12356=CARTESIAN_POINT('',(-26.9,69.5,5.56568542494924));
#12357=CARTESIAN_POINT('',(-26.9,69.5,5.56568542494924));
#12358=CARTESIAN_POINT('',(-26.9,69.5,7.21715728752538));
#12359=CARTESIAN_POINT('',(-26.9,69.5,7.21715728752538));
#12360=CARTESIAN_POINT('',(-26.9,69.2171572875254,7.5));
#12361=CARTESIAN_POINT('',(-26.9,69.2171572875254,7.5));
#12362=CARTESIAN_POINT('',(-26.9,66.2828427124746,7.5));
#12363=CARTESIAN_POINT('',(-26.9,66.2828427124746,7.5));
#12364=CARTESIAN_POINT('',(-26.9,66.,7.21715728752538));
#12365=CARTESIAN_POINT('',(-26.9,66.,7.21715728752538));
#12366=CARTESIAN_POINT('',(-26.9,66.,-7.21715728752544));
#12367=CARTESIAN_POINT('',(-26.9,66.,-7.21715728752544));
#12368=CARTESIAN_POINT('',(-26.9,66.2828427124746,-7.50000000000006));
#12369=CARTESIAN_POINT('',(-26.9,66.2828427124746,-7.50000000000006));
#12370=CARTESIAN_POINT('',(-26.9,69.2171572875254,-7.50000000000006));
#12371=CARTESIAN_POINT('',(-26.9,69.2171572875254,-7.50000000000006));
#12372=CARTESIAN_POINT('',(-26.9,69.5,-7.21715728752544));
#12373=CARTESIAN_POINT('',(-26.9,69.5,-7.21715728752544));
#12374=CARTESIAN_POINT('',(-26.9,69.5,-5.56568542494924));
#12375=CARTESIAN_POINT('',(-26.9,69.5,-5.56568542494924));
#12376=CARTESIAN_POINT('',(-26.9,70.0656854249493,-5.));
#12377=CARTESIAN_POINT('',(-26.9,70.0656854249493,-5.));
#12378=CARTESIAN_POINT('',(-26.9,73.9343145750508,-5.));
#12379=CARTESIAN_POINT('',(-26.9,73.9343145750508,-5.));
#12380=CARTESIAN_POINT('',(-26.9,74.5,-5.56568542494924));
#12381=CARTESIAN_POINT('',(-26.9,74.5,-5.56568542494924));
#12382=CARTESIAN_POINT('',(-26.9,74.5,-7.21715728752544));
#12383=CARTESIAN_POINT('',(-26.9,74.5,-7.21715728752544));
#12384=CARTESIAN_POINT('',(-26.9,74.7828427124746,-7.50000000000006));
#12385=CARTESIAN_POINT('',(-26.9,74.7828427124746,-7.50000000000006));
#12386=CARTESIAN_POINT('',(-26.9,77.5,-7.50000000000006));
#12387=CARTESIAN_POINT('',(-26.9,77.5,-11.));
#12388=CARTESIAN_POINT('',(-26.9,77.5,-11.));
#12389=CARTESIAN_POINT('',(-26.9,78.,-11.));
#12390=CARTESIAN_POINT('',(-26.9,61.65,-11.));
#12391=CARTESIAN_POINT('',(-26.9,61.65,-11.5));
#12392=CARTESIAN_POINT('',(-26.9,61.65,-10.6));
#12393=CARTESIAN_POINT('',(-26.9,59.75,-10.6));
#12394=CARTESIAN_POINT('',(-26.9,57.85,-10.6));
#12395=CARTESIAN_POINT('',(-26.9,57.85,-10.6));
#12396=CARTESIAN_POINT('',(-26.9,57.85,-11.));
#12397=CARTESIAN_POINT('',(-26.9,78.,-11.));
#12398=CARTESIAN_POINT('',(-26.9,0.5,-11.));
#12399=CARTESIAN_POINT('',(-26.9,0.5,-11.));
#12400=CARTESIAN_POINT('',(-26.9,0.5,11.));
#12401=CARTESIAN_POINT('',(-26.9,78.,11.));
#12402=CARTESIAN_POINT('',(-26.9,57.85,11.));
#12403=CARTESIAN_POINT('',(-26.9,57.85,11.5));
#12404=CARTESIAN_POINT('',(-26.9,57.85,10.6));
#12405=CARTESIAN_POINT('',(-26.9,59.75,10.6));
#12406=CARTESIAN_POINT('',(-26.9,61.65,10.6));
#12407=CARTESIAN_POINT('',(-26.9,61.65,10.6));
#12408=CARTESIAN_POINT('',(-26.9,61.65,11.));
#12409=CARTESIAN_POINT('',(-26.9,78.,11.));
#12410=CARTESIAN_POINT('',(-26.9,77.5,11.));
#12411=CARTESIAN_POINT('',(-26.9,77.5,-11.));
#12412=CARTESIAN_POINT('',(-24.9,78.,-11.));
#12413=CARTESIAN_POINT('',(26.4,78.,-11.));
#12414=CARTESIAN_POINT('',(26.4,78.,11.));
#12415=CARTESIAN_POINT('',(26.4,78.,7.5));
#12416=CARTESIAN_POINT('',(26.9,78.,7.5));
#12417=CARTESIAN_POINT('',(-26.4,78.,7.5));
#12418=CARTESIAN_POINT('',(-26.4,78.,11.));
#12419=CARTESIAN_POINT('',(-26.4,78.,11.));
#12420=CARTESIAN_POINT('',(-24.9,78.,11.));
#12421=CARTESIAN_POINT('',(-24.9,78.,12.5));
#12422=CARTESIAN_POINT('',(24.9,78.,12.5));
#12423=CARTESIAN_POINT('',(24.9,78.,12.5));
#12424=CARTESIAN_POINT('',(24.9,78.,11.));
#12425=CARTESIAN_POINT('',(-24.9,78.,-11.));
#12426=CARTESIAN_POINT('',(-26.4,78.,11.));
#12427=CARTESIAN_POINT('',(-26.4,78.,-11.));
#12428=CARTESIAN_POINT('',(-26.4,78.,-7.50000000000006));
#12429=CARTESIAN_POINT('',(26.9,78.,-7.50000000000006));
#12430=CARTESIAN_POINT('',(26.4,78.,-7.50000000000006));
#12431=CARTESIAN_POINT('',(26.4,78.,-11.));
#12432=CARTESIAN_POINT('',(26.4,78.,-11.));
#12433=CARTESIAN_POINT('',(24.9,78.,-11.));
#12434=CARTESIAN_POINT('',(24.9,78.,-12.5));
#12435=CARTESIAN_POINT('',(-24.9,78.,-12.5));
#12436=CARTESIAN_POINT('',(-24.9,78.,-12.5));
#12437=CARTESIAN_POINT('',(-24.9,78.,-11.));
#12438=CARTESIAN_POINT('',(26.4,78.,-11.));
#12439=CARTESIAN_POINT('',(26.4,78.,7.5));
#12440=CARTESIAN_POINT('',(26.4,78.,11.));
#12441=CARTESIAN_POINT('',(26.4,78.,-11.));
#12442=CARTESIAN_POINT('',(26.4,78.,-7.50000000000006));
#12443=CARTESIAN_POINT('',(26.4,78.,-11.));
#12444=CARTESIAN_POINT('',(-26.4,78.,-11.));
#12445=CARTESIAN_POINT('',(-26.4,78.,7.5));
#12446=CARTESIAN_POINT('',(-26.9,77.5,11.));
#12447=CARTESIAN_POINT('',(-26.4,78.,-11.));
#12448=CARTESIAN_POINT('',(-26.4,78.,-7.50000000000006));
#12449=CARTESIAN_POINT('',(-26.9,77.5,-11.));
#12450=CARTESIAN_POINT('',(-24.9,78.,-11.));
#12451=CARTESIAN_POINT('',(-24.9,57.85,-11.));
#12452=CARTESIAN_POINT('',(-26.8364916731037,57.85,-11.5));
#12453=CARTESIAN_POINT('',(-26.8364916731037,78.,-11.5));
#12454=CARTESIAN_POINT('',(-26.8364916731037,58.05,-11.5));
#12455=CARTESIAN_POINT('',(-26.8364916731037,58.05,-11.5));
#12456=CARTESIAN_POINT('',(-26.8364916731037,58.1583974154879,-11.5));
#12457=CARTESIAN_POINT('',(-26.8113902760209,58.2500000000017,-11.5985878080401));
#12458=CARTESIAN_POINT('',(-26.7734993995201,58.2500000000019,-11.6999999999996));
#12459=CARTESIAN_POINT('',(-26.7734993995195,58.25,-11.7));
#12460=CARTESIAN_POINT('',(-24.9,58.25,-11.));
#12461=CARTESIAN_POINT('',(-24.9,58.25,-13.));
#12462=CARTESIAN_POINT('',(-24.9,78.,-13.));
#12463=CARTESIAN_POINT('',(-24.9,0.5,-13.));
#12464=CARTESIAN_POINT('',(-24.9,0.5,-11.));
#12465=CARTESIAN_POINT('',(-24.9,78.,-11.));
#12466=CARTESIAN_POINT('',(-24.9,61.65,-11.));
#12467=CARTESIAN_POINT('',(-26.8364916731037,61.65,-11.5));
#12468=CARTESIAN_POINT('',(-24.9,77.5,-11.));
#12469=CARTESIAN_POINT('',(-24.9,77.5,-13.));
#12470=CARTESIAN_POINT('',(-24.9,78.,-13.));
#12471=CARTESIAN_POINT('',(-24.9,61.25,-13.));
#12472=CARTESIAN_POINT('',(-24.9,61.25,-11.));
#12473=CARTESIAN_POINT('',(-26.7734993995195,61.25,-11.7));
#12474=CARTESIAN_POINT('',(-26.7734993995195,61.25,-11.7));
#12475=CARTESIAN_POINT('',(-26.8114114358574,61.25,-11.5985311752664));
#12476=CARTESIAN_POINT('',(-26.8364916731045,61.3415092180411,-11.4999999999998));
#12477=CARTESIAN_POINT('',(-26.8364916731046,61.4499999999999,-11.4999999999997));
#12478=CARTESIAN_POINT('',(-26.8364916731037,61.45,-11.5));
#12479=CARTESIAN_POINT('',(-26.8364916731037,78.,-11.5));
#12480=CARTESIAN_POINT('',(24.9,78.,-11.));
#12481=CARTESIAN_POINT('',(24.9,57.85,-11.));
#12482=CARTESIAN_POINT('',(26.8364916731037,57.85,-11.5));
#12483=CARTESIAN_POINT('',(24.9,0.5,-11.));
#12484=CARTESIAN_POINT('',(24.9,0.5,-13.));
#12485=CARTESIAN_POINT('',(24.9,78.,-13.));
#12486=CARTESIAN_POINT('',(24.9,58.25,-13.));
#12487=CARTESIAN_POINT('',(24.9,58.25,-11.));
#12488=CARTESIAN_POINT('',(26.7734993995195,58.25,-11.7));
#12489=CARTESIAN_POINT('',(26.7734993995195,58.25,-11.7));
#12490=CARTESIAN_POINT('',(26.8114114358574,58.25,-11.5985311752664));
#12491=CARTESIAN_POINT('',(26.8364916731045,58.1584907819589,-11.4999999999998));
#12492=CARTESIAN_POINT('',(26.8364916731046,58.0500000000001,-11.4999999999997));
#12493=CARTESIAN_POINT('',(26.8364916731037,58.05,-11.5));
#12494=CARTESIAN_POINT('',(26.8364916731037,78.,-11.5));
#12495=CARTESIAN_POINT('',(24.9,78.,-11.));
#12496=CARTESIAN_POINT('',(24.9,61.65,-11.));
#12497=CARTESIAN_POINT('',(26.8364916731037,61.65,-11.5));
#12498=CARTESIAN_POINT('',(26.8364916731037,78.,-11.5));
#12499=CARTESIAN_POINT('',(26.8364916731037,61.45,-11.5));
#12500=CARTESIAN_POINT('',(26.8364916731037,61.45,-11.5));
#12501=CARTESIAN_POINT('',(26.8364916731037,61.3416025845121,-11.5));
#12502=CARTESIAN_POINT('',(26.8113902760209,61.2499999999983,-11.5985878080401));
#12503=CARTESIAN_POINT('',(26.7734993995201,61.2499999999981,-11.6999999999997));
#12504=CARTESIAN_POINT('',(26.7734993995195,61.25,-11.7));
#12505=CARTESIAN_POINT('',(24.9,61.25,-11.));
#12506=CARTESIAN_POINT('',(24.9,61.25,-13.));
#12507=CARTESIAN_POINT('',(24.9,78.,-13.));
#12508=CARTESIAN_POINT('',(24.9,77.5,-13.));
#12509=CARTESIAN_POINT('',(24.9,77.5,-11.));
#12510=CARTESIAN_POINT('',(24.9,78.,-13.));
#12511=CARTESIAN_POINT('',(12.5,7.5,-13.));
#12512=CARTESIAN_POINT('',(9.,7.5,-13.));
#12513=CARTESIAN_POINT('',(-12.5,7.5,-13.));
#12514=CARTESIAN_POINT('',(-16.,7.5,-13.));
#12515=CARTESIAN_POINT('',(26.9,58.25,-13.));
#12516=CARTESIAN_POINT('',(24.9,0.5,-13.));
#12517=CARTESIAN_POINT('',(24.9,78.,-13.));
#12518=CARTESIAN_POINT('',(26.9,61.25,-13.));
#12519=CARTESIAN_POINT('',(24.9,77.5,-13.));
#12520=CARTESIAN_POINT('',(-24.9,78.,11.));
#12521=CARTESIAN_POINT('',(-24.9,58.25,11.));
#12522=CARTESIAN_POINT('',(-26.7734993995195,58.25,11.7));
#12523=CARTESIAN_POINT('',(-24.9,58.25,13.));
#12524=CARTESIAN_POINT('',(-26.7734993995195,58.25,11.7));
#12525=CARTESIAN_POINT('',(-26.8114114358574,58.25,11.5985311752664));
#12526=CARTESIAN_POINT('',(-26.8364916731045,58.1584907819589,11.4999999999998));
#12527=CARTESIAN_POINT('',(-26.8364916731046,58.0500000000001,11.4999999999997));
#12528=CARTESIAN_POINT('',(-26.8364916731037,58.05,11.5));
#12529=CARTESIAN_POINT('',(-26.8364916731037,78.,11.5));
#12530=CARTESIAN_POINT('',(-26.8364916731037,57.85,11.5));
#12531=CARTESIAN_POINT('',(-24.9,57.85,11.));
#12532=CARTESIAN_POINT('',(-24.9,0.5,11.));
#12533=CARTESIAN_POINT('',(-24.9,0.5,13.));
#12534=CARTESIAN_POINT('',(-24.9,78.,13.));
#12535=CARTESIAN_POINT('',(-24.9,78.,11.));
#12536=CARTESIAN_POINT('',(-24.9,61.65,11.));
#12537=CARTESIAN_POINT('',(-26.8364916731037,61.65,11.5));
#12538=CARTESIAN_POINT('',(-26.8364916731037,78.,11.5));
#12539=CARTESIAN_POINT('',(-26.8364916731037,61.45,11.5));
#12540=CARTESIAN_POINT('',(-26.8364916731037,61.45,11.5));
#12541=CARTESIAN_POINT('',(-26.8364916731037,61.3416025845121,11.5));
#12542=CARTESIAN_POINT('',(-26.8113902760209,61.2499999999983,11.5985878080401));
#12543=CARTESIAN_POINT('',(-26.7734993995201,61.2499999999981,11.6999999999996));
#12544=CARTESIAN_POINT('',(-26.7734993995195,61.25,11.7));
#12545=CARTESIAN_POINT('',(-24.9,61.25,11.));
#12546=CARTESIAN_POINT('',(-24.9,61.25,13.));
#12547=CARTESIAN_POINT('',(-24.9,78.,13.));
#12548=CARTESIAN_POINT('',(-24.9,77.5,13.));
#12549=CARTESIAN_POINT('',(-24.9,77.5,11.));
#12550=CARTESIAN_POINT('',(-24.9,78.,13.));
#12551=CARTESIAN_POINT('',(12.5,7.5,13.));
#12552=CARTESIAN_POINT('',(9.,7.5,13.));
#12553=CARTESIAN_POINT('',(-12.5,7.5,13.));
#12554=CARTESIAN_POINT('',(-16.,7.5,13.));
#12555=CARTESIAN_POINT('',(26.9,58.25,13.));
#12556=CARTESIAN_POINT('',(24.9,58.25,13.));
#12557=CARTESIAN_POINT('',(-24.9,0.5,13.));
#12558=CARTESIAN_POINT('',(24.9,0.5,13.));
#12559=CARTESIAN_POINT('',(24.9,78.,13.));
#12560=CARTESIAN_POINT('',(-24.9,78.,13.));
#12561=CARTESIAN_POINT('',(26.9,61.25,13.));
#12562=CARTESIAN_POINT('',(24.9,61.25,13.));
#12563=CARTESIAN_POINT('',(24.9,78.,13.));
#12564=CARTESIAN_POINT('',(24.9,77.5,13.));
#12565=CARTESIAN_POINT('',(-24.9,77.5,13.));
#12566=CARTESIAN_POINT('',(24.9,78.,11.));
#12567=CARTESIAN_POINT('',(24.9,58.25,11.));
#12568=CARTESIAN_POINT('',(26.7734993995195,58.25,11.7));
#12569=CARTESIAN_POINT('',(24.9,0.5,11.));
#12570=CARTESIAN_POINT('',(24.9,57.85,11.));
#12571=CARTESIAN_POINT('',(26.8364916731037,57.85,11.5));
#12572=CARTESIAN_POINT('',(26.8364916731037,78.,11.5));
#12573=CARTESIAN_POINT('',(26.8364916731037,58.05,11.5));
#12574=CARTESIAN_POINT('',(26.8364916731037,58.05,11.5));
#12575=CARTESIAN_POINT('',(26.8364916731037,58.1583974154879,11.5));
#12576=CARTESIAN_POINT('',(26.8113902760209,58.2500000000017,11.5985878080401));
#12577=CARTESIAN_POINT('',(26.7734993995201,58.2500000000019,11.6999999999997));
#12578=CARTESIAN_POINT('',(24.9,78.,11.));
#12579=CARTESIAN_POINT('',(24.9,61.65,11.));
#12580=CARTESIAN_POINT('',(26.8364916731037,61.65,11.5));
#12581=CARTESIAN_POINT('',(24.9,77.5,11.));
#12582=CARTESIAN_POINT('',(24.9,61.25,11.));
#12583=CARTESIAN_POINT('',(26.7734993995195,61.25,11.7));
#12584=CARTESIAN_POINT('',(26.7734993995195,61.25,11.7));
#12585=CARTESIAN_POINT('',(26.8114114358574,61.25,11.5985311752664));
#12586=CARTESIAN_POINT('',(26.8364916731046,61.3415092180411,11.4999999999998));
#12587=CARTESIAN_POINT('',(26.8364916731046,61.4499999999999,11.4999999999997));
#12588=CARTESIAN_POINT('',(26.8364916731037,61.45,11.5));
#12589=CARTESIAN_POINT('',(26.8364916731037,78.,11.5));
#12590=CARTESIAN_POINT('',(-24.9,0.,-11.));
#12591=CARTESIAN_POINT('',(-12.5,0.,0.));
#12592=CARTESIAN_POINT('',(-12.5,0.,3.50000000000003));
#12593=CARTESIAN_POINT('',(12.5,0.,0.));
#12594=CARTESIAN_POINT('',(12.5,0.,3.50000000000003));
#12595=CARTESIAN_POINT('',(-24.9,0.,11.));
#12596=CARTESIAN_POINT('',(-24.9,0.,12.5));
#12597=CARTESIAN_POINT('',(-26.4,0.,11.));
#12598=CARTESIAN_POINT('',(-26.4,0.,-11.));
#12599=CARTESIAN_POINT('',(-26.4,0.,-11.));
#12600=CARTESIAN_POINT('',(-24.9,0.,-11.));
#12601=CARTESIAN_POINT('',(-24.9,0.,-12.5));
#12602=CARTESIAN_POINT('',(-24.9,0.,-12.5));
#12603=CARTESIAN_POINT('',(24.9,0.,-12.5));
#12604=CARTESIAN_POINT('',(24.9,0.,-11.));
#12605=CARTESIAN_POINT('',(26.4,0.,-11.));
#12606=CARTESIAN_POINT('',(26.4,0.,-11.));
#12607=CARTESIAN_POINT('',(26.4,0.,11.));
#12608=CARTESIAN_POINT('',(24.9,0.,11.));
#12609=CARTESIAN_POINT('',(24.9,0.,12.5));
#12610=CARTESIAN_POINT('',(-24.9,0.,12.5));
#12611=CARTESIAN_POINT('',(-24.9,78.,12.5));
#12612=CARTESIAN_POINT('',(-24.9,77.5,13.));
#12613=CARTESIAN_POINT('',(24.9,78.,12.5));
#12614=CARTESIAN_POINT('',(24.9,78.,11.));
#12615=CARTESIAN_POINT('',(-24.9,78.,11.));
#12616=CARTESIAN_POINT('',(24.9,78.,-11.));
#12617=CARTESIAN_POINT('',(24.9,78.,-12.5));
#12618=CARTESIAN_POINT('',(-24.9,78.,-11.));
#12619=CARTESIAN_POINT('',(-24.9,77.5,-13.));
#12620=CARTESIAN_POINT('',(-24.9,78.,-12.5));
#12621=CARTESIAN_POINT('',(26.4,0.5,11.));
#12622=CARTESIAN_POINT('',(26.4,0.5,11.));
#12623=CARTESIAN_POINT('',(26.4,0.5,-11.));
#12624=CARTESIAN_POINT('',(24.9,0.5,-11.));
#12625=CARTESIAN_POINT('',(24.9,0.5,-12.5));
#12626=CARTESIAN_POINT('',(24.9,0.5,11.));
#12627=CARTESIAN_POINT('',(24.9,0.5,12.5));
#12628=CARTESIAN_POINT('',(24.9,0.5,-12.5));
#12629=CARTESIAN_POINT('',(-24.9,0.5,-12.5));
#12630=CARTESIAN_POINT('',(-24.9,0.5,12.5));
#12631=CARTESIAN_POINT('',(-24.9,0.5,12.5));
#12632=CARTESIAN_POINT('',(-24.9,0.5,-11.));
#12633=CARTESIAN_POINT('',(-26.4,0.5,-11.));
#12634=CARTESIAN_POINT('',(-24.9,0.5,11.));
#12635=CARTESIAN_POINT('',(-26.4,0.5,11.));
#12636=CARTESIAN_POINT('',(-26.4,0.5,-11.));
#12637=CARTESIAN_POINT('',(26.9,58.25,13.));
#12638=CARTESIAN_POINT('',(26.9,58.25,11.7));
#12639=CARTESIAN_POINT('',(26.9,58.05,11.7));
#12640=CARTESIAN_POINT('',(26.9,58.05,11.5));
#12641=CARTESIAN_POINT('',(26.9,58.05,11.5));
#12642=CARTESIAN_POINT('',(26.9,57.85,11.5));
#12643=CARTESIAN_POINT('',(26.9,61.65,11.5));
#12644=CARTESIAN_POINT('',(26.9,61.65,11.5));
#12645=CARTESIAN_POINT('',(26.9,61.45,11.5));
#12646=CARTESIAN_POINT('',(26.9,61.45,11.7));
#12647=CARTESIAN_POINT('',(26.9,61.25,11.7));
#12648=CARTESIAN_POINT('',(26.9,61.25,11.7));
#12649=CARTESIAN_POINT('',(26.9,57.85,11.5));
#12650=CARTESIAN_POINT('',(26.9,57.85,10.6));
#12651=CARTESIAN_POINT('',(26.9,61.65,10.6));
#12652=CARTESIAN_POINT('',(26.9,61.65,10.6));
#12653=CARTESIAN_POINT('',(26.9,59.75,10.6));
#12654=CARTESIAN_POINT('',(26.9,61.65,-11.5));
#12655=CARTESIAN_POINT('',(26.9,61.65,-11.5));
#12656=CARTESIAN_POINT('',(26.9,61.65,-10.6));
#12657=CARTESIAN_POINT('',(26.9,57.85,-10.6));
#12658=CARTESIAN_POINT('',(26.9,57.85,-10.6));
#12659=CARTESIAN_POINT('',(26.9,57.85,-11.5));
#12660=CARTESIAN_POINT('',(26.9,57.85,-11.5));
#12661=CARTESIAN_POINT('',(26.9,58.05,-11.5));
#12662=CARTESIAN_POINT('',(26.9,58.05,-11.7));
#12663=CARTESIAN_POINT('',(26.9,58.25,-11.7));
#12664=CARTESIAN_POINT('',(26.9,61.45,-11.7));
#12665=CARTESIAN_POINT('',(26.9,61.25,-11.7));
#12666=CARTESIAN_POINT('',(26.9,61.45,-11.5));
#12667=CARTESIAN_POINT('',(26.9,61.45,-11.5));
#12668=CARTESIAN_POINT('',(26.9,58.25,-11.7));
#12669=CARTESIAN_POINT('',(26.9,61.25,-13.));
#12670=CARTESIAN_POINT('',(26.9,59.75,-10.6));
#12671=CARTESIAN_POINT('',(26.9,78.,7.5));
#12672=CARTESIAN_POINT('',(26.9,74.7828427124746,7.5));
#12673=CARTESIAN_POINT('',(26.9,74.7828427124746,7.5));
#12674=CARTESIAN_POINT('',(26.9,74.5,7.21715728752538));
#12675=CARTESIAN_POINT('',(26.9,74.5,7.21715728752538));
#12676=CARTESIAN_POINT('',(26.9,74.5,5.56568542494924));
#12677=CARTESIAN_POINT('',(26.9,74.5,5.56568542494924));
#12678=CARTESIAN_POINT('',(26.9,73.9343145750508,5.));
#12679=CARTESIAN_POINT('',(26.9,73.9343145750508,5.));
#12680=CARTESIAN_POINT('',(26.9,70.0656854249493,5.));
#12681=CARTESIAN_POINT('',(26.9,70.0656854249493,5.));
#12682=CARTESIAN_POINT('',(26.9,69.5,5.56568542494924));
#12683=CARTESIAN_POINT('',(26.9,69.5,5.56568542494924));
#12684=CARTESIAN_POINT('',(26.9,69.5,7.21715728752538));
#12685=CARTESIAN_POINT('',(26.9,69.5,7.21715728752538));
#12686=CARTESIAN_POINT('',(26.9,69.2171572875254,7.5));
#12687=CARTESIAN_POINT('',(26.9,69.2171572875254,7.5));
#12688=CARTESIAN_POINT('',(26.9,66.2828427124746,7.5));
#12689=CARTESIAN_POINT('',(26.9,66.2828427124746,7.5));
#12690=CARTESIAN_POINT('',(26.9,66.,7.21715728752538));
#12691=CARTESIAN_POINT('',(26.9,66.,7.21715728752538));
#12692=CARTESIAN_POINT('',(26.9,66.,-7.21715728752544));
#12693=CARTESIAN_POINT('',(26.9,66.,-7.21715728752544));
#12694=CARTESIAN_POINT('',(26.9,66.2828427124746,-7.50000000000006));
#12695=CARTESIAN_POINT('',(26.9,66.2828427124746,-7.50000000000006));
#12696=CARTESIAN_POINT('',(26.9,69.2171572875254,-7.50000000000006));
#12697=CARTESIAN_POINT('',(26.9,69.2171572875254,-7.50000000000006));
#12698=CARTESIAN_POINT('',(26.9,69.5,-7.21715728752544));
#12699=CARTESIAN_POINT('',(26.9,69.5,-7.21715728752544));
#12700=CARTESIAN_POINT('',(26.9,69.5,-5.56568542494924));
#12701=CARTESIAN_POINT('',(26.9,69.5,-5.56568542494924));
#12702=CARTESIAN_POINT('',(26.9,70.0656854249493,-5.));
#12703=CARTESIAN_POINT('',(26.9,70.0656854249493,-5.));
#12704=CARTESIAN_POINT('',(26.9,73.9343145750508,-5.));
#12705=CARTESIAN_POINT('',(26.9,73.9343145750508,-5.));
#12706=CARTESIAN_POINT('',(26.9,74.5,-5.56568542494924));
#12707=CARTESIAN_POINT('',(26.9,74.5,-5.56568542494924));
#12708=CARTESIAN_POINT('',(26.9,74.5,-7.21715728752544));
#12709=CARTESIAN_POINT('',(26.9,74.5,-7.21715728752544));
#12710=CARTESIAN_POINT('',(26.9,74.7828427124746,-7.50000000000006));
#12711=CARTESIAN_POINT('',(26.9,74.7828427124746,-7.50000000000006));
#12712=CARTESIAN_POINT('',(-12.5,7.5,-11.021));
#12713=CARTESIAN_POINT('',(-12.5,7.5,-11.4));
#12714=CARTESIAN_POINT('',(-14.5,7.5,-11.4));
#12715=CARTESIAN_POINT('',(-14.5,7.5,-11.4));
#12716=CARTESIAN_POINT('',(-12.5,7.5,-11.4));
#12717=CARTESIAN_POINT('',(-16.,7.5,-11.4));
#12718=CARTESIAN_POINT('',(-12.5,7.5,-13.));
#12719=CARTESIAN_POINT('',(-12.5,7.5,0.));
#12720=CARTESIAN_POINT('',(-12.5,7.5,11.4));
#12721=CARTESIAN_POINT('',(-16.,7.5,11.4));
#12722=CARTESIAN_POINT('',(-16.,7.5,11.4));
#12723=CARTESIAN_POINT('',(-12.5,7.5,11.4));
#12724=CARTESIAN_POINT('',(-14.5,7.5,11.4));
#12725=CARTESIAN_POINT('',(-12.5,7.5,11.4));
#12726=CARTESIAN_POINT('',(12.5,7.5,0.));
#12727=CARTESIAN_POINT('',(12.5,7.5,11.4));
#12728=CARTESIAN_POINT('',(9.,7.5,11.4));
#12729=CARTESIAN_POINT('',(9.,7.5,11.4));
#12730=CARTESIAN_POINT('',(12.5,7.5,11.4));
#12731=CARTESIAN_POINT('',(10.5,7.5,11.4));
#12732=CARTESIAN_POINT('',(12.5,7.5,11.4));
#12733=CARTESIAN_POINT('',(12.5,7.5,-11.021));
#12734=CARTESIAN_POINT('',(12.5,7.5,-11.4));
#12735=CARTESIAN_POINT('',(10.5,7.5,-11.4));
#12736=CARTESIAN_POINT('',(10.5,7.5,-11.4));
#12737=CARTESIAN_POINT('',(12.5,7.5,-11.4));
#12738=CARTESIAN_POINT('',(9.,7.5,-11.4));
#12739=CARTESIAN_POINT('',(12.5,7.5,-13.));
#12740=CARTESIAN_POINT('',(12.5,8.6,0.));
#12741=CARTESIAN_POINT('',(12.5,9.57399506344368,0.));
#12742=CARTESIAN_POINT('',(12.5,8.6,0.));
#12743=CARTESIAN_POINT('',(12.5,8.6,0.));
#12744=CARTESIAN_POINT('',(12.5,9.57399506344368,0.));
#12745=CARTESIAN_POINT('',(12.5,9.57399506344368,0.));
#12746=CARTESIAN_POINT('',(12.5,9.57399506344368,0.));
#12747=CARTESIAN_POINT('',(12.5,1.979,0.));
#12748=CARTESIAN_POINT('',(12.5,1.979,1.621));
#12749=CARTESIAN_POINT('',(12.5,1.6,0.));
#12750=CARTESIAN_POINT('',(-12.5,8.6,0.));
#12751=CARTESIAN_POINT('',(-12.5,9.57399506344368,0.));
#12752=CARTESIAN_POINT('',(-12.5,8.6,0.));
#12753=CARTESIAN_POINT('',(-12.5,8.6,0.));
#12754=CARTESIAN_POINT('',(-12.5,9.57399506344368,0.));
#12755=CARTESIAN_POINT('',(-12.5,9.57399506344368,0.));
#12756=CARTESIAN_POINT('',(-12.5,9.57399506344368,0.));
#12757=CARTESIAN_POINT('',(-12.5,1.979,0.));
#12758=CARTESIAN_POINT('',(-12.5,1.979,1.621));
#12759=CARTESIAN_POINT('',(-12.5,1.6,0.));
#12760=CARTESIAN_POINT('',(-12.5,1.52928932188135,0.));
#12761=CARTESIAN_POINT('',(-12.5,1.52928932188135,0.));
#12762=CARTESIAN_POINT('',(-12.5,1.52928932188135,2.65));
#12763=CARTESIAN_POINT('',(-12.5,1.6,0.));
#12764=CARTESIAN_POINT('',(-12.5,-1.32928932188138,0.));
#12765=CARTESIAN_POINT('',(-12.5,-1.32928932188138,2.65));
#12766=CARTESIAN_POINT('',(-12.5,-1.40000000000003,0.));
#12767=CARTESIAN_POINT('',(-12.5,-1.40000000000003,0.));
#12768=CARTESIAN_POINT('',(-12.5,-1.40000000000003,2.72071067811865));
#12769=CARTESIAN_POINT('',(-15.9292893218813,-1.40000000000003,0.));
#12770=CARTESIAN_POINT('',(-12.5,-1.40000000000003,0.));
#12771=CARTESIAN_POINT('',(-12.5,-1.40000000000003,3.42928932188135));
#12772=CARTESIAN_POINT('',(-12.5,-1.32928932188138,0.));
#12773=CARTESIAN_POINT('',(-12.5,-1.32928932188138,0.));
#12774=CARTESIAN_POINT('',(-12.5,-1.32928932188138,3.5));
#12775=CARTESIAN_POINT('',(-12.5,1.6,0.));
#12776=CARTESIAN_POINT('',(12.5,1.52928932188135,0.));
#12777=CARTESIAN_POINT('',(12.5,1.52928932188135,0.));
#12778=CARTESIAN_POINT('',(12.5,1.52928932188135,2.65));
#12779=CARTESIAN_POINT('',(12.5,1.6,0.));
#12780=CARTESIAN_POINT('',(12.5,-1.32928932188138,0.));
#12781=CARTESIAN_POINT('',(12.5,-1.32928932188138,2.65));
#12782=CARTESIAN_POINT('',(12.5,-1.40000000000003,0.));
#12783=CARTESIAN_POINT('',(12.5,-1.40000000000003,0.));
#12784=CARTESIAN_POINT('',(12.5,-1.40000000000003,2.72071067811866));
#12785=CARTESIAN_POINT('',(9.07071067811865,-1.40000000000003,0.));
#12786=CARTESIAN_POINT('',(12.5,-1.40000000000003,0.));
#12787=CARTESIAN_POINT('',(12.5,-1.40000000000003,3.42928932188135));
#12788=CARTESIAN_POINT('',(12.5,-1.32928932188138,0.));
#12789=CARTESIAN_POINT('',(12.5,-1.32928932188138,0.));
#12790=CARTESIAN_POINT('',(12.5,-1.32928932188138,3.5));
#12791=CARTESIAN_POINT('',(12.5,1.6,0.));
#12792=CARTESIAN_POINT('',(34.6390976630863,14.5,0.));
#12793=CARTESIAN_POINT('',(31.7087081439218,14.5,0.));
#12794=CARTESIAN_POINT('',(31.7087081439218,14.5,-2.55));
#12795=CARTESIAN_POINT('',(26.9,14.5,0.));
#12796=CARTESIAN_POINT('',(26.9,14.5,-2.55));
#12797=CARTESIAN_POINT('',(31.7087081439218,14.5,0.));
#12798=CARTESIAN_POINT('',(34.1724605942815,14.5,0.));
#12799=CARTESIAN_POINT('',(34.1724605942815,14.5,-2.98442603078501));
#12800=CARTESIAN_POINT('',(34.1203661409814,14.5,0.));
#12801=CARTESIAN_POINT('',(26.9,78.,11.));
#12802=CARTESIAN_POINT('',(51.9,21.,13.));
#12803=CARTESIAN_POINT('',(26.9000000000005,21.,4.49949202806768));
#12804=CARTESIAN_POINT('',(28.9437846377627,21.,4.38053254628483));
#12805=CARTESIAN_POINT('',(30.9873909183585,21.,4.25859109833523));
#12806=CARTESIAN_POINT('',(33.0307668839198,21.,4.13279899694155));
#12807=CARTESIAN_POINT('',(33.0307668839198,21.,4.13279899694161));
#12808=CARTESIAN_POINT('',(9.63899999999951,21.,0.));
#12809=CARTESIAN_POINT('',(33.0307668839198,21.,-4.13279899694155));
#12810=CARTESIAN_POINT('',(33.0307668839198,21.,-4.13279899694155));
#12811=CARTESIAN_POINT('',(30.9873909183582,21.,-4.25859109833525));
#12812=CARTESIAN_POINT('',(28.9437846377625,21.,-4.38053254628484));
#12813=CARTESIAN_POINT('',(26.9,21.,-4.49949202806771));
#12814=CARTESIAN_POINT('',(51.9,8.,-13.));
#12815=CARTESIAN_POINT('',(26.9000000000005,8.,-4.49949202806768));
#12816=CARTESIAN_POINT('',(28.9437846377627,8.,-4.38053254628483));
#12817=CARTESIAN_POINT('',(30.9873909183584,8.,-4.25859109833523));
#12818=CARTESIAN_POINT('',(33.0307668839198,8.,-4.13279899694155));
#12819=CARTESIAN_POINT('',(33.0307668839198,8.,-4.13279899694162));
#12820=CARTESIAN_POINT('',(9.63899999999951,8.,0.));
#12821=CARTESIAN_POINT('',(33.0307668839198,8.,4.13279899694155));
#12822=CARTESIAN_POINT('',(33.0307668839198,8.,4.13279899694155));
#12823=CARTESIAN_POINT('',(30.9873909183582,8.,4.25859109833525));
#12824=CARTESIAN_POINT('',(28.9437846377625,8.,4.38053254628484));
#12825=CARTESIAN_POINT('',(26.9,8.,4.49949202806771));
#12826=CARTESIAN_POINT('',(36.65,49.1,9.54999999999999));
#12827=CARTESIAN_POINT('',(36.65,49.1,10.5));
#12828=CARTESIAN_POINT('',(26.65,49.1,10.5));
#12829=CARTESIAN_POINT('',(26.65,49.1,9.54999999999999));
#12830=CARTESIAN_POINT('',(26.65,50.05,9.55));
#12831=CARTESIAN_POINT('',(36.65,50.05,9.55));
#12832=CARTESIAN_POINT('',(36.65,49.1,10.5));
#12833=CARTESIAN_POINT('',(36.65,22.5,10.5));
#12834=CARTESIAN_POINT('',(26.65,22.5,10.5));
#12835=CARTESIAN_POINT('',(26.65,49.1,10.5));
#12836=CARTESIAN_POINT('',(36.65,22.5,9.55));
#12837=CARTESIAN_POINT('',(36.65,21.55,9.55));
#12838=CARTESIAN_POINT('',(26.65,21.55,9.55));
#12839=CARTESIAN_POINT('',(26.65,22.5,9.55));
#12840=CARTESIAN_POINT('',(36.65,21.55,9.55));
#12841=CARTESIAN_POINT('',(36.65,21.55,-9.55));
#12842=CARTESIAN_POINT('',(26.65,21.55,-9.55));
#12843=CARTESIAN_POINT('',(26.65,21.55,9.55));
#12844=CARTESIAN_POINT('',(36.65,22.5,-9.55));
#12845=CARTESIAN_POINT('',(36.65,22.5,-10.5));
#12846=CARTESIAN_POINT('',(26.65,22.5,-10.5));
#12847=CARTESIAN_POINT('',(26.65,22.5,-9.55));
#12848=CARTESIAN_POINT('',(36.65,22.5,-10.5));
#12849=CARTESIAN_POINT('',(36.65,49.1,-10.5));
#12850=CARTESIAN_POINT('',(26.65,49.1,-10.5));
#12851=CARTESIAN_POINT('',(26.65,22.5,-10.5));
#12852=CARTESIAN_POINT('',(36.65,49.1,-9.54999999999999));
#12853=CARTESIAN_POINT('',(36.65,50.05,-9.55));
#12854=CARTESIAN_POINT('',(26.65,50.05,-9.55));
#12855=CARTESIAN_POINT('',(26.65,49.1,-9.54999999999999));
#12856=CARTESIAN_POINT('',(36.65,50.05,-9.55));
#12857=CARTESIAN_POINT('',(26.65,50.05,-9.55));
#12858=CARTESIAN_POINT('',(26.65,49.,9.45));
#12859=CARTESIAN_POINT('',(33.048216632271,20.9115200918518,-4.41625396741263));
#12860=CARTESIAN_POINT('',(33.0403386687368,21.,-4.28828375970483));
#12861=CARTESIAN_POINT('',(33.0307668839198,21.,-4.13279899694155));
#12862=CARTESIAN_POINT('',(30.9867233386707,20.9074538687388,-4.54906473325495));
#12863=CARTESIAN_POINT('',(30.9742798069472,21.0000000000057,-4.41941545775172));
#12864=CARTESIAN_POINT('',(30.9692735903188,21.,-4.25970641767397));
#12865=CARTESIAN_POINT('',(28.9250030134036,20.9035076356637,-4.67751313228312));
#12866=CARTESIAN_POINT('',(28.9128232469444,20.9999999999942,-4.54609451259596));
#12867=CARTESIAN_POINT('',(28.9075532650532,21.,-4.38269464209957));
#12868=CARTESIAN_POINT('',(26.8631072517976,20.8996714454075,-4.80258474377144));
#12869=CARTESIAN_POINT('',(26.8553553483876,21.,-4.66934319741346));
#12870=CARTESIAN_POINT('',(26.8456575034464,21.,-4.50265434849893));
#12871=CARTESIAN_POINT('',(33.0307668839198,20.5,-4.13279899694155));
#12872=CARTESIAN_POINT('',(33.0307668839198,20.5,-4.13279899694162));
#12873=CARTESIAN_POINT('',(33.0307668839198,20.5,-4.13279899694161));
#12874=CARTESIAN_POINT('',(9.63899999999951,20.5,0.));
#12875=CARTESIAN_POINT('',(33.0307668839198,20.5,4.1327989969416));
#12876=CARTESIAN_POINT('',(33.0307668839198,20.5,4.13279899694162));
#12877=CARTESIAN_POINT('',(33.0307668839198,20.5,4.1327989969416));
#12878=CARTESIAN_POINT('',(33.0307668839198,21.,4.13279899694156));
#12879=CARTESIAN_POINT('',(33.0403386687368,21.,4.28828375970483));
#12880=CARTESIAN_POINT('',(33.048216632271,20.9115200918518,4.41625396741263));
#12881=CARTESIAN_POINT('',(30.9692735903832,21.,4.25970641766143));
#12882=CARTESIAN_POINT('',(30.9742798070149,21.0000000000057,4.41941545773855));
#12883=CARTESIAN_POINT('',(30.9867233387353,20.9074538687428,4.54906473324517));
#12884=CARTESIAN_POINT('',(28.9075532650639,21.,4.38269464209957));
#12885=CARTESIAN_POINT('',(28.9128232469445,20.9999999999942,4.54609451259596));
#12886=CARTESIAN_POINT('',(28.9250030134143,20.9035076356634,4.67751313228289));
#12887=CARTESIAN_POINT('',(26.8456575034464,21.,4.50265434849893));
#12888=CARTESIAN_POINT('',(26.8553553483876,21.,4.66934319741346));
#12889=CARTESIAN_POINT('',(26.8631072517976,20.8996714454075,4.80258474377144));
#12890=CARTESIAN_POINT('',(33.048216632271,8.08847990814819,4.41625396741263));
#12891=CARTESIAN_POINT('',(33.0403386687368,8.,4.28828375970483));
#12892=CARTESIAN_POINT('',(33.0307668839198,8.,4.13279899694156));
#12893=CARTESIAN_POINT('',(30.9867233386703,8.09254613125717,4.5490647332491));
#12894=CARTESIAN_POINT('',(30.974279806959,7.99999999999947,4.41941545776524));
#12895=CARTESIAN_POINT('',(30.9692735903188,8.,4.25970641767397));
#12896=CARTESIAN_POINT('',(28.9250030134038,8.09649236433956,4.67751313228741));
#12897=CARTESIAN_POINT('',(28.9128232469591,7.99999999999803,4.54609451258534));
#12898=CARTESIAN_POINT('',(28.9075532650532,8.,4.38269464209957));
#12899=CARTESIAN_POINT('',(26.8631072517976,8.10032855459246,4.80258474377144));
#12900=CARTESIAN_POINT('',(26.8553553483876,8.,4.66934319741346));
#12901=CARTESIAN_POINT('',(26.8456575034464,8.,4.50265434849893));
#12902=CARTESIAN_POINT('',(33.0307668839198,8.5,4.13279899694155));
#12903=CARTESIAN_POINT('',(33.0307668839198,8.5,4.13279899694162));
#12904=CARTESIAN_POINT('',(33.0307668839198,8.50000000000001,4.13279899694161));
#12905=CARTESIAN_POINT('',(9.63899999999951,8.5,0.));
#12906=CARTESIAN_POINT('',(33.0307668839198,8.5,-4.13279899694161));
#12907=CARTESIAN_POINT('',(33.0307668839198,8.5,-4.13279899694162));
#12908=CARTESIAN_POINT('',(33.0307668839198,8.50000000000003,-4.1327989969416));
#12909=CARTESIAN_POINT('',(33.0307668839198,8.,-4.13279899694155));
#12910=CARTESIAN_POINT('',(33.0403386687368,8.,-4.28828375970483));
#12911=CARTESIAN_POINT('',(33.048216632271,8.08847990814819,-4.41625396741263));
#12912=CARTESIAN_POINT('',(30.9692735903832,8.,-4.2597064176686));
#12913=CARTESIAN_POINT('',(30.9742798070267,7.99999999999947,-4.4194154577596));
#12914=CARTESIAN_POINT('',(30.9867233387348,8.09254613125651,-4.54906473324418));
#12915=CARTESIAN_POINT('',(28.9075532650496,8.,-4.38269464209061));
#12916=CARTESIAN_POINT('',(28.9128232469289,7.99999999999049,-4.54609451257592));
#12917=CARTESIAN_POINT('',(28.9250030134005,8.09649236433516,-4.67751313228175));
#12918=CARTESIAN_POINT('',(26.8456575034464,8.,-4.50265434849893));
#12919=CARTESIAN_POINT('',(26.8553553483876,8.,-4.66934319741346));
#12920=CARTESIAN_POINT('',(26.8631072517976,8.10032855459246,-4.80258474377144));
#12921=CARTESIAN_POINT('',(-12.5,1.6,0.));
#12922=CARTESIAN_POINT('',(-12.5,1.5292893218814,0.));
#12923=CARTESIAN_POINT('',(-12.5,1.5292893218814,-3.5));
#12924=CARTESIAN_POINT('',(-12.5,1.6,0.));
#12925=CARTESIAN_POINT('',(-12.5,1.6,-3.4292893218814));
#12926=CARTESIAN_POINT('',(-16.,1.6,0.));
#12927=CARTESIAN_POINT('',(-12.5,1.6,0.));
#12928=CARTESIAN_POINT('',(-12.5,1.6,3.5));
#12929=CARTESIAN_POINT('',(-12.5,9.57399506344368,0.));
#12930=CARTESIAN_POINT('',(12.5,1.6,0.));
#12931=CARTESIAN_POINT('',(12.5,1.5292893218814,0.));
#12932=CARTESIAN_POINT('',(12.5,1.5292893218814,-3.5));
#12933=CARTESIAN_POINT('',(12.5,1.6,0.));
#12934=CARTESIAN_POINT('',(12.5,1.6,-3.4292893218814));
#12935=CARTESIAN_POINT('',(9.,1.6,0.));
#12936=CARTESIAN_POINT('',(12.5,1.6,0.));
#12937=CARTESIAN_POINT('',(12.5,1.6,3.5));
#12938=CARTESIAN_POINT('',(12.5,9.57399506344368,0.));
#12939=CARTESIAN_POINT('',(0.,0.,0.));
#12940=CARTESIAN_POINT('',(0.,-71.8,-4.15));
#12941=CARTESIAN_POINT('',(-0.000262490344400845,-71.8,2.5));
#12942=CARTESIAN_POINT('',(-0.000262490344400845,-71.8,3.));
#12943=CARTESIAN_POINT('',(-2.5002624903444,-71.8,0.));
#12944=CARTESIAN_POINT('',(-2.5002624903444,-71.8,0.5));
#12945=CARTESIAN_POINT('',(-0.000262490344400845,-71.8,0.));
#12946=CARTESIAN_POINT('',(-0.000262490344400845,-71.8,0.5));
#12947=CARTESIAN_POINT('',(2.4997375096556,-71.8,0.));
#12948=CARTESIAN_POINT('',(2.4997375096556,-71.8,0.5));
#12949=CARTESIAN_POINT('',(-0.000262490344400845,-71.8,-2.5));
#12950=CARTESIAN_POINT('',(-0.000262490344400845,-71.8,-2.));
#12951=CARTESIAN_POINT('',(0.,-71.8,-8.88178419700125E-16));
#12952=CARTESIAN_POINT('',(0.,-71.8,-4.15));
#12953=CARTESIAN_POINT('',(-0.000262490344422623,-71.8,1.82145964977565E-14));
#12954=CARTESIAN_POINT('',(2.47886432384367,-71.8,-3.32812713687048));
#12955=CARTESIAN_POINT('',(3.32786464652608,-71.8,-2.47912681418807));
#12956=CARTESIAN_POINT('',(2.08573750965563,-71.8,-2.93400000000004));
#12957=CARTESIAN_POINT('',(2.08573750965563,-71.8,-2.93400000000004));
#12958=CARTESIAN_POINT('',(2.5247041392027,-71.8,-2.5249666295471));
#12959=CARTESIAN_POINT('',(2.93373750965559,-71.8,-2.08599999999999));
#12960=CARTESIAN_POINT('',(3.32786464652608,-71.8,-2.47912681418807));
#12961=CARTESIAN_POINT('',(0.,-71.8,-8.88178419700125E-16));
#12962=CARTESIAN_POINT('',(-2.90473750965556,-71.8,5.25));
#12963=CARTESIAN_POINT('',(-2.90473750965555,-70.9,5.25));
#12964=CARTESIAN_POINT('',(-2.90473750965556,-77.75,5.25));
#12965=CARTESIAN_POINT('',(0.,-70.9,-8.82611841860779E-16));
#12966=CARTESIAN_POINT('',(-2.90473750965556,-70.9,-5.25));
#12967=CARTESIAN_POINT('',(-2.90473750965556,-71.8,-5.25));
#12968=CARTESIAN_POINT('',(-2.90473750965556,-77.75,-5.25));
#12969=CARTESIAN_POINT('',(0.,-77.75,-9.24979684304692E-16));
#12970=CARTESIAN_POINT('',(0.,-71.8,-8.88178419700125E-16));
#12971=CARTESIAN_POINT('',(2.90473750965556,-71.8,5.25));
#12972=CARTESIAN_POINT('',(2.90473750965556,-77.75,5.25));
#12973=CARTESIAN_POINT('',(2.90473750965557,-70.9,5.25));
#12974=CARTESIAN_POINT('',(0.,-77.75,-9.24979684304692E-16));
#12975=CARTESIAN_POINT('',(2.90473750965556,-77.75,-5.25));
#12976=CARTESIAN_POINT('',(2.90473750965556,-71.8,-5.25));
#12977=CARTESIAN_POINT('',(2.90473750965556,-70.9,-5.25));
#12978=CARTESIAN_POINT('',(0.,-70.9,-8.82611841860779E-16));
#12979=CARTESIAN_POINT('',(0.,-77.75,-9.24979684304692E-16));
#12980=CARTESIAN_POINT('',(-2.90473750965556,-77.75,5.25));
#12981=CARTESIAN_POINT('',(-1.99638068531859,-78.1897563566339,5.25));
#12982=CARTESIAN_POINT('',(-1.00434621790093,-78.5,5.25));
#12983=CARTESIAN_POINT('',(-2.36509354912631E-15,-78.5,5.25));
#12984=CARTESIAN_POINT('',(0.,-78.5,5.25));
#12985=CARTESIAN_POINT('',(-1.29412240539709E-15,-78.5,-5.25));
#12986=CARTESIAN_POINT('',(-1.00860040632744,-78.5,-5.25));
#12987=CARTESIAN_POINT('',(-1.99941883855479,-78.188285517023,-5.25));
#12988=CARTESIAN_POINT('',(-2.90473750965556,-77.75,-5.25));
#12989=CARTESIAN_POINT('',(0.,-78.5,-5.25000000000001));
#12990=CARTESIAN_POINT('',(0.,-78.5,-9.29618499170814E-16));
#12991=CARTESIAN_POINT('',(0.,-77.75,-9.24979684304692E-16));
#12992=CARTESIAN_POINT('',(1.05017844937907E-15,-78.5,5.25));
#12993=CARTESIAN_POINT('',(1.00860040632744,-78.5,5.25));
#12994=CARTESIAN_POINT('',(1.99941883855479,-78.188285517023,5.25));
#12995=CARTESIAN_POINT('',(2.90473750965556,-77.75,5.25));
#12996=CARTESIAN_POINT('',(0.,-78.5,-9.29618499170814E-16));
#12997=CARTESIAN_POINT('',(2.90473750965556,-77.75,-5.25));
#12998=CARTESIAN_POINT('',(1.99638068531859,-78.1897563566339,-5.25));
#12999=CARTESIAN_POINT('',(1.00434621790093,-78.5,-5.25));
#13000=CARTESIAN_POINT('',(-1.29412240539709E-15,-78.5,-5.25));
#13001=CARTESIAN_POINT('',(0.,-65.4,-4.19999999999999));
#13002=CARTESIAN_POINT('',(0.,-65.4,-8.48593866175886E-16));
#13003=CARTESIAN_POINT('',(0.,-65.4,-4.19999999999999));
#13004=CARTESIAN_POINT('',(-6.5,-65.4,-3.75277674973257));
#13005=CARTESIAN_POINT('',(-6.5,-65.4,-2.54918104496335));
#13006=CARTESIAN_POINT('',(-6.5,-65.4,2.54918104496335));
#13007=CARTESIAN_POINT('',(0.,-65.4,-8.48593866175886E-16));
#13008=CARTESIAN_POINT('',(-5.45765554378402,-65.4,4.35457460211717));
#13009=CARTESIAN_POINT('',(-6.5,-65.4,3.75277674973257));
#13010=CARTESIAN_POINT('',(-1.04234445621598,-65.4,6.90375564708053));
#13011=CARTESIAN_POINT('',(0.,-65.4,-8.48593866175886E-16));
#13012=CARTESIAN_POINT('',(1.04234445621598,-65.4,6.90375564708053));
#13013=CARTESIAN_POINT('',(0.,-65.4,7.50555349946513));
#13014=CARTESIAN_POINT('',(5.45765554378402,-65.4,4.35457460211717));
#13015=CARTESIAN_POINT('',(0.,-65.4,-8.48593866175886E-16));
#13016=CARTESIAN_POINT('',(6.5,-65.4,2.54918104496335));
#13017=CARTESIAN_POINT('',(6.5,-65.4,3.75277674973257));
#13018=CARTESIAN_POINT('',(6.5,-65.4,-2.54918104496335));
#13019=CARTESIAN_POINT('',(0.,-65.4,-8.48593866175886E-16));
#13020=CARTESIAN_POINT('',(5.45765554378403,-65.4,-4.35457460211717));
#13021=CARTESIAN_POINT('',(6.5,-65.4,-3.75277674973257));
#13022=CARTESIAN_POINT('',(1.04234445621597,-65.4,-6.90375564708053));
#13023=CARTESIAN_POINT('',(0.,-65.4,-8.48593866175886E-16));
#13024=CARTESIAN_POINT('',(-1.04234445621597,-65.4,-6.90375564708053));
#13025=CARTESIAN_POINT('',(0.,-65.4,-7.50555349946513));
#13026=CARTESIAN_POINT('',(-5.45765554378403,-65.4,-4.35457460211717));
#13027=CARTESIAN_POINT('',(0.,-65.4,-8.48593866175886E-16));
#13028=CARTESIAN_POINT('',(0.,-65.4,-8.48593866175886E-16));
#13029=CARTESIAN_POINT('',(-6.5,-65.6,3.09677251344038));
#13030=CARTESIAN_POINT('',(-6.5,-65.528386196771,2.91528513414408));
#13031=CARTESIAN_POINT('',(-6.5,-65.4615051507528,2.7327998468176));
#13032=CARTESIAN_POINT('',(-6.5,-65.4,2.54918104496335));
#13033=CARTESIAN_POINT('',(-6.5,-65.6,3.09677251344038));
#13034=CARTESIAN_POINT('',(0.,-65.6,-8.49830883473518E-16));
#13035=CARTESIAN_POINT('',(-5.93188366638076,-65.6,4.08077886787866));
#13036=CARTESIAN_POINT('',(-5.45765554378403,-65.4,4.35457460211717));
#13037=CARTESIAN_POINT('',(-5.61682354769416,-65.4615629576491,4.26267891221328));
#13038=CARTESIAN_POINT('',(-5.77520582902118,-65.5286116661742,4.17123685945426));
#13039=CARTESIAN_POINT('',(-5.93188366638076,-65.6,4.08077886787866));
#13040=CARTESIAN_POINT('',(0.,-65.4,-8.48593866175886E-16));
#13041=CARTESIAN_POINT('',(-6.5,-65.4,-2.54918104496335));
#13042=CARTESIAN_POINT('',(-6.5,-65.4615629576491,-2.73297242477114));
#13043=CARTESIAN_POINT('',(-6.5,-65.5286116661742,-2.91585653028918));
#13044=CARTESIAN_POINT('',(-6.5,-65.6,-3.09677251344039));
#13045=CARTESIAN_POINT('',(-6.5,-65.6,-3.09677251344038));
#13046=CARTESIAN_POINT('',(-5.93188366638076,-65.6,-4.08077886787866));
#13047=CARTESIAN_POINT('',(-5.7747109854439,-65.528386196771,-4.17152255752681));
#13048=CARTESIAN_POINT('',(-5.61667409080227,-65.4615051507528,-4.26276520119005));
#13049=CARTESIAN_POINT('',(-5.45765554378403,-65.4,-4.35457460211717));
#13050=CARTESIAN_POINT('',(-5.93188366638076,-65.6,-4.08077886787866));
#13051=CARTESIAN_POINT('',(0.,-65.6,-8.49830883473518E-16));
#13052=CARTESIAN_POINT('',(0.,-65.4,-8.48593866175886E-16));
#13053=CARTESIAN_POINT('',(-1.04234445621597,-65.4,-6.90375564708053));
#13054=CARTESIAN_POINT('',(-0.883176452305833,-65.4615629576491,-6.99565133698442));
#13055=CARTESIAN_POINT('',(-0.724794170978814,-65.5286116661742,-7.08709338974345));
#13056=CARTESIAN_POINT('',(-0.568116333619232,-65.6,-7.17755138131905));
#13057=CARTESIAN_POINT('',(-0.568116333619235,-65.6,-7.17755138131905));
#13058=CARTESIAN_POINT('',(0.568116333619236,-65.6,-7.17755138131905));
#13059=CARTESIAN_POINT('',(0.725289014556095,-65.528386196771,-7.0868076916709));
#13060=CARTESIAN_POINT('',(0.883325909197728,-65.4615051507528,-6.99556504800766));
#13061=CARTESIAN_POINT('',(1.04234445621597,-65.4,-6.90375564708053));
#13062=CARTESIAN_POINT('',(0.568116333619235,-65.6,-7.17755138131905));
#13063=CARTESIAN_POINT('',(0.,-65.6,-8.49830883473518E-16));
#13064=CARTESIAN_POINT('',(0.,-65.4,-8.48593866175886E-16));
#13065=CARTESIAN_POINT('',(5.45765554378403,-65.4,-4.35457460211717));
#13066=CARTESIAN_POINT('',(5.61682354769417,-65.4615629576491,-4.26267891221328));
#13067=CARTESIAN_POINT('',(5.77520582902118,-65.5286116661742,-4.17123685945426));
#13068=CARTESIAN_POINT('',(5.93188366638077,-65.6,-4.08077886787865));
#13069=CARTESIAN_POINT('',(5.93188366638076,-65.6,-4.08077886787866));
#13070=CARTESIAN_POINT('',(6.5,-65.6,-3.09677251344038));
#13071=CARTESIAN_POINT('',(6.5,-65.528386196771,-2.91528513414408));
#13072=CARTESIAN_POINT('',(6.5,-65.4615051507528,-2.7327998468176));
#13073=CARTESIAN_POINT('',(6.5,-65.4,-2.54918104496336));
#13074=CARTESIAN_POINT('',(6.5,-65.6,-3.09677251344038));
#13075=CARTESIAN_POINT('',(0.,-65.6,-8.49830883473518E-16));
#13076=CARTESIAN_POINT('',(0.,-65.4,-8.48593866175886E-16));
#13077=CARTESIAN_POINT('',(6.5,-65.4,2.54918104496335));
#13078=CARTESIAN_POINT('',(6.5,-65.4615629576491,2.73297242477114));
#13079=CARTESIAN_POINT('',(6.5,-65.5286116661742,2.91585653028918));
#13080=CARTESIAN_POINT('',(6.5,-65.6,3.09677251344039));
#13081=CARTESIAN_POINT('',(6.5,-65.6,3.09677251344038));
#13082=CARTESIAN_POINT('',(5.93188366638076,-65.6,4.08077886787866));
#13083=CARTESIAN_POINT('',(5.7747109854439,-65.528386196771,4.17152255752681));
#13084=CARTESIAN_POINT('',(5.61667409080227,-65.4615051507528,4.26276520119005));
#13085=CARTESIAN_POINT('',(5.45765554378403,-65.4,4.35457460211717));
#13086=CARTESIAN_POINT('',(5.93188366638076,-65.6,4.08077886787866));
#13087=CARTESIAN_POINT('',(0.,-65.6,-8.49830883473518E-16));
#13088=CARTESIAN_POINT('',(0.,-65.4,-8.48593866175886E-16));
#13089=CARTESIAN_POINT('',(1.04234445621598,-65.4,6.90375564708053));
#13090=CARTESIAN_POINT('',(0.883176452305837,-65.4615629576491,6.99565133698442));
#13091=CARTESIAN_POINT('',(0.72479417097882,-65.5286116661742,7.08709338974344));
#13092=CARTESIAN_POINT('',(0.568116333619238,-65.6,7.17755138131905));
#13093=CARTESIAN_POINT('',(0.568116333619241,-65.6,7.17755138131904));
#13094=CARTESIAN_POINT('',(-0.568116333619241,-65.6,7.17755138131904));
#13095=CARTESIAN_POINT('',(-0.7252890145561,-65.528386196771,7.08680769167089));
#13096=CARTESIAN_POINT('',(-0.883325909197733,-65.4615051507528,6.99556504800765));
#13097=CARTESIAN_POINT('',(-1.04234445621597,-65.4,6.90375564708053));
#13098=CARTESIAN_POINT('',(-0.568116333619241,-65.6,7.17755138131904));
#13099=CARTESIAN_POINT('',(0.,-65.6,-8.49830883473518E-16));
#13100=CARTESIAN_POINT('',(0.,-71.8,-8.88178419700125E-16));
#13101=CARTESIAN_POINT('',(-6.5,-71.8,-3.09677251344038));
#13102=CARTESIAN_POINT('',(-6.5,-67.9,-3.09677251344038));
#13103=CARTESIAN_POINT('',(-5.93188366638076,-71.8,-4.08077886787866));
#13104=CARTESIAN_POINT('',(-5.93188366638076,-67.9,-4.08077886787866));
#13105=CARTESIAN_POINT('',(0.,-67.9,-8.64056582396292E-16));
#13106=CARTESIAN_POINT('',(0.,-71.8,-8.88178419700125E-16));
#13107=CARTESIAN_POINT('',(-6.5,-71.8,3.09677251344038));
#13108=CARTESIAN_POINT('',(-6.5,-67.9,3.09677251344038));
#13109=CARTESIAN_POINT('',(0.,-67.9,-8.64056582396292E-16));
#13110=CARTESIAN_POINT('',(-5.93188366638076,-67.9,4.08077886787866));
#13111=CARTESIAN_POINT('',(-5.93188366638076,-71.8,4.08077886787866));
#13112=CARTESIAN_POINT('',(0.,-71.8,-8.88178419700125E-16));
#13113=CARTESIAN_POINT('',(-0.568116333619235,-71.8,-7.17755138131905));
#13114=CARTESIAN_POINT('',(-0.56811633361924,-67.9,-7.17755138131905));
#13115=CARTESIAN_POINT('',(0.568116333619235,-71.8,-7.17755138131905));
#13116=CARTESIAN_POINT('',(0.56811633361924,-67.9,-7.17755138131904));
#13117=CARTESIAN_POINT('',(0.,-67.9,-8.64056582396292E-16));
#13118=CARTESIAN_POINT('',(0.,-71.8,-8.88178419700125E-16));
#13119=CARTESIAN_POINT('',(5.93188366638076,-71.8,-4.08077886787866));
#13120=CARTESIAN_POINT('',(5.93188366638076,-67.9,-4.08077886787866));
#13121=CARTESIAN_POINT('',(6.5,-71.8,-3.09677251344038));
#13122=CARTESIAN_POINT('',(6.5,-67.9,-3.09677251344038));
#13123=CARTESIAN_POINT('',(0.,-67.9,-8.64056582396292E-16));
#13124=CARTESIAN_POINT('',(0.,-71.8,-8.88178419700125E-16));
#13125=CARTESIAN_POINT('',(6.5,-71.8,3.09677251344038));
#13126=CARTESIAN_POINT('',(6.5,-67.9,3.09677251344038));
#13127=CARTESIAN_POINT('',(5.93188366638076,-71.8,4.08077886787866));
#13128=CARTESIAN_POINT('',(5.93188366638076,-67.9,4.08077886787866));
#13129=CARTESIAN_POINT('',(0.,-67.9,-8.64056582396292E-16));
#13130=CARTESIAN_POINT('',(0.,-71.8,-8.88178419700125E-16));
#13131=CARTESIAN_POINT('',(0.568116333619241,-71.8,7.17755138131904));
#13132=CARTESIAN_POINT('',(0.568116333619244,-67.9,7.17755138131904));
#13133=CARTESIAN_POINT('',(-0.568116333619241,-71.8,7.17755138131904));
#13134=CARTESIAN_POINT('',(-0.568116333619244,-67.9,7.17755138131904));
#13135=CARTESIAN_POINT('',(0.,-67.9,-8.64056582396292E-16));
#13136=CARTESIAN_POINT('',(0.,-8.51119462702281E-18,-4.44089209850063E-16));
#13137=CARTESIAN_POINT('',(0.,0.,-4.44089209850063E-16));
#13138=CARTESIAN_POINT('',(0.,1.70223892540456E-17,-2.75216672986296));
#13139=CARTESIAN_POINT('',(0.,0.,-4.44089209850063E-16));
#13140=CARTESIAN_POINT('',(0.,-20.,-5.67790939613311E-16));
#13141=CARTESIAN_POINT('',(0.,-20.,-2.75108336493148));
#13142=CARTESIAN_POINT('',(0.,-20.,-2.75108336493148));
#13143=CARTESIAN_POINT('',(0.,-20.,-5.67790939613311E-16));
#13144=CARTESIAN_POINT('',(0.,-20.,-0.199999999999989));
#13145=CARTESIAN_POINT('',(0.,-71.8,-8.88178419700125E-16));
#13146=CARTESIAN_POINT('',(0.,-30.,-6.29641804494936E-16));
#13147=CARTESIAN_POINT('',(0.,-30.,-0.199999999999989));
#13148=CARTESIAN_POINT('',(0.,-30.,-0.199999999999989));
#13149=CARTESIAN_POINT('',(0.,-30.,-6.29641804494936E-16));
#13150=CARTESIAN_POINT('',(0.,-30.,-2.75054168246574));
#13151=CARTESIAN_POINT('',(0.,-30.,-6.29641804494936E-16));
#13152=CARTESIAN_POINT('',(0.,-40.,-6.9149266937656E-16));
#13153=CARTESIAN_POINT('',(0.,-40.,-2.75));
#13154=CARTESIAN_POINT('',(0.,-40.,-2.75));
#13155=CARTESIAN_POINT('',(0.,-40.,-6.9149266937656E-16));
#13156=CARTESIAN_POINT('',(0.,-40.,-3.229974596029));
#13157=CARTESIAN_POINT('',(0.,-41.,-8.67361737988404E-16));
#13158=CARTESIAN_POINT('',(0.,-40.5002275752015,-6.94586620192945E-16));
#13159=CARTESIAN_POINT('',(0.,-40.5002275752015,-4.09613131089126));
#13160=CARTESIAN_POINT('',(0.,-40.5002275752015,-6.94586620192945E-16));
#13161=CARTESIAN_POINT('',(0.,-42.5,-7.06955385596966E-16));
#13162=CARTESIAN_POINT('',(0.,-42.5,-5.25));
#13163=CARTESIAN_POINT('',(0.,-71.8,-8.88178419700125E-16));
#13164=CARTESIAN_POINT('',(0.,-42.8,-7.08810911543415E-16));
#13165=CARTESIAN_POINT('',(0.,-42.8,-5.25));
#13166=CARTESIAN_POINT('',(0.,-42.8,-8.67361737988404E-16));
#13167=CARTESIAN_POINT('',(0.,-43.,-7.10047928841047E-16));
#13168=CARTESIAN_POINT('',(0.,-43.,-5.04999999999999));
#13169=CARTESIAN_POINT('',(0.,-43.,-5.04999999999999));
#13170=CARTESIAN_POINT('',(0.,-43.,-7.10047928841047E-16));
#13171=CARTESIAN_POINT('',(0.,-43.,-4.6));
#13172=CARTESIAN_POINT('',(0.,-43.2,-8.67361737988404E-16));
#13173=CARTESIAN_POINT('',(0.,-43.2,-7.1128494613868E-16));
#13174=CARTESIAN_POINT('',(0.,-43.2,-4.40000000000001));
#13175=CARTESIAN_POINT('',(0.,-71.8,-8.88178419700125E-16));
#13176=CARTESIAN_POINT('',(0.,-50.354,-7.55533054874994E-16));
#13177=CARTESIAN_POINT('',(0.,-50.354,-4.40000000000024));
#13178=CARTESIAN_POINT('',(0.,-50.3524468060508,-8.67361737988404E-16));
#13179=CARTESIAN_POINT('',(0.,-50.579,-7.5692469933483E-16));
#13180=CARTESIAN_POINT('',(0.,-50.579,-4.42600000000017));
#13181=CARTESIAN_POINT('',(0.,-50.579,-7.5692469933483E-16));
#13182=CARTESIAN_POINT('',(0.,-53.3890000000001,-7.74304792366567E-16));
#13183=CARTESIAN_POINT('',(0.,-53.3890000000001,-5.07499999999979));
#13184=CARTESIAN_POINT('',(0.,-53.6112217934198,-8.67361737988404E-16));
#13185=CARTESIAN_POINT('',(0.,-53.614,-7.75696436826403E-16));
#13186=CARTESIAN_POINT('',(0.,-53.614,-5.09999999999983));
#13187=CARTESIAN_POINT('',(0.,-71.8,-8.88178419700125E-16));
#13188=CARTESIAN_POINT('',(0.,-54.386,-7.80471323595265E-16));
#13189=CARTESIAN_POINT('',(0.,-54.386,-5.10000000000023));
#13190=CARTESIAN_POINT('',(0.,-54.3844468060503,-8.67361737988404E-16));
#13191=CARTESIAN_POINT('',(0.,-54.6109999999999,-7.81862968055101E-16));
#13192=CARTESIAN_POINT('',(0.,-54.6109999999999,-5.12600000000027));
#13193=CARTESIAN_POINT('',(0.,-54.6109999999999,-7.81862968055101E-16));
#13194=CARTESIAN_POINT('',(0.,-58.2870000000001,-8.04599345985587E-16));
#13195=CARTESIAN_POINT('',(0.,-58.2870000000001,-5.9749999999998));
#13196=CARTESIAN_POINT('',(0.,-58.5092217934198,-8.67361737988404E-16));
#13197=CARTESIAN_POINT('',(0.,-58.512,-8.05990990445423E-16));
#13198=CARTESIAN_POINT('',(0.,-58.512,-5.99999999999984));
#13199=CARTESIAN_POINT('',(0.,-71.8,-8.88178419700125E-16));
#13200=CARTESIAN_POINT('',(0.,-62.713445095294,-8.31977291735082E-16));
#13201=CARTESIAN_POINT('',(0.,-62.713445095294,-6.));
#13202=CARTESIAN_POINT('',(0.,-62.7134445403521,-8.67361737988404E-16));
#13203=CARTESIAN_POINT('',(0.,-62.8866129424746,-8.33048349846863E-16));
#13204=CARTESIAN_POINT('',(0.,-62.8866129424746,-5.98489222989457));
#13205=CARTESIAN_POINT('',(0.,-62.8866129424746,-8.33048349846863E-16));
#13206=CARTESIAN_POINT('',(0.,-63.8865843027686,-8.39233259195967E-16));
#13207=CARTESIAN_POINT('',(0.,-63.8865843027686,-5.80907308962311));
#13208=CARTESIAN_POINT('',(0.,-63.8,-8.67361737988404E-16));
#13209=CARTESIAN_POINT('',(0.,-64.3,-8.41790271038907E-16));
#13210=CARTESIAN_POINT('',(0.,-64.3,-5.316627104293));
#13211=CARTESIAN_POINT('',(0.,-64.3,-5.316627104293));
#13212=CARTESIAN_POINT('',(0.,-64.3,-8.41790271038907E-16));
#13213=CARTESIAN_POINT('',(0.,-64.3,-4.19999999999999));
#13214=CARTESIAN_POINT('',(0.,-71.8,-8.88178419700125E-16));
#13215=CARTESIAN_POINT('',(0.,-67.9,-7.19999999999999));
#13216=CARTESIAN_POINT('',(-6.5,-67.9,-3.75277674973257));
#13217=CARTESIAN_POINT('',(0.,-67.9,-7.50555349946513));
#13218=CARTESIAN_POINT('',(6.5,-67.9,-3.75277674973257));
#13219=CARTESIAN_POINT('',(6.5,-67.9,3.75277674973257));
#13220=CARTESIAN_POINT('',(0.,-67.9,7.50555349946513));
#13221=CARTESIAN_POINT('',(-6.5,-67.9,3.75277674973257));
#13222=CARTESIAN_POINT('',(0.,-67.9,-8.64056582396292E-16));
#13223=CARTESIAN_POINT('',(0.,-67.9,-7.29999999999999));
#13224=CARTESIAN_POINT('',(0.,-68.1,-8.67361737988404E-16));
#13225=CARTESIAN_POINT('',(0.,-68.1,-8.65293599693924E-16));
#13226=CARTESIAN_POINT('',(0.,-68.1,-7.5));
#13227=CARTESIAN_POINT('',(0.,-71.8,-8.88178419700125E-16));
#13228=CARTESIAN_POINT('',(0.,-70.4,-8.79519298616698E-16));
#13229=CARTESIAN_POINT('',(0.,-70.4,-7.50000000000001));
#13230=CARTESIAN_POINT('',(0.,-70.4,-8.79519298616698E-16));
#13231=CARTESIAN_POINT('',(0.,-70.9,-8.82611841860779E-16));
#13232=CARTESIAN_POINT('',(0.,-70.9,-7.));
#13233=CARTESIAN_POINT('',(0.,-70.9,-7.));
#13234=CARTESIAN_POINT('',(14.0512454963964,-70.9,5.25));
#13235=CARTESIAN_POINT('',(-14.0512454963964,-70.9,-5.25));
#13236=CARTESIAN_POINT('',(0.,-71.8,-8.88178419700125E-16));
#13237=CARTESIAN_POINT('',(0.,-80.5,-9.41988672147139E-16));
#13238=CARTESIAN_POINT('',(0.,-80.5,-5.25000000000001));
#13239=CARTESIAN_POINT('',(0.,-80.5,-9.41988672147139E-16));
#13240=CARTESIAN_POINT('',(0.,-80.7,-9.43225689444771E-16));
#13241=CARTESIAN_POINT('',(0.,-80.7,-5.04999999999999));
#13242=CARTESIAN_POINT('',(0.,-80.7,-5.04999999999999));
#13243=CARTESIAN_POINT('',(0.,-80.7,-9.43225689444771E-16));
#13244=CARTESIAN_POINT('',(0.,-80.7,-4.15));
#13245=CARTESIAN_POINT('',(0.,-71.8,-8.88178419700125E-16));
#13246=CARTESIAN_POINT('',(-6.5,-67.9,3.75277674973257));
#13247=CARTESIAN_POINT('',(-6.5,-67.9,-3.75277674973257));
#13248=CARTESIAN_POINT('',(0.,-67.9,-7.50555349946513));
#13249=CARTESIAN_POINT('',(6.5,-67.9,-3.75277674973257));
#13250=CARTESIAN_POINT('',(6.5,-67.9,3.75277674973257));
#13251=CARTESIAN_POINT('',(0.,-67.9,7.50555349946513));
#13252=CARTESIAN_POINT('',(-14.0512454963964,-70.9,-5.25));
#13253=CARTESIAN_POINT('',(14.0512454963964,-70.9,5.25));
#13254=CARTESIAN_POINT('',(-0.000262490344421594,-80.2,1.82145964977565E-14));
#13255=CARTESIAN_POINT('',(3.32786464652608,-80.2,-2.47912681418807));
#13256=CARTESIAN_POINT('',(3.32786464652608,-80.2,-2.47912681418807));
#13257=CARTESIAN_POINT('',(-0.000262490344421594,-80.2,1.82145964977565E-14));
#13258=CARTESIAN_POINT('',(2.47886432384367,-80.2,-3.32812713687048));
#13259=CARTESIAN_POINT('',(2.47886432384367,-80.2,-3.32812713687048));
#13260=CARTESIAN_POINT('',(3.32786464652608,-80.2,-2.47912681418807));
#13261=CARTESIAN_POINT('',(2.93373750965559,-80.2,-2.08599999999999));
#13262=CARTESIAN_POINT('',(2.93373750965559,-80.2,-2.08599999999999));
#13263=CARTESIAN_POINT('',(3.32786464652608,-80.2,-2.47912681418807));
#13264=CARTESIAN_POINT('',(2.5247041392027,-80.2,-2.5249666295471));
#13265=CARTESIAN_POINT('',(2.08573750965563,-80.2,-2.93400000000004));
#13266=CARTESIAN_POINT('',(2.08573750965563,-80.2,-2.93400000000004));
#13267=CARTESIAN_POINT('',(2.5247041392027,-80.2,-2.5249666295471));
#13268=CARTESIAN_POINT('',(2.08573750965563,-80.2,-2.93400000000004));
#13269=CARTESIAN_POINT('',(2.08573750965563,-80.2,-2.93400000000004));
#13270=CARTESIAN_POINT('',(-0.000262490344421594,-80.2,1.82145964977565E-14));
#13271=CARTESIAN_POINT('',(-0.0002624903444,-78.7,-2.5));
#13272=CARTESIAN_POINT('',(-0.0002624903444,-78.7,-2.5));
#13273=CARTESIAN_POINT('',(-0.5002624903444,-78.7,-2.5));
#13274=CARTESIAN_POINT('',(-0.0002624903444,-78.7,-2.5));
#13275=CARTESIAN_POINT('',(2.4997375096556,-78.7,0.));
#13276=CARTESIAN_POINT('',(2.4997375096556,-78.7,0.));
#13277=CARTESIAN_POINT('',(1.9997375096556,-78.7,0.));
#13278=CARTESIAN_POINT('',(2.4997375096556,-78.7,0.));
#13279=CARTESIAN_POINT('',(-0.0002624903444,-78.7,0.));
#13280=CARTESIAN_POINT('',(-0.0002624903444,-78.7,0.));
#13281=CARTESIAN_POINT('',(-0.5002624903444,-78.7,0.));
#13282=CARTESIAN_POINT('',(-0.0002624903444,-78.7,0.));
#13283=CARTESIAN_POINT('',(-2.5002624903444,-78.7,0.));
#13284=CARTESIAN_POINT('',(-2.5002624903444,-78.7,0.));
#13285=CARTESIAN_POINT('',(-3.0002624903444,-78.7,0.));
#13286=CARTESIAN_POINT('',(-2.5002624903444,-78.7,0.));
#13287=CARTESIAN_POINT('',(-0.0002624903444,-78.7,2.5));
#13288=CARTESIAN_POINT('',(-0.0002624903444,-78.7,2.5));
#13289=CARTESIAN_POINT('',(-0.5002624903444,-78.7,2.5));
#13290=CARTESIAN_POINT('',(-0.0002624903444,-78.7,2.5));
#13291=CARTESIAN_POINT('',(26.9,-14.5,0.));
#13292=CARTESIAN_POINT('',(-9.45,27.4,0.));
#13293=CARTESIAN_POINT('',(-9.45,27.4,0.));
#13294=CARTESIAN_POINT('',(-9.45,28.4,0.));
#13295=CARTESIAN_POINT('',(-10.45,27.4,0.));
#13296=CARTESIAN_POINT('',(9.45,28.4,0.));
#13297=CARTESIAN_POINT('',(9.45,28.4,0.));
#13298=CARTESIAN_POINT('',(9.45,27.4,0.));
#13299=CARTESIAN_POINT('',(10.45,27.4,0.));
#13300=CARTESIAN_POINT('',(10.45,1.,0.));
#13301=CARTESIAN_POINT('',(10.45,1.,0.));
#13302=CARTESIAN_POINT('',(9.45,1.,0.));
#13303=CARTESIAN_POINT('',(9.45,0.,0.));
#13304=CARTESIAN_POINT('',(-9.45,0.,0.));
#13305=CARTESIAN_POINT('',(-9.45,-1.30104260698261E-15,0.));
#13306=CARTESIAN_POINT('',(-9.45,1.,0.));
#13307=CARTESIAN_POINT('',(-10.45,1.,0.));
#13308=CARTESIAN_POINT('',(-10.45,27.4,0.));
#13309=CARTESIAN_POINT('',(5.95,4.88301270189222,0.));
#13310=CARTESIAN_POINT('',(5.95,4.88301270189223,0.));
#13311=CARTESIAN_POINT('',(5.95,4.01698729810778,0.));
#13312=CARTESIAN_POINT('',(5.95,4.01698729810778,0.));
#13313=CARTESIAN_POINT('',(6.7,3.58397459621556,0.));
#13314=CARTESIAN_POINT('',(6.7,3.58397459621556,0.));
#13315=CARTESIAN_POINT('',(7.45,4.01698729810778,0.));
#13316=CARTESIAN_POINT('',(7.45,4.01698729810778,0.));
#13317=CARTESIAN_POINT('',(7.45,4.88301270189222,0.));
#13318=CARTESIAN_POINT('',(7.45,4.88301270189222,0.));
#13319=CARTESIAN_POINT('',(6.7,5.31602540378444,0.));
#13320=CARTESIAN_POINT('',(6.7,5.31602540378444,0.));
#13321=CARTESIAN_POINT('',(-9.45,27.4,0.15));
#13322=CARTESIAN_POINT('',(6.7,4.45,0.15));
#13323=CARTESIAN_POINT('',(9.29999999999999,4.45,0.15));
#13324=CARTESIAN_POINT('',(-15.7251415084264,16.531136082721,0.15));
#13325=CARTESIAN_POINT('',(6.7,3.58397459621556,0.150000000000001));
#13326=CARTESIAN_POINT('',(5.95,4.01698729810778,0.150000000000001));
#13327=CARTESIAN_POINT('',(5.95,27.4,0.15));
#13328=CARTESIAN_POINT('',(5.95,4.88301270189222,0.150000000000001));
#13329=CARTESIAN_POINT('',(4.15014150842643,3.84386391727899,0.15));
#13330=CARTESIAN_POINT('',(6.7,5.31602540378444,0.15));
#13331=CARTESIAN_POINT('',(-14.9751415084264,17.8301741883977,0.15));
#13332=CARTESIAN_POINT('',(7.45,4.88301270189222,0.150000000000001));
#13333=CARTESIAN_POINT('',(7.45,27.4,0.15));
#13334=CARTESIAN_POINT('',(7.45,4.01698729810778,0.150000000000001));
#13335=CARTESIAN_POINT('',(4.90014150842642,2.54482581160232,0.15));
#13336=CARTESIAN_POINT('',(-9.45,27.4,0.15));
#13337=CARTESIAN_POINT('',(-10.45,27.4,0.15));
#13338=CARTESIAN_POINT('',(-10.45,27.4,0.25));
#13339=CARTESIAN_POINT('',(-9.45,27.4,0.25));
#13340=CARTESIAN_POINT('',(-9.45,28.4,0.25));
#13341=CARTESIAN_POINT('',(-9.45,28.4,0.15));
#13342=CARTESIAN_POINT('',(-10.45,27.4,0.15));
#13343=CARTESIAN_POINT('',(-10.45,1.,0.15));
#13344=CARTESIAN_POINT('',(-10.45,1.,0.25));
#13345=CARTESIAN_POINT('',(-10.45,27.4,0.25));
#13346=CARTESIAN_POINT('',(-9.45,1.,0.15));
#13347=CARTESIAN_POINT('',(-9.45,-1.30104260698261E-15,0.15));
#13348=CARTESIAN_POINT('',(-9.45,-1.30104260698261E-15,0.25));
#13349=CARTESIAN_POINT('',(-9.45,1.,0.25));
#13350=CARTESIAN_POINT('',(-9.45,0.,0.15));
#13351=CARTESIAN_POINT('',(9.45,0.,0.15));
#13352=CARTESIAN_POINT('',(9.45,0.,0.25));
#13353=CARTESIAN_POINT('',(-9.45,0.,0.25));
#13354=CARTESIAN_POINT('',(9.45,1.,0.15));
#13355=CARTESIAN_POINT('',(10.45,1.,0.15));
#13356=CARTESIAN_POINT('',(10.45,1.,0.25));
#13357=CARTESIAN_POINT('',(9.45,1.,0.25));
#13358=CARTESIAN_POINT('',(10.45,1.,0.15));
#13359=CARTESIAN_POINT('',(10.45,27.4,0.15));
#13360=CARTESIAN_POINT('',(10.45,27.4,0.25));
#13361=CARTESIAN_POINT('',(10.45,1.,0.25));
#13362=CARTESIAN_POINT('',(9.45,27.4,0.15));
#13363=CARTESIAN_POINT('',(9.45,28.4,0.15));
#13364=CARTESIAN_POINT('',(9.45,28.4,0.25));
#13365=CARTESIAN_POINT('',(9.45,27.4,0.25));
#13366=CARTESIAN_POINT('',(9.45,28.4,0.15));
#13367=CARTESIAN_POINT('',(9.45,28.4,0.25));
#13368=CARTESIAN_POINT('',(7.758,26.642,0.25));
#13369=CARTESIAN_POINT('',(7.758,26.642,0.15));
#13370=CARTESIAN_POINT('',(7.758,26.642,0.15));
#13371=CARTESIAN_POINT('',(7.758,24.272,0.15));
#13372=CARTESIAN_POINT('',(7.758,26.642,0.25));
#13373=CARTESIAN_POINT('',(7.758,26.642,0.25));
#13374=CARTESIAN_POINT('',(7.758,26.642,0.25));
#13375=CARTESIAN_POINT('',(7.758,24.272,0.25));
#13376=CARTESIAN_POINT('',(7.758,24.272,0.25));
#13377=CARTESIAN_POINT('',(8.048,26.642,0.25));
#13378=CARTESIAN_POINT('',(8.048,26.642,0.15));
#13379=CARTESIAN_POINT('',(8.048,26.642,0.15));
#13380=CARTESIAN_POINT('',(8.048,26.642,0.25));
#13381=CARTESIAN_POINT('',(8.048,26.642,0.25));
#13382=CARTESIAN_POINT('',(8.048,26.642,0.25));
#13383=CARTESIAN_POINT('',(8.048,25.134,0.25));
#13384=CARTESIAN_POINT('',(8.048,25.134,0.15));
#13385=CARTESIAN_POINT('',(8.048,25.134,0.15));
#13386=CARTESIAN_POINT('',(8.048,25.134,0.25));
#13387=CARTESIAN_POINT('',(8.048,25.134,0.25));
#13388=CARTESIAN_POINT('',(8.048,25.134,0.25));
#13389=CARTESIAN_POINT('',(8.884,25.979,0.25));
#13390=CARTESIAN_POINT('',(8.884,25.979,0.15));
#13391=CARTESIAN_POINT('',(8.884,25.979,0.15));
#13392=CARTESIAN_POINT('',(8.884,25.979,0.25));
#13393=CARTESIAN_POINT('',(8.884,25.979,0.25));
#13394=CARTESIAN_POINT('',(8.884,25.979,0.25));
#13395=CARTESIAN_POINT('',(9.238,25.979,0.25));
#13396=CARTESIAN_POINT('',(9.238,25.979,0.15));
#13397=CARTESIAN_POINT('',(9.238,25.979,0.15));
#13398=CARTESIAN_POINT('',(9.238,25.979,0.25));
#13399=CARTESIAN_POINT('',(9.238,25.979,0.25));
#13400=CARTESIAN_POINT('',(9.238,25.979,0.25));
#13401=CARTESIAN_POINT('',(8.45,25.181,0.25));
#13402=CARTESIAN_POINT('',(8.45,25.181,0.15));
#13403=CARTESIAN_POINT('',(8.45,25.181,0.15));
#13404=CARTESIAN_POINT('',(8.45,25.181,0.25));
#13405=CARTESIAN_POINT('',(8.45,25.181,0.25));
#13406=CARTESIAN_POINT('',(8.45,25.181,0.25));
#13407=CARTESIAN_POINT('',(9.283,24.272,0.25));
#13408=CARTESIAN_POINT('',(9.283,24.272,0.15));
#13409=CARTESIAN_POINT('',(9.283,24.272,0.15));
#13410=CARTESIAN_POINT('',(9.283,24.272,0.25));
#13411=CARTESIAN_POINT('',(9.283,24.272,0.25));
#13412=CARTESIAN_POINT('',(9.283,24.272,0.25));
#13413=CARTESIAN_POINT('',(8.924,24.272,0.25));
#13414=CARTESIAN_POINT('',(8.924,24.272,0.15));
#13415=CARTESIAN_POINT('',(8.924,24.272,0.15));
#13416=CARTESIAN_POINT('',(8.924,24.272,0.25));
#13417=CARTESIAN_POINT('',(8.924,24.272,0.25));
#13418=CARTESIAN_POINT('',(8.924,24.272,0.25));
#13419=CARTESIAN_POINT('',(8.232,25.015,0.25));
#13420=CARTESIAN_POINT('',(8.232,25.015,0.15));
#13421=CARTESIAN_POINT('',(8.23200000000001,25.015,0.15));
#13422=CARTESIAN_POINT('',(8.232,25.015,0.25));
#13423=CARTESIAN_POINT('',(8.232,25.015,0.25));
#13424=CARTESIAN_POINT('',(8.232,25.015,0.25));
#13425=CARTESIAN_POINT('',(8.048,24.828,0.25));
#13426=CARTESIAN_POINT('',(8.048,24.828,0.15));
#13427=CARTESIAN_POINT('',(8.048,24.828,0.15));
#13428=CARTESIAN_POINT('',(8.048,24.828,0.25));
#13429=CARTESIAN_POINT('',(8.048,24.828,0.25));
#13430=CARTESIAN_POINT('',(8.048,24.828,0.25));
#13431=CARTESIAN_POINT('',(8.048,24.272,0.25));
#13432=CARTESIAN_POINT('',(8.048,24.272,0.15));
#13433=CARTESIAN_POINT('',(8.048,24.272,0.15));
#13434=CARTESIAN_POINT('',(8.048,24.272,0.25));
#13435=CARTESIAN_POINT('',(8.048,24.272,0.25));
#13436=CARTESIAN_POINT('',(8.048,24.272,0.25));
#13437=CARTESIAN_POINT('',(9.3,17.14,0.25));
#13438=CARTESIAN_POINT('',(9.3,17.14,0.15));
#13439=CARTESIAN_POINT('',(9.3,17.14,0.15));
#13440=CARTESIAN_POINT('',(9.3,17.742,0.15));
#13441=CARTESIAN_POINT('',(9.3,17.14,0.25));
#13442=CARTESIAN_POINT('',(9.3,17.14,0.25));
#13443=CARTESIAN_POINT('',(9.3,17.14,0.25));
#13444=CARTESIAN_POINT('',(9.3,17.742,0.25));
#13445=CARTESIAN_POINT('',(9.3,17.742,0.25));
#13446=CARTESIAN_POINT('',(9.09993587025479,15.2505624265435,0.25));
#13447=CARTESIAN_POINT('',(9.09993587025479,15.2505624265435,0.15));
#13448=CARTESIAN_POINT('',(7.22399999999999,15.552,0.15));
#13449=CARTESIAN_POINT('',(7.22399999999999,15.552,0.25));
#13450=CARTESIAN_POINT('',(7.22399999999999,15.552,0.25));
#13451=CARTESIAN_POINT('',(9.09993587025479,15.2505624265435,0.25));
#13452=CARTESIAN_POINT('',(8.8,15.552,0.25));
#13453=CARTESIAN_POINT('',(8.8,15.552,0.15));
#13454=CARTESIAN_POINT('',(8.8,15.552,0.15));
#13455=CARTESIAN_POINT('',(8.8,15.552,0.25));
#13456=CARTESIAN_POINT('',(8.8,15.552,0.25));
#13457=CARTESIAN_POINT('',(8.8,15.552,0.25));
#13458=CARTESIAN_POINT('',(8.8,14.949,0.25));
#13459=CARTESIAN_POINT('',(8.8,14.949,0.15));
#13460=CARTESIAN_POINT('',(8.8,14.949,0.15));
#13461=CARTESIAN_POINT('',(8.8,14.949,0.25));
#13462=CARTESIAN_POINT('',(8.8,14.949,0.25));
#13463=CARTESIAN_POINT('',(8.8,14.949,0.25));
#13464=CARTESIAN_POINT('',(7.22399999999999,14.949,0.25));
#13465=CARTESIAN_POINT('',(7.22399999999999,14.949,0.15));
#13466=CARTESIAN_POINT('',(7.22399999999999,14.949,0.15));
#13467=CARTESIAN_POINT('',(7.22399999999999,14.949,0.25));
#13468=CARTESIAN_POINT('',(7.22399999999999,14.949,0.25));
#13469=CARTESIAN_POINT('',(7.22399999999999,14.949,0.25));
#13470=CARTESIAN_POINT('',(9.0999358702548,15.2504375734565,0.25));
#13471=CARTESIAN_POINT('',(9.0999358702548,15.2504375734565,0.15));
#13472=CARTESIAN_POINT('',(9.3,13.361,0.15));
#13473=CARTESIAN_POINT('',(9.3,13.361,0.25));
#13474=CARTESIAN_POINT('',(9.3,13.361,0.25));
#13475=CARTESIAN_POINT('',(9.0999358702548,15.2504375734565,0.25));
#13476=CARTESIAN_POINT('',(9.3,12.758,0.25));
#13477=CARTESIAN_POINT('',(9.3,12.758,0.15));
#13478=CARTESIAN_POINT('',(9.3,12.758,0.15));
#13479=CARTESIAN_POINT('',(9.3,12.758,0.25));
#13480=CARTESIAN_POINT('',(9.3,12.758,0.25));
#13481=CARTESIAN_POINT('',(9.3,12.758,0.25));
#13482=CARTESIAN_POINT('',(5.878,25.981,0.25));
#13483=CARTESIAN_POINT('',(5.878,25.981,0.15));
#13484=CARTESIAN_POINT('',(5.878,25.981,0.15));
#13485=CARTESIAN_POINT('',(5.878,24.272,0.15));
#13486=CARTESIAN_POINT('',(5.878,25.981,0.25));
#13487=CARTESIAN_POINT('',(5.878,25.981,0.25));
#13488=CARTESIAN_POINT('',(5.878,25.981,0.25));
#13489=CARTESIAN_POINT('',(5.878,24.272,0.25));
#13490=CARTESIAN_POINT('',(5.878,24.272,0.25));
#13491=CARTESIAN_POINT('',(6.169,25.981,0.25));
#13492=CARTESIAN_POINT('',(6.169,25.981,0.15));
#13493=CARTESIAN_POINT('',(6.169,25.981,0.15));
#13494=CARTESIAN_POINT('',(6.169,25.981,0.25));
#13495=CARTESIAN_POINT('',(6.169,25.981,0.25));
#13496=CARTESIAN_POINT('',(6.169,25.981,0.25));
#13497=CARTESIAN_POINT('',(6.169,25.798,0.25));
#13498=CARTESIAN_POINT('',(6.169,25.798,0.15));
#13499=CARTESIAN_POINT('',(6.169,25.798,0.15));
#13500=CARTESIAN_POINT('',(6.169,25.798,0.25));
#13501=CARTESIAN_POINT('',(6.169,25.798,0.25));
#13502=CARTESIAN_POINT('',(6.169,25.798,0.25));
#13503=CARTESIAN_POINT('',(7.13250597855417,24.5193846437283,0.25));
#13504=CARTESIAN_POINT('',(7.13250597855417,24.5193846437283,0.15));
#13505=CARTESIAN_POINT('',(6.43200000000005,25.959,0.15));
#13506=CARTESIAN_POINT('',(6.43200000000004,25.959,0.25));
#13507=CARTESIAN_POINT('',(6.43200000000004,25.959,0.25));
#13508=CARTESIAN_POINT('',(7.13250597855417,24.5193846437283,0.25));
#13509=CARTESIAN_POINT('',(7.037,25.959,0.25));
#13510=CARTESIAN_POINT('',(7.037,25.959,0.15));
#13511=CARTESIAN_POINT('',(7.037,25.959,0.15));
#13512=CARTESIAN_POINT('',(7.037,25.959,0.25));
#13513=CARTESIAN_POINT('',(7.037,25.959,0.25));
#13514=CARTESIAN_POINT('',(7.037,25.959,0.25));
#13515=CARTESIAN_POINT('',(6.82710926308544,25.5791291291011,0.25));
#13516=CARTESIAN_POINT('',(6.82710926308544,25.5791291291011,0.15));
#13517=CARTESIAN_POINT('',(7.16699999999786,25.8490000000027,0.15));
#13518=CARTESIAN_POINT('',(7.16699999999786,25.8490000000027,0.25));
#13519=CARTESIAN_POINT('',(7.16699999999786,25.8490000000027,0.25));
#13520=CARTESIAN_POINT('',(6.82710926308544,25.5791291291011,0.25));
#13521=CARTESIAN_POINT('',(6.73046608062476,25.5078927775098,0.25));
#13522=CARTESIAN_POINT('',(6.73046608062476,25.5078927775098,0.15));
#13523=CARTESIAN_POINT('',(7.24100000000645,25.7229999999846,0.15));
#13524=CARTESIAN_POINT('',(7.24100000000645,25.7229999999846,0.25));
#13525=CARTESIAN_POINT('',(7.24100000000645,25.7229999999846,0.25));
#13526=CARTESIAN_POINT('',(6.73046608062476,25.5078927775098,0.25));
#13527=CARTESIAN_POINT('',(6.50100089942914,25.4137988823526,0.25));
#13528=CARTESIAN_POINT('',(6.50100089942914,25.4137988823526,0.15));
#13529=CARTESIAN_POINT('',(7.30300000000001,25.415,0.15));
#13530=CARTESIAN_POINT('',(7.30300000000001,25.415,0.25));
#13531=CARTESIAN_POINT('',(7.30300000000001,25.415,0.25));
#13532=CARTESIAN_POINT('',(6.50100089942914,25.4137988823526,0.25));
#13533=CARTESIAN_POINT('',(7.303,24.272,0.25));
#13534=CARTESIAN_POINT('',(7.303,24.272,0.15));
#13535=CARTESIAN_POINT('',(7.30299999999999,24.272,0.15));
#13536=CARTESIAN_POINT('',(7.303,24.272,0.25));
#13537=CARTESIAN_POINT('',(7.303,24.272,0.25));
#13538=CARTESIAN_POINT('',(7.303,24.272,0.25));
#13539=CARTESIAN_POINT('',(7.011,24.272,0.25));
#13540=CARTESIAN_POINT('',(7.011,24.272,0.15));
#13541=CARTESIAN_POINT('',(7.011,24.272,0.15));
#13542=CARTESIAN_POINT('',(7.011,24.272,0.25));
#13543=CARTESIAN_POINT('',(7.011,24.272,0.25));
#13544=CARTESIAN_POINT('',(7.011,24.272,0.25));
#13545=CARTESIAN_POINT('',(7.011,25.4119999999993,0.25));
#13546=CARTESIAN_POINT('',(7.011,25.4119999999993,0.15));
#13547=CARTESIAN_POINT('',(7.011,25.4119999999993,0.15));
#13548=CARTESIAN_POINT('',(7.011,25.4119999999993,0.25));
#13549=CARTESIAN_POINT('',(7.011,25.4119999999993,0.25));
#13550=CARTESIAN_POINT('',(7.011,25.4119999999993,0.25));
#13551=CARTESIAN_POINT('',(6.50252134702528,25.388968294265,0.25));
#13552=CARTESIAN_POINT('',(6.50252134702528,25.388968294265,0.15));
#13553=CARTESIAN_POINT('',(6.94699999999974,25.6370000000004,0.15));
#13554=CARTESIAN_POINT('',(6.94699999999974,25.6370000000004,0.25));
#13555=CARTESIAN_POINT('',(6.94699999999974,25.6370000000004,0.25));
#13556=CARTESIAN_POINT('',(6.50252134702528,25.388968294265,0.25));
#13557=CARTESIAN_POINT('',(6.76793649650614,25.5235087592963,0.25));
#13558=CARTESIAN_POINT('',(6.76793649650614,25.5235087592963,0.15));
#13559=CARTESIAN_POINT('',(6.86299999999459,25.7130000000027,0.15));
#13560=CARTESIAN_POINT('',(6.86299999999459,25.7130000000027,0.25));
#13561=CARTESIAN_POINT('',(6.86299999999459,25.7130000000027,0.25));
#13562=CARTESIAN_POINT('',(6.76793649650614,25.5235087592963,0.25));
#13563=CARTESIAN_POINT('',(6.69472245899333,25.3812370285992,0.25));
#13564=CARTESIAN_POINT('',(6.69472245899333,25.3812370285992,0.15));
#13565=CARTESIAN_POINT('',(6.70800000000135,25.7529999999999,0.15));
#13566=CARTESIAN_POINT('',(6.70800000000135,25.7529999999999,0.25));
#13567=CARTESIAN_POINT('',(6.70800000000135,25.7529999999999,0.25));
#13568=CARTESIAN_POINT('',(6.69472245899333,25.3812370285992,0.25));
#13569=CARTESIAN_POINT('',(6.66498094375859,25.1986667421126,0.25));
#13570=CARTESIAN_POINT('',(6.66498094375859,25.1986667421126,0.15));
#13571=CARTESIAN_POINT('',(6.49799999988127,25.7289999999626,0.15));
#13572=CARTESIAN_POINT('',(6.49799999988127,25.7289999999626,0.25));
#13573=CARTESIAN_POINT('',(6.49799999988127,25.7289999999626,0.25));
#13574=CARTESIAN_POINT('',(6.66498094375859,25.1986667421126,0.25));
#13575=CARTESIAN_POINT('',(6.76494230383495,24.8799759682888,0.25));
#13576=CARTESIAN_POINT('',(6.76494230383495,24.8799759682888,0.15));
#13577=CARTESIAN_POINT('',(6.169,25.541,0.15));
#13578=CARTESIAN_POINT('',(6.169,25.541,0.25));
#13579=CARTESIAN_POINT('',(6.169,25.541,0.25));
#13580=CARTESIAN_POINT('',(6.76494230383495,24.8799759682888,0.25));
#13581=CARTESIAN_POINT('',(6.169,24.272,0.25));
#13582=CARTESIAN_POINT('',(6.169,24.272,0.15));
#13583=CARTESIAN_POINT('',(6.169,24.272,0.15));
#13584=CARTESIAN_POINT('',(6.169,24.272,0.25));
#13585=CARTESIAN_POINT('',(6.169,24.272,0.25));
#13586=CARTESIAN_POINT('',(6.169,24.272,0.25));
#13587=CARTESIAN_POINT('',(5.133,25.979,0.25));
#13588=CARTESIAN_POINT('',(5.133,25.979,0.15));
#13589=CARTESIAN_POINT('',(5.133,25.979,0.15));
#13590=CARTESIAN_POINT('',(5.133,24.272,0.15));
#13591=CARTESIAN_POINT('',(5.133,25.979,0.25));
#13592=CARTESIAN_POINT('',(5.133,25.979,0.25));
#13593=CARTESIAN_POINT('',(5.133,25.979,0.25));
#13594=CARTESIAN_POINT('',(5.133,24.272,0.25));
#13595=CARTESIAN_POINT('',(5.133,24.272,0.25));
#13596=CARTESIAN_POINT('',(5.412,25.979,0.25));
#13597=CARTESIAN_POINT('',(5.412,25.979,0.15));
#13598=CARTESIAN_POINT('',(5.412,25.979,0.15));
#13599=CARTESIAN_POINT('',(5.412,25.979,0.25));
#13600=CARTESIAN_POINT('',(5.412,25.979,0.25));
#13601=CARTESIAN_POINT('',(5.412,25.979,0.25));
#13602=CARTESIAN_POINT('',(5.412,24.272,0.25));
#13603=CARTESIAN_POINT('',(5.412,24.272,0.15));
#13604=CARTESIAN_POINT('',(5.412,24.272,0.15));
#13605=CARTESIAN_POINT('',(5.412,24.272,0.25));
#13606=CARTESIAN_POINT('',(5.412,24.272,0.25));
#13607=CARTESIAN_POINT('',(5.412,24.272,0.25));
#13608=CARTESIAN_POINT('',(5.419,26.549,0.25));
#13609=CARTESIAN_POINT('',(5.419,26.549,0.15));
#13610=CARTESIAN_POINT('',(5.419,26.549,0.15));
#13611=CARTESIAN_POINT('',(5.098,26.549,0.15));
#13612=CARTESIAN_POINT('',(5.419,26.549,0.25));
#13613=CARTESIAN_POINT('',(5.419,26.549,0.25));
#13614=CARTESIAN_POINT('',(5.419,26.549,0.25));
#13615=CARTESIAN_POINT('',(5.098,26.549,0.25));
#13616=CARTESIAN_POINT('',(5.098,26.549,0.25));
#13617=CARTESIAN_POINT('',(5.419,26.25,0.25));
#13618=CARTESIAN_POINT('',(5.419,26.25,0.15));
#13619=CARTESIAN_POINT('',(5.419,26.25,0.15));
#13620=CARTESIAN_POINT('',(5.419,26.25,0.25));
#13621=CARTESIAN_POINT('',(5.419,26.25,0.25));
#13622=CARTESIAN_POINT('',(5.419,26.25,0.25));
#13623=CARTESIAN_POINT('',(5.098,26.25,0.25));
#13624=CARTESIAN_POINT('',(5.098,26.25,0.15));
#13625=CARTESIAN_POINT('',(5.098,26.25,0.15));
#13626=CARTESIAN_POINT('',(5.098,26.25,0.25));
#13627=CARTESIAN_POINT('',(5.098,26.25,0.25));
#13628=CARTESIAN_POINT('',(5.098,26.25,0.25));
#13629=CARTESIAN_POINT('',(3.501,26.541,0.25));
#13630=CARTESIAN_POINT('',(3.501,26.541,0.15));
#13631=CARTESIAN_POINT('',(3.501,26.541,0.15));
#13632=CARTESIAN_POINT('',(3.501,24.272,0.15));
#13633=CARTESIAN_POINT('',(3.501,26.541,0.25));
#13634=CARTESIAN_POINT('',(3.501,26.541,0.25));
#13635=CARTESIAN_POINT('',(3.501,26.541,0.25));
#13636=CARTESIAN_POINT('',(3.501,24.272,0.25));
#13637=CARTESIAN_POINT('',(3.501,24.272,0.25));
#13638=CARTESIAN_POINT('',(3.821,26.541,0.25));
#13639=CARTESIAN_POINT('',(3.821,26.541,0.15));
#13640=CARTESIAN_POINT('',(3.821,26.541,0.15));
#13641=CARTESIAN_POINT('',(3.821,26.541,0.25));
#13642=CARTESIAN_POINT('',(3.821,26.541,0.25));
#13643=CARTESIAN_POINT('',(3.821,26.541,0.25));
#13644=CARTESIAN_POINT('',(3.821,24.541,0.25));
#13645=CARTESIAN_POINT('',(3.821,24.541,0.15));
#13646=CARTESIAN_POINT('',(3.821,24.541,0.15));
#13647=CARTESIAN_POINT('',(3.821,24.541,0.25));
#13648=CARTESIAN_POINT('',(3.821,24.541,0.25));
#13649=CARTESIAN_POINT('',(3.821,24.541,0.25));
#13650=CARTESIAN_POINT('',(4.957,24.541,0.25));
#13651=CARTESIAN_POINT('',(4.957,24.541,0.15));
#13652=CARTESIAN_POINT('',(4.957,24.541,0.15));
#13653=CARTESIAN_POINT('',(4.957,24.541,0.25));
#13654=CARTESIAN_POINT('',(4.957,24.541,0.25));
#13655=CARTESIAN_POINT('',(4.957,24.541,0.25));
#13656=CARTESIAN_POINT('',(4.957,24.272,0.25));
#13657=CARTESIAN_POINT('',(4.957,24.272,0.15));
#13658=CARTESIAN_POINT('',(4.957,24.272,0.15));
#13659=CARTESIAN_POINT('',(4.957,24.272,0.25));
#13660=CARTESIAN_POINT('',(4.957,24.272,0.25));
#13661=CARTESIAN_POINT('',(4.957,24.272,0.25));
#13662=CARTESIAN_POINT('',(2.147,25.416,0.25));
#13663=CARTESIAN_POINT('',(2.147,25.416,0.15));
#13664=CARTESIAN_POINT('',(2.147,25.416,0.15));
#13665=CARTESIAN_POINT('',(2.147,25.131,0.15));
#13666=CARTESIAN_POINT('',(2.147,25.416,0.25));
#13667=CARTESIAN_POINT('',(2.147,25.416,0.25));
#13668=CARTESIAN_POINT('',(2.147,25.416,0.25));
#13669=CARTESIAN_POINT('',(2.147,25.131,0.25));
#13670=CARTESIAN_POINT('',(2.147,25.131,0.25));
#13671=CARTESIAN_POINT('',(3.109,25.416,0.25));
#13672=CARTESIAN_POINT('',(3.109,25.416,0.15));
#13673=CARTESIAN_POINT('',(3.109,25.416,0.15));
#13674=CARTESIAN_POINT('',(3.109,25.416,0.25));
#13675=CARTESIAN_POINT('',(3.109,25.416,0.25));
#13676=CARTESIAN_POINT('',(3.109,25.416,0.25));
#13677=CARTESIAN_POINT('',(3.109,25.131,0.25));
#13678=CARTESIAN_POINT('',(3.109,25.131,0.15));
#13679=CARTESIAN_POINT('',(3.109,25.131,0.15));
#13680=CARTESIAN_POINT('',(3.109,25.131,0.25));
#13681=CARTESIAN_POINT('',(3.109,25.131,0.25));
#13682=CARTESIAN_POINT('',(3.109,25.131,0.25));
#13683=CARTESIAN_POINT('',(4.8,17.14,0.25));
#13684=CARTESIAN_POINT('',(4.8,17.14,0.15));
#13685=CARTESIAN_POINT('',(4.8,17.14,0.15));
#13686=CARTESIAN_POINT('',(4.8,17.742,0.15));
#13687=CARTESIAN_POINT('',(4.8,17.14,0.25));
#13688=CARTESIAN_POINT('',(4.8,17.14,0.25));
#13689=CARTESIAN_POINT('',(4.8,17.14,0.25));
#13690=CARTESIAN_POINT('',(4.8,17.742,0.25));
#13691=CARTESIAN_POINT('',(4.8,17.742,0.25));
#13692=CARTESIAN_POINT('',(4.6169277298034,15.2488404234742,0.25));
#13693=CARTESIAN_POINT('',(4.6169277298034,15.2488404234742,0.15));
#13694=CARTESIAN_POINT('',(4.8,13.3576808469485,0.15));
#13695=CARTESIAN_POINT('',(4.8,13.3576808469485,0.25));
#13696=CARTESIAN_POINT('',(4.8,13.3576808469485,0.25));
#13697=CARTESIAN_POINT('',(4.6169277298034,15.2488404234742,0.25));
#13698=CARTESIAN_POINT('',(4.8,12.758,0.25));
#13699=CARTESIAN_POINT('',(4.8,12.758,0.15));
#13700=CARTESIAN_POINT('',(4.8,12.758,0.15));
#13701=CARTESIAN_POINT('',(4.8,12.758,0.25));
#13702=CARTESIAN_POINT('',(4.8,12.758,0.25));
#13703=CARTESIAN_POINT('',(4.8,12.758,0.25));
#13704=CARTESIAN_POINT('',(2.588,9.339,0.25));
#13705=CARTESIAN_POINT('',(2.588,9.339,0.15));
#13706=CARTESIAN_POINT('',(2.588,9.339,0.15));
#13707=CARTESIAN_POINT('',(1.558,9.339,0.15));
#13708=CARTESIAN_POINT('',(2.588,9.339,0.25));
#13709=CARTESIAN_POINT('',(2.588,9.339,0.25));
#13710=CARTESIAN_POINT('',(2.588,9.339,0.25));
#13711=CARTESIAN_POINT('',(1.558,9.339,0.25));
#13712=CARTESIAN_POINT('',(1.558,9.339,0.25));
#13713=CARTESIAN_POINT('',(2.588,8.30800000000001,0.25));
#13714=CARTESIAN_POINT('',(2.588,8.30800000000001,0.15));
#13715=CARTESIAN_POINT('',(2.588,8.30800000000001,0.15));
#13716=CARTESIAN_POINT('',(2.588,8.30800000000001,0.25));
#13717=CARTESIAN_POINT('',(2.588,8.30800000000001,0.25));
#13718=CARTESIAN_POINT('',(2.588,8.30800000000001,0.25));
#13719=CARTESIAN_POINT('',(1.558,8.30800000000001,0.25));
#13720=CARTESIAN_POINT('',(1.558,8.30800000000001,0.15));
#13721=CARTESIAN_POINT('',(1.558,8.30800000000001,0.15));
#13722=CARTESIAN_POINT('',(1.558,8.30800000000001,0.25));
#13723=CARTESIAN_POINT('',(1.558,8.30800000000001,0.25));
#13724=CARTESIAN_POINT('',(1.558,8.30800000000001,0.25));
#13725=CARTESIAN_POINT('',(0.688348270784488,25.529490807123,0.25));
#13726=CARTESIAN_POINT('',(0.688348270784488,25.529490807123,0.15));
#13727=CARTESIAN_POINT('',(-0.271999999997571,26.1250000000039,0.15));
#13728=CARTESIAN_POINT('',(-0.36599999999689,25.9360000000081,0.15));
#13729=CARTESIAN_POINT('',(-0.27199999999757,26.1250000000039,0.25));
#13730=CARTESIAN_POINT('',(-0.27199999999757,26.1250000000039,0.25));
#13731=CARTESIAN_POINT('',(0.688348270784488,25.529490807123,0.25));
#13732=CARTESIAN_POINT('',(-0.36599999999689,25.9360000000081,0.25));
#13733=CARTESIAN_POINT('',(-0.36599999999689,25.9360000000081,0.25));
#13734=CARTESIAN_POINT('',(0.485677643726314,25.6618924658389,0.25));
#13735=CARTESIAN_POINT('',(0.485677643726314,25.6618924658389,0.15));
#13736=CARTESIAN_POINT('',(-0.146999999983373,26.2850000000169,0.15));
#13737=CARTESIAN_POINT('',(-0.146999999983374,26.2850000000169,0.25));
#13738=CARTESIAN_POINT('',(-0.146999999983374,26.2850000000169,0.25));
#13739=CARTESIAN_POINT('',(0.485677643726314,25.6618924658389,0.25));
#13740=CARTESIAN_POINT('',(0.434602979485253,25.7097939723424,0.25));
#13741=CARTESIAN_POINT('',(0.434602979485253,25.7097939723424,0.15));
#13742=CARTESIAN_POINT('',(0.0760000000380172,26.4450000000186,0.15));
#13743=CARTESIAN_POINT('',(0.0760000000380172,26.4450000000186,0.25));
#13744=CARTESIAN_POINT('',(0.0760000000380172,26.4450000000186,0.25));
#13745=CARTESIAN_POINT('',(0.434602979485253,25.7097939723424,0.25));
#13746=CARTESIAN_POINT('',(0.707999999999999,25.1499876448466,0.25));
#13747=CARTESIAN_POINT('',(0.707999999999999,25.1499876448466,0.15));
#13748=CARTESIAN_POINT('',(1.33999999996125,26.4450000000189,0.15));
#13749=CARTESIAN_POINT('',(1.33999999996125,26.4450000000189,0.25));
#13750=CARTESIAN_POINT('',(1.33999999996125,26.4450000000189,0.25));
#13751=CARTESIAN_POINT('',(0.707999999999999,25.1499876448466,0.25));
#13752=CARTESIAN_POINT('',(0.981397020514644,25.7097939723422,0.25));
#13753=CARTESIAN_POINT('',(0.981397020514644,25.7097939723422,0.15));
#13754=CARTESIAN_POINT('',(1.56300000000804,26.2849999999919,0.15));
#13755=CARTESIAN_POINT('',(1.56300000000804,26.2849999999919,0.25));
#13756=CARTESIAN_POINT('',(1.56300000000804,26.2849999999919,0.25));
#13757=CARTESIAN_POINT('',(0.981397020514644,25.7097939723422,0.25));
#13758=CARTESIAN_POINT('',(0.930322356273376,25.6618924658386,0.25));
#13759=CARTESIAN_POINT('',(0.930322356273376,25.6618924658386,0.15));
#13760=CARTESIAN_POINT('',(1.68800000002368,26.1249999999614,0.15));
#13761=CARTESIAN_POINT('',(1.68800000002368,26.1249999999614,0.25));
#13762=CARTESIAN_POINT('',(1.68800000002368,26.1249999999614,0.25));
#13763=CARTESIAN_POINT('',(0.930322356273376,25.6618924658386,0.25));
#13764=CARTESIAN_POINT('',(0.725012554743508,25.5337680824929,0.25));
#13765=CARTESIAN_POINT('',(0.725012554743508,25.5337680824929,0.15));
#13766=CARTESIAN_POINT('',(1.78099999998694,25.9360000000342,0.15));
#13767=CARTESIAN_POINT('',(1.78099999998694,25.9360000000342,0.25));
#13768=CARTESIAN_POINT('',(1.78099999998694,25.9360000000342,0.25));
#13769=CARTESIAN_POINT('',(0.725012554743508,25.5337680824929,0.25));
#13770=CARTESIAN_POINT('',(0.336309522955719,25.3855588809531,0.25));
#13771=CARTESIAN_POINT('',(0.336309522955719,25.3855588809531,0.15));
#13772=CARTESIAN_POINT('',(1.83600000198515,25.0100000079273,0.15));
#13773=CARTESIAN_POINT('',(1.83600000198515,25.0100000079273,0.25));
#13774=CARTESIAN_POINT('',(1.83600000198515,25.0100000079273,0.25));
#13775=CARTESIAN_POINT('',(0.336309522955719,25.3855588809531,0.25));
#13776=CARTESIAN_POINT('',(0.724324789875743,25.2883778496845,0.25));
#13777=CARTESIAN_POINT('',(0.724324789875743,25.2883778496845,0.15));
#13778=CARTESIAN_POINT('',(1.69800000000027,24.6840000000003,0.15));
#13779=CARTESIAN_POINT('',(1.69800000000027,24.6840000000003,0.25));
#13780=CARTESIAN_POINT('',(1.69800000000027,24.6840000000003,0.25));
#13781=CARTESIAN_POINT('',(0.724324789875743,25.2883778496845,0.25));
#13782=CARTESIAN_POINT('',(0.963103174461656,25.149646492324,0.25));
#13783=CARTESIAN_POINT('',(0.963103174461656,25.149646492324,0.15));
#13784=CARTESIAN_POINT('',(1.44000000019552,24.4220000001281,0.15));
#13785=CARTESIAN_POINT('',(1.44000000019552,24.4220000001281,0.25));
#13786=CARTESIAN_POINT('',(1.44000000019552,24.4220000001281,0.25));
#13787=CARTESIAN_POINT('',(0.963103174461656,25.149646492324,0.25));
#13788=CARTESIAN_POINT('',(0.853329666935619,25.3180239507414,0.25));
#13789=CARTESIAN_POINT('',(0.853329666935619,25.3180239507414,0.15));
#13790=CARTESIAN_POINT('',(1.13599999981887,24.2849999999505,0.15));
#13791=CARTESIAN_POINT('',(1.13599999981887,24.2849999999505,0.25));
#13792=CARTESIAN_POINT('',(1.13599999981887,24.2849999999505,0.25));
#13793=CARTESIAN_POINT('',(0.853329666935619,25.3180239507414,0.25));
#13794=CARTESIAN_POINT('',(0.651393344186162,26.0704009043174,0.25));
#13795=CARTESIAN_POINT('',(0.651393344186162,26.0704009043174,0.15));
#13796=CARTESIAN_POINT('',(0.980999999863219,24.2499999999749,0.15));
#13797=CARTESIAN_POINT('',(0.980999999863219,24.2499999999749,0.25));
#13798=CARTESIAN_POINT('',(0.980999999863219,24.2499999999749,0.25));
#13799=CARTESIAN_POINT('',(0.651393344186162,26.0704009043174,0.25));
#13800=CARTESIAN_POINT('',(0.705354415173893,25.7488647409178,0.25));
#13801=CARTESIAN_POINT('',(0.705354415173893,25.7488647409178,0.15));
#13802=CARTESIAN_POINT('',(0.785999999970926,24.2269999999985,0.15));
#13803=CARTESIAN_POINT('',(0.785999999970926,24.2269999999985,0.25));
#13804=CARTESIAN_POINT('',(0.785999999970926,24.2269999999985,0.25));
#13805=CARTESIAN_POINT('',(0.705354415173893,25.7488647409178,0.25));
#13806=CARTESIAN_POINT('',(0.747000000000004,24.9880013140576,0.25));
#13807=CARTESIAN_POINT('',(0.747000000000004,24.9880013140576,0.15));
#13808=CARTESIAN_POINT('',(0.708000000000038,24.227,0.15));
#13809=CARTESIAN_POINT('',(0.708000000000038,24.227,0.25));
#13810=CARTESIAN_POINT('',(0.708000000000038,24.227,0.25));
#13811=CARTESIAN_POINT('',(0.747000000000004,24.9880013140576,0.25));
#13812=CARTESIAN_POINT('',(0.668499999999986,24.9879755252293,0.25));
#13813=CARTESIAN_POINT('',(0.668499999999986,24.9879755252293,0.15));
#13814=CARTESIAN_POINT('',(0.629000000002673,24.2269999999999,0.15));
#13815=CARTESIAN_POINT('',(0.629000000002673,24.2269999999999,0.25));
#13816=CARTESIAN_POINT('',(0.629000000002673,24.2269999999999,0.25));
#13817=CARTESIAN_POINT('',(0.668499999999986,24.9879755252293,0.25));
#13818=CARTESIAN_POINT('',(0.711054929280071,25.7487894034926,0.25));
#13819=CARTESIAN_POINT('',(0.711054929280071,25.7487894034926,0.15));
#13820=CARTESIAN_POINT('',(0.435000000093364,24.2499999999828,0.15));
#13821=CARTESIAN_POINT('',(0.435000000093364,24.2499999999828,0.25));
#13822=CARTESIAN_POINT('',(0.435000000093364,24.2499999999828,0.25));
#13823=CARTESIAN_POINT('',(0.711054929280071,25.7487894034926,0.25));
#13824=CARTESIAN_POINT('',(0.761617844011624,26.0709395333078,0.25));
#13825=CARTESIAN_POINT('',(0.761617844011624,26.0709395333078,0.15));
#13826=CARTESIAN_POINT('',(0.279000000077322,24.2849999999787,0.15));
#13827=CARTESIAN_POINT('',(0.279000000077322,24.2849999999787,0.25));
#13828=CARTESIAN_POINT('',(0.279000000077322,24.2849999999787,0.25));
#13829=CARTESIAN_POINT('',(0.761617844011624,26.0709395333078,0.25));
#13830=CARTESIAN_POINT('',(0.563391273075526,25.3175515017657,0.25));
#13831=CARTESIAN_POINT('',(0.563391273075526,25.3175515017657,0.15));
#13832=CARTESIAN_POINT('',(-0.0240000000275901,24.422000000018,0.15));
#13833=CARTESIAN_POINT('',(-0.0240000000275898,24.422000000018,0.25));
#13834=CARTESIAN_POINT('',(-0.0240000000275898,24.422000000018,0.25));
#13835=CARTESIAN_POINT('',(0.563391273075526,25.3175515017657,0.25));
#13836=CARTESIAN_POINT('',(0.451187691974888,25.150763787105,0.25));
#13837=CARTESIAN_POINT('',(0.451187691974888,25.150763787105,0.15));
#13838=CARTESIAN_POINT('',(-0.282999999999719,24.6839999999996,0.15));
#13839=CARTESIAN_POINT('',(-0.28299999999972,24.6839999999996,0.25));
#13840=CARTESIAN_POINT('',(-0.28299999999972,24.6839999999996,0.25));
#13841=CARTESIAN_POINT('',(0.451187691974888,25.150763787105,0.25));
#13842=CARTESIAN_POINT('',(0.690675210124427,25.2883778496845,0.25));
#13843=CARTESIAN_POINT('',(0.690675210124427,25.2883778496845,0.15));
#13844=CARTESIAN_POINT('',(-0.420999999786898,25.0099999991492,0.15));
#13845=CARTESIAN_POINT('',(-0.420999999786898,25.0099999991492,0.25));
#13846=CARTESIAN_POINT('',(-0.420999999786898,25.0099999991492,0.25));
#13847=CARTESIAN_POINT('',(0.690675210124427,25.2883778496845,0.25));
#13848=CARTESIAN_POINT('',(-1.906,26.55,0.25));
#13849=CARTESIAN_POINT('',(-1.906,26.55,0.15));
#13850=CARTESIAN_POINT('',(-1.906,26.55,0.15));
#13851=CARTESIAN_POINT('',(-1.906,26.138,0.15));
#13852=CARTESIAN_POINT('',(-1.906,26.55,0.25));
#13853=CARTESIAN_POINT('',(-1.906,26.55,0.25));
#13854=CARTESIAN_POINT('',(-1.906,26.55,0.25));
#13855=CARTESIAN_POINT('',(-1.906,26.138,0.25));
#13856=CARTESIAN_POINT('',(-1.906,26.138,0.25));
#13857=CARTESIAN_POINT('',(-0.577999999999999,26.55,0.25));
#13858=CARTESIAN_POINT('',(-0.577999999999999,26.55,0.15));
#13859=CARTESIAN_POINT('',(-0.577999999999999,26.55,0.15));
#13860=CARTESIAN_POINT('',(-0.577999999999999,26.55,0.25));
#13861=CARTESIAN_POINT('',(-0.577999999999999,26.55,0.25));
#13862=CARTESIAN_POINT('',(-0.577999999999999,26.55,0.25));
#13863=CARTESIAN_POINT('',(-0.577999999999999,26.138,0.25));
#13864=CARTESIAN_POINT('',(-0.577999999999999,26.138,0.15));
#13865=CARTESIAN_POINT('',(-0.577999999999999,26.138,0.15));
#13866=CARTESIAN_POINT('',(-0.577999999999999,26.138,0.25));
#13867=CARTESIAN_POINT('',(-0.577999999999999,26.138,0.25));
#13868=CARTESIAN_POINT('',(-0.577999999999999,26.138,0.25));
#13869=CARTESIAN_POINT('',(-0.933,26.138,0.25));
#13870=CARTESIAN_POINT('',(-0.933,26.138,0.15));
#13871=CARTESIAN_POINT('',(-0.933,26.138,0.15));
#13872=CARTESIAN_POINT('',(-0.933,26.138,0.25));
#13873=CARTESIAN_POINT('',(-0.933,26.138,0.25));
#13874=CARTESIAN_POINT('',(-0.933,26.138,0.25));
#13875=CARTESIAN_POINT('',(-0.933,24.689,0.25));
#13876=CARTESIAN_POINT('',(-0.933,24.689,0.15));
#13877=CARTESIAN_POINT('',(-0.933,24.689,0.15));
#13878=CARTESIAN_POINT('',(-0.933,24.689,0.25));
#13879=CARTESIAN_POINT('',(-0.933,24.689,0.25));
#13880=CARTESIAN_POINT('',(-0.933,24.689,0.25));
#13881=CARTESIAN_POINT('',(-0.577999999999999,24.689,0.25));
#13882=CARTESIAN_POINT('',(-0.577999999999999,24.689,0.15));
#13883=CARTESIAN_POINT('',(-0.577999999999999,24.689,0.15));
#13884=CARTESIAN_POINT('',(-0.577999999999999,24.689,0.25));
#13885=CARTESIAN_POINT('',(-0.577999999999999,24.689,0.25));
#13886=CARTESIAN_POINT('',(-0.577999999999999,24.689,0.25));
#13887=CARTESIAN_POINT('',(-0.577999999999999,24.272,0.25));
#13888=CARTESIAN_POINT('',(-0.577999999999999,24.272,0.15));
#13889=CARTESIAN_POINT('',(-0.577999999999999,24.272,0.15));
#13890=CARTESIAN_POINT('',(-0.578,24.272,0.25));
#13891=CARTESIAN_POINT('',(-0.578,24.272,0.25));
#13892=CARTESIAN_POINT('',(-0.577999999999999,24.272,0.25));
#13893=CARTESIAN_POINT('',(-1.906,24.272,0.25));
#13894=CARTESIAN_POINT('',(-1.906,24.272,0.15));
#13895=CARTESIAN_POINT('',(-1.906,24.272,0.15));
#13896=CARTESIAN_POINT('',(-1.906,24.272,0.25));
#13897=CARTESIAN_POINT('',(-1.906,24.272,0.25));
#13898=CARTESIAN_POINT('',(-1.906,24.272,0.25));
#13899=CARTESIAN_POINT('',(-1.906,24.689,0.25));
#13900=CARTESIAN_POINT('',(-1.906,24.689,0.15));
#13901=CARTESIAN_POINT('',(-1.906,24.689,0.15));
#13902=CARTESIAN_POINT('',(-1.906,24.689,0.25));
#13903=CARTESIAN_POINT('',(-1.906,24.689,0.25));
#13904=CARTESIAN_POINT('',(-1.906,24.689,0.25));
#13905=CARTESIAN_POINT('',(-1.54,24.689,0.25));
#13906=CARTESIAN_POINT('',(-1.54,24.689,0.15));
#13907=CARTESIAN_POINT('',(-1.54,24.689,0.15));
#13908=CARTESIAN_POINT('',(-1.54,24.689,0.25));
#13909=CARTESIAN_POINT('',(-1.54,24.689,0.25));
#13910=CARTESIAN_POINT('',(-1.54,24.689,0.25));
#13911=CARTESIAN_POINT('',(-1.54,26.138,0.25));
#13912=CARTESIAN_POINT('',(-1.54,26.138,0.15));
#13913=CARTESIAN_POINT('',(-1.54,26.138,0.15));
#13914=CARTESIAN_POINT('',(-1.54,26.138,0.25));
#13915=CARTESIAN_POINT('',(-1.54,26.138,0.25));
#13916=CARTESIAN_POINT('',(-1.54,26.138,0.25));
#13917=CARTESIAN_POINT('',(-2.625,16.5,0.25));
#13918=CARTESIAN_POINT('',(-2.625,16.5,0.15));
#13919=CARTESIAN_POINT('',(-2.625,16.5,0.15));
#13920=CARTESIAN_POINT('',(-2.625,15.75,0.15));
#13921=CARTESIAN_POINT('',(-2.625,16.5,0.25));
#13922=CARTESIAN_POINT('',(-2.625,16.5,0.25));
#13923=CARTESIAN_POINT('',(-2.625,16.5,0.25));
#13924=CARTESIAN_POINT('',(-2.625,15.75,0.25));
#13925=CARTESIAN_POINT('',(-2.625,15.75,0.25));
#13926=CARTESIAN_POINT('',(-2.375,16.5,0.25));
#13927=CARTESIAN_POINT('',(-2.375,16.5,0.15));
#13928=CARTESIAN_POINT('',(-2.375,16.5,0.15));
#13929=CARTESIAN_POINT('',(-2.375,16.5,0.25));
#13930=CARTESIAN_POINT('',(-2.375,16.5,0.25));
#13931=CARTESIAN_POINT('',(-2.375,16.5,0.25));
#13932=CARTESIAN_POINT('',(-2.375,15.75,0.25));
#13933=CARTESIAN_POINT('',(-2.375,15.75,0.15));
#13934=CARTESIAN_POINT('',(-2.375,15.75,0.15));
#13935=CARTESIAN_POINT('',(-2.375,15.75,0.25));
#13936=CARTESIAN_POINT('',(-2.375,15.75,0.25));
#13937=CARTESIAN_POINT('',(-2.375,15.75,0.25));
#13938=CARTESIAN_POINT('',(-0.431000000000001,6.95400000000001,0.25));
#13939=CARTESIAN_POINT('',(-0.431000000000001,6.95400000000001,0.15));
#13940=CARTESIAN_POINT('',(-0.431000000000001,6.95400000000001,0.15));
#13941=CARTESIAN_POINT('',(-3.089,4.679,0.15));
#13942=CARTESIAN_POINT('',(-0.431000000000001,6.95400000000001,0.25));
#13943=CARTESIAN_POINT('',(-0.431000000000001,6.95400000000001,0.25));
#13944=CARTESIAN_POINT('',(-0.431000000000001,6.95400000000001,0.25));
#13945=CARTESIAN_POINT('',(-3.089,4.679,0.25));
#13946=CARTESIAN_POINT('',(-3.089,4.679,0.25));
#13947=CARTESIAN_POINT('',(-3.089,6.95400000000001,0.25));
#13948=CARTESIAN_POINT('',(-3.089,6.95400000000001,0.15));
#13949=CARTESIAN_POINT('',(-3.089,6.95400000000001,0.15));
#13950=CARTESIAN_POINT('',(-3.089,6.95400000000001,0.25));
#13951=CARTESIAN_POINT('',(-3.089,6.95400000000001,0.25));
#13952=CARTESIAN_POINT('',(-3.089,6.95400000000001,0.25));
#13953=CARTESIAN_POINT('',(-3.089,7.971,0.25));
#13954=CARTESIAN_POINT('',(-3.089,7.971,0.15));
#13955=CARTESIAN_POINT('',(-3.089,7.971,0.15));
#13956=CARTESIAN_POINT('',(-3.089,7.971,0.25));
#13957=CARTESIAN_POINT('',(-3.089,7.971,0.25));
#13958=CARTESIAN_POINT('',(-3.089,7.971,0.25));
#13959=CARTESIAN_POINT('',(1.214,7.971,0.25));
#13960=CARTESIAN_POINT('',(1.214,7.971,0.15));
#13961=CARTESIAN_POINT('',(1.214,7.971,0.15));
#13962=CARTESIAN_POINT('',(1.214,7.971,0.25));
#13963=CARTESIAN_POINT('',(1.214,7.971,0.25));
#13964=CARTESIAN_POINT('',(1.214,7.971,0.25));
#13965=CARTESIAN_POINT('',(1.214,6.95400000000001,0.25));
#13966=CARTESIAN_POINT('',(1.214,6.95400000000001,0.15));
#13967=CARTESIAN_POINT('',(1.214,6.95400000000001,0.15));
#13968=CARTESIAN_POINT('',(1.214,6.95400000000001,0.25));
#13969=CARTESIAN_POINT('',(1.214,6.95400000000001,0.25));
#13970=CARTESIAN_POINT('',(1.214,6.95400000000001,0.25));
#13971=CARTESIAN_POINT('',(-1.444,4.679,0.25));
#13972=CARTESIAN_POINT('',(-1.444,4.679,0.15));
#13973=CARTESIAN_POINT('',(-1.444,4.679,0.15));
#13974=CARTESIAN_POINT('',(-1.444,4.679,0.25));
#13975=CARTESIAN_POINT('',(-1.444,4.679,0.25));
#13976=CARTESIAN_POINT('',(-1.444,4.679,0.25));
#13977=CARTESIAN_POINT('',(1.214,4.679,0.25));
#13978=CARTESIAN_POINT('',(1.214,4.679,0.15));
#13979=CARTESIAN_POINT('',(1.214,4.679,0.15));
#13980=CARTESIAN_POINT('',(1.214,4.679,0.25));
#13981=CARTESIAN_POINT('',(1.214,4.679,0.25));
#13982=CARTESIAN_POINT('',(1.214,4.679,0.25));
#13983=CARTESIAN_POINT('',(1.214,3.66200000000001,0.25));
#13984=CARTESIAN_POINT('',(1.214,3.66200000000001,0.15));
#13985=CARTESIAN_POINT('',(1.214,3.66200000000001,0.15));
#13986=CARTESIAN_POINT('',(1.214,3.66200000000001,0.25));
#13987=CARTESIAN_POINT('',(1.214,3.66200000000001,0.25));
#13988=CARTESIAN_POINT('',(1.214,3.66200000000001,0.25));
#13989=CARTESIAN_POINT('',(-3.089,3.66200000000001,0.25));
#13990=CARTESIAN_POINT('',(-3.089,3.66200000000001,0.15));
#13991=CARTESIAN_POINT('',(-3.089,3.66200000000001,0.15));
#13992=CARTESIAN_POINT('',(-3.089,3.66200000000001,0.25));
#13993=CARTESIAN_POINT('',(-3.089,3.66200000000001,0.25));
#13994=CARTESIAN_POINT('',(-3.089,3.66200000000001,0.25));
#13995=CARTESIAN_POINT('',(-3.031,12.458,0.25));
#13996=CARTESIAN_POINT('',(-3.031,12.458,0.15));
#13997=CARTESIAN_POINT('',(-3.031,12.458,0.15));
#13998=CARTESIAN_POINT('',(-3.207,12.281,0.15));
#13999=CARTESIAN_POINT('',(-3.031,12.458,0.25));
#14000=CARTESIAN_POINT('',(-3.031,12.458,0.25));
#14001=CARTESIAN_POINT('',(-3.031,12.458,0.25));
#14002=CARTESIAN_POINT('',(-3.207,12.281,0.25));
#14003=CARTESIAN_POINT('',(-3.207,12.281,0.25));
#14004=CARTESIAN_POINT('',(-2.5,11.927,0.25));
#14005=CARTESIAN_POINT('',(-2.5,11.927,0.15));
#14006=CARTESIAN_POINT('',(-2.5,11.927,0.15));
#14007=CARTESIAN_POINT('',(-2.5,11.927,0.25));
#14008=CARTESIAN_POINT('',(-2.5,11.927,0.25));
#14009=CARTESIAN_POINT('',(-2.5,11.927,0.25));
#14010=CARTESIAN_POINT('',(-1.97,12.458,0.25));
#14011=CARTESIAN_POINT('',(-1.97,12.458,0.15));
#14012=CARTESIAN_POINT('',(-1.97,12.458,0.15));
#14013=CARTESIAN_POINT('',(-1.97,12.458,0.25));
#14014=CARTESIAN_POINT('',(-1.97,12.458,0.25));
#14015=CARTESIAN_POINT('',(-1.97,12.458,0.25));
#14016=CARTESIAN_POINT('',(-1.793,12.281,0.25));
#14017=CARTESIAN_POINT('',(-1.793,12.281,0.15));
#14018=CARTESIAN_POINT('',(-1.793,12.281,0.15));
#14019=CARTESIAN_POINT('',(-1.793,12.281,0.25));
#14020=CARTESIAN_POINT('',(-1.793,12.281,0.25));
#14021=CARTESIAN_POINT('',(-1.793,12.281,0.25));
#14022=CARTESIAN_POINT('',(-2.324,11.75,0.25));
#14023=CARTESIAN_POINT('',(-2.324,11.75,0.15));
#14024=CARTESIAN_POINT('',(-2.324,11.75,0.15));
#14025=CARTESIAN_POINT('',(-2.324,11.75,0.25));
#14026=CARTESIAN_POINT('',(-2.324,11.75,0.25));
#14027=CARTESIAN_POINT('',(-2.324,11.75,0.25));
#14028=CARTESIAN_POINT('',(-1.793,11.22,0.25));
#14029=CARTESIAN_POINT('',(-1.793,11.22,0.15));
#14030=CARTESIAN_POINT('',(-1.793,11.22,0.15));
#14031=CARTESIAN_POINT('',(-1.793,11.22,0.25));
#14032=CARTESIAN_POINT('',(-1.793,11.22,0.25));
#14033=CARTESIAN_POINT('',(-1.793,11.22,0.25));
#14034=CARTESIAN_POINT('',(-1.97,11.043,0.25));
#14035=CARTESIAN_POINT('',(-1.97,11.043,0.15));
#14036=CARTESIAN_POINT('',(-1.97,11.043,0.15));
#14037=CARTESIAN_POINT('',(-1.97,11.043,0.25));
#14038=CARTESIAN_POINT('',(-1.97,11.043,0.25));
#14039=CARTESIAN_POINT('',(-1.97,11.043,0.25));
#14040=CARTESIAN_POINT('',(-2.5,11.574,0.25));
#14041=CARTESIAN_POINT('',(-2.5,11.574,0.15));
#14042=CARTESIAN_POINT('',(-2.5,11.574,0.15));
#14043=CARTESIAN_POINT('',(-2.5,11.574,0.25));
#14044=CARTESIAN_POINT('',(-2.5,11.574,0.25));
#14045=CARTESIAN_POINT('',(-2.5,11.574,0.25));
#14046=CARTESIAN_POINT('',(-3.031,11.043,0.25));
#14047=CARTESIAN_POINT('',(-3.031,11.043,0.15));
#14048=CARTESIAN_POINT('',(-3.031,11.043,0.15));
#14049=CARTESIAN_POINT('',(-3.031,11.043,0.25));
#14050=CARTESIAN_POINT('',(-3.031,11.043,0.25));
#14051=CARTESIAN_POINT('',(-3.031,11.043,0.25));
#14052=CARTESIAN_POINT('',(-3.207,11.22,0.25));
#14053=CARTESIAN_POINT('',(-3.207,11.22,0.15));
#14054=CARTESIAN_POINT('',(-3.207,11.22,0.15));
#14055=CARTESIAN_POINT('',(-3.207,11.22,0.25));
#14056=CARTESIAN_POINT('',(-3.207,11.22,0.25));
#14057=CARTESIAN_POINT('',(-3.207,11.22,0.25));
#14058=CARTESIAN_POINT('',(-2.677,11.75,0.25));
#14059=CARTESIAN_POINT('',(-2.677,11.75,0.15));
#14060=CARTESIAN_POINT('',(-2.677,11.75,0.15));
#14061=CARTESIAN_POINT('',(-2.677,11.75,0.25));
#14062=CARTESIAN_POINT('',(-2.677,11.75,0.25));
#14063=CARTESIAN_POINT('',(-2.677,11.75,0.25));
#14064=CARTESIAN_POINT('',(-2.9,15.885,0.25));
#14065=CARTESIAN_POINT('',(-2.9,15.885,0.15));
#14066=CARTESIAN_POINT('',(-2.9,15.885,0.15));
#14067=CARTESIAN_POINT('',(-2.9,16.167,0.15));
#14068=CARTESIAN_POINT('',(-2.9,15.885,0.25));
#14069=CARTESIAN_POINT('',(-2.9,15.885,0.25));
#14070=CARTESIAN_POINT('',(-2.9,15.885,0.25));
#14071=CARTESIAN_POINT('',(-2.9,16.167,0.25));
#14072=CARTESIAN_POINT('',(-2.9,16.167,0.25));
#14073=CARTESIAN_POINT('',(-2.5,15.2505711229775,0.25));
#14074=CARTESIAN_POINT('',(-2.5,15.2505711229775,0.15));
#14075=CARTESIAN_POINT('',(-2.1,15.885,0.15));
#14076=CARTESIAN_POINT('',(-2.1,15.885,0.25));
#14077=CARTESIAN_POINT('',(-2.1,15.885,0.25));
#14078=CARTESIAN_POINT('',(-2.5,15.2505711229775,0.25));
#14079=CARTESIAN_POINT('',(-2.1,16.167,0.25));
#14080=CARTESIAN_POINT('',(-2.1,16.167,0.15));
#14081=CARTESIAN_POINT('',(-2.1,16.167,0.15));
#14082=CARTESIAN_POINT('',(-2.1,16.167,0.25));
#14083=CARTESIAN_POINT('',(-2.1,16.167,0.25));
#14084=CARTESIAN_POINT('',(-2.1,16.167,0.25));
#14085=CARTESIAN_POINT('',(-3.86,24.834,0.25));
#14086=CARTESIAN_POINT('',(-3.86,24.834,0.15));
#14087=CARTESIAN_POINT('',(-3.86,24.834,0.15));
#14088=CARTESIAN_POINT('',(-4.588,25.389,0.15));
#14089=CARTESIAN_POINT('',(-3.86,24.834,0.25));
#14090=CARTESIAN_POINT('',(-3.86,24.834,0.25));
#14091=CARTESIAN_POINT('',(-3.86,24.834,0.25));
#14092=CARTESIAN_POINT('',(-4.588,25.389,0.25));
#14093=CARTESIAN_POINT('',(-4.588,25.389,0.25));
#14094=CARTESIAN_POINT('',(-3.132,25.389,0.25));
#14095=CARTESIAN_POINT('',(-3.132,25.389,0.15));
#14096=CARTESIAN_POINT('',(-3.132,25.389,0.15));
#14097=CARTESIAN_POINT('',(-3.132,25.389,0.25));
#14098=CARTESIAN_POINT('',(-3.132,25.389,0.25));
#14099=CARTESIAN_POINT('',(-3.132,25.389,0.25));
#14100=CARTESIAN_POINT('',(-3.132,25.116,0.25));
#14101=CARTESIAN_POINT('',(-3.132,25.116,0.15));
#14102=CARTESIAN_POINT('',(-3.132,25.116,0.15));
#14103=CARTESIAN_POINT('',(-3.132,25.116,0.25));
#14104=CARTESIAN_POINT('',(-3.132,25.116,0.25));
#14105=CARTESIAN_POINT('',(-3.132,25.116,0.25));
#14106=CARTESIAN_POINT('',(-3.86,24.241,0.25));
#14107=CARTESIAN_POINT('',(-3.86,24.241,0.15));
#14108=CARTESIAN_POINT('',(-3.86,24.241,0.15));
#14109=CARTESIAN_POINT('',(-3.86,24.241,0.25));
#14110=CARTESIAN_POINT('',(-3.86,24.241,0.25));
#14111=CARTESIAN_POINT('',(-3.86,24.241,0.25));
#14112=CARTESIAN_POINT('',(-4.588,25.116,0.25));
#14113=CARTESIAN_POINT('',(-4.588,25.116,0.15));
#14114=CARTESIAN_POINT('',(-4.588,25.116,0.15));
#14115=CARTESIAN_POINT('',(-4.588,25.116,0.25));
#14116=CARTESIAN_POINT('',(-4.588,25.116,0.25));
#14117=CARTESIAN_POINT('',(-4.588,25.116,0.25));
#14118=CARTESIAN_POINT('',(-4.73,26.568,0.25));
#14119=CARTESIAN_POINT('',(-4.73,26.568,0.15));
#14120=CARTESIAN_POINT('',(-4.73,26.568,0.15));
#14121=CARTESIAN_POINT('',(-5.458,25.693,0.15));
#14122=CARTESIAN_POINT('',(-4.73,26.568,0.25));
#14123=CARTESIAN_POINT('',(-4.73,26.568,0.25));
#14124=CARTESIAN_POINT('',(-4.73,26.568,0.25));
#14125=CARTESIAN_POINT('',(-5.458,25.693,0.25));
#14126=CARTESIAN_POINT('',(-5.458,25.693,0.25));
#14127=CARTESIAN_POINT('',(-4.002,25.693,0.25));
#14128=CARTESIAN_POINT('',(-4.002,25.693,0.15));
#14129=CARTESIAN_POINT('',(-4.002,25.693,0.15));
#14130=CARTESIAN_POINT('',(-4.002,25.693,0.25));
#14131=CARTESIAN_POINT('',(-4.002,25.693,0.25));
#14132=CARTESIAN_POINT('',(-4.002,25.693,0.25));
#14133=CARTESIAN_POINT('',(-4.002,25.42,0.25));
#14134=CARTESIAN_POINT('',(-4.002,25.42,0.15));
#14135=CARTESIAN_POINT('',(-4.002,25.42,0.15));
#14136=CARTESIAN_POINT('',(-4.002,25.42,0.25));
#14137=CARTESIAN_POINT('',(-4.002,25.42,0.25));
#14138=CARTESIAN_POINT('',(-4.002,25.42,0.25));
#14139=CARTESIAN_POINT('',(-4.73,25.975,0.25));
#14140=CARTESIAN_POINT('',(-4.73,25.975,0.15));
#14141=CARTESIAN_POINT('',(-4.73,25.975,0.15));
#14142=CARTESIAN_POINT('',(-4.73,25.975,0.25));
#14143=CARTESIAN_POINT('',(-4.73,25.975,0.25));
#14144=CARTESIAN_POINT('',(-4.73,25.975,0.25));
#14145=CARTESIAN_POINT('',(-5.458,25.42,0.25));
#14146=CARTESIAN_POINT('',(-5.458,25.42,0.15));
#14147=CARTESIAN_POINT('',(-5.458,25.42,0.15));
#14148=CARTESIAN_POINT('',(-5.458,25.42,0.25));
#14149=CARTESIAN_POINT('',(-5.458,25.42,0.25));
#14150=CARTESIAN_POINT('',(-5.458,25.42,0.25));
#14151=CARTESIAN_POINT('',(7.758,24.272,0.25));
#14152=CARTESIAN_POINT('',(7.758,24.272,0.15));
#14153=CARTESIAN_POINT('',(7.758,24.272,0.25));
#14154=CARTESIAN_POINT('',(9.10016006405121,15.25,0.25));
#14155=CARTESIAN_POINT('',(9.10016006405121,15.25,0.15));
#14156=CARTESIAN_POINT('',(9.10016006405121,15.25,0.25));
#14157=CARTESIAN_POINT('',(5.878,24.272,0.25));
#14158=CARTESIAN_POINT('',(5.878,24.272,0.15));
#14159=CARTESIAN_POINT('',(5.878,24.272,0.25));
#14160=CARTESIAN_POINT('',(5.133,24.272,0.25));
#14161=CARTESIAN_POINT('',(5.133,24.272,0.15));
#14162=CARTESIAN_POINT('',(5.133,24.272,0.25));
#14163=CARTESIAN_POINT('',(5.098,26.549,0.25));
#14164=CARTESIAN_POINT('',(5.098,26.549,0.15));
#14165=CARTESIAN_POINT('',(5.098,26.549,0.25));
#14166=CARTESIAN_POINT('',(6.7,4.45,0.25));
#14167=CARTESIAN_POINT('',(6.7,4.45,0.25));
#14168=CARTESIAN_POINT('',(9.29999999999999,4.45,0.25));
#14169=CARTESIAN_POINT('',(3.501,24.272,0.25));
#14170=CARTESIAN_POINT('',(3.501,24.272,0.15));
#14171=CARTESIAN_POINT('',(3.501,24.272,0.25));
#14172=CARTESIAN_POINT('',(2.147,25.131,0.25));
#14173=CARTESIAN_POINT('',(2.147,25.131,0.15));
#14174=CARTESIAN_POINT('',(2.147,25.131,0.25));
#14175=CARTESIAN_POINT('',(4.60016006405121,15.25,0.25));
#14176=CARTESIAN_POINT('',(4.60016006405121,15.25,0.15));
#14177=CARTESIAN_POINT('',(4.60016006405121,15.25,0.25));
#14178=CARTESIAN_POINT('',(1.558,9.339,0.25));
#14179=CARTESIAN_POINT('',(1.558,9.339,0.15));
#14180=CARTESIAN_POINT('',(1.558,9.339,0.25));
#14181=CARTESIAN_POINT('',(1.07869047704431,25.3855588809531,0.25));
#14182=CARTESIAN_POINT('',(1.07869047704431,25.3855588809531,0.15));
#14183=CARTESIAN_POINT('',(1.07869047704431,25.3855588809531,0.25));
#14184=CARTESIAN_POINT('',(-1.906,26.138,0.25));
#14185=CARTESIAN_POINT('',(-1.906,26.138,0.15));
#14186=CARTESIAN_POINT('',(-1.906,26.138,0.25));
#14187=CARTESIAN_POINT('',(-2.625,15.75,0.25));
#14188=CARTESIAN_POINT('',(-2.625,15.75,0.15));
#14189=CARTESIAN_POINT('',(-2.625,15.75,0.25));
#14190=CARTESIAN_POINT('',(-3.089,4.679,0.25));
#14191=CARTESIAN_POINT('',(-3.089,4.679,0.15));
#14192=CARTESIAN_POINT('',(-3.089,4.679,0.25));
#14193=CARTESIAN_POINT('',(-3.207,12.281,0.25));
#14194=CARTESIAN_POINT('',(-3.207,12.281,0.15));
#14195=CARTESIAN_POINT('',(-3.207,12.281,0.25));
#14196=CARTESIAN_POINT('',(-2.5,15.2504848610088,0.25));
#14197=CARTESIAN_POINT('',(-2.5,15.2504848610088,0.15));
#14198=CARTESIAN_POINT('',(-2.5,15.2504848610088,0.25));
#14199=CARTESIAN_POINT('',(-4.588,25.389,0.25));
#14200=CARTESIAN_POINT('',(-4.588,25.389,0.15));
#14201=CARTESIAN_POINT('',(-4.588,25.389,0.25));
#14202=CARTESIAN_POINT('',(-5.458,25.693,0.25));
#14203=CARTESIAN_POINT('',(-5.458,25.693,0.15));
#14204=CARTESIAN_POINT('',(-5.458,25.693,0.25));
#14205=CARTESIAN_POINT('',(-5.,11.75,0.25));
#14206=CARTESIAN_POINT('',(-5.,11.75,0.25));
#14207=CARTESIAN_POINT('',(-4.25,11.75,0.25));
#14208=CARTESIAN_POINT('',(-5.,11.75,0.15));
#14209=CARTESIAN_POINT('',(-4.25,11.75,0.15));
#14210=CARTESIAN_POINT('',(-5.,15.25,0.25));
#14211=CARTESIAN_POINT('',(-5.,15.25,0.25));
#14212=CARTESIAN_POINT('',(-4.25,15.25,0.25));
#14213=CARTESIAN_POINT('',(-5.,15.25,0.15));
#14214=CARTESIAN_POINT('',(-4.25,15.25,0.15));
#14215=CARTESIAN_POINT('',(-9.45,27.4,0.25));
#14216=CARTESIAN_POINT('',(-9.45,27.4,0.15));
#14217=CARTESIAN_POINT('',(-9.45,27.4,0.15));
#14218=CARTESIAN_POINT('',(-9.45,27.4,0.15));
#14219=CARTESIAN_POINT('',(-9.45,27.4,0.15));
#14220=CARTESIAN_POINT('',(-9.45,27.4,0.15));
#14221=CARTESIAN_POINT('',(-9.45,27.4,0.15));
#14222=CARTESIAN_POINT('',(-9.45,27.4,0.15));
#14223=CARTESIAN_POINT('',(-9.45,27.4,0.15));
#14224=CARTESIAN_POINT('',(-9.45,27.4,0.15));
#14225=CARTESIAN_POINT('',(-9.45,27.4,0.15));
#14226=CARTESIAN_POINT('',(1.45310386108623,25.4015,0.15));
#14227=CARTESIAN_POINT('',(0.140000000001243,25.5150000000143,0.15));
#14228=CARTESIAN_POINT('',(0.139999999998353,25.2880000000191,0.15));
#14229=CARTESIAN_POINT('',(1.07931645969047,25.4317318274833,0.15));
#14230=CARTESIAN_POINT('',(0.178000000005017,25.7090000000164,0.15));
#14231=CARTESIAN_POINT('',(1.01942579223249,25.4513129103624,0.15));
#14232=CARTESIAN_POINT('',(0.309999999967884,25.9719999999563,0.15));
#14233=CARTESIAN_POINT('',(0.668769151719098,25.708732653421,0.15));
#14234=CARTESIAN_POINT('',(0.708,26.152,0.15));
#14235=CARTESIAN_POINT('',(0.747230848280903,25.708732653421,0.15));
#14236=CARTESIAN_POINT('',(1.10600000003249,25.9719999999557,0.15));
#14237=CARTESIAN_POINT('',(0.396574207767471,25.4513129103624,0.15));
#14238=CARTESIAN_POINT('',(1.23799999999641,25.7090000000118,0.15));
#14239=CARTESIAN_POINT('',(0.335289339306984,25.4363051832699,0.15));
#14240=CARTESIAN_POINT('',(1.27499999999899,25.5150000000117,0.15));
#14241=CARTESIAN_POINT('',(-0.0381038610859921,25.4015,0.15));
#14242=CARTESIAN_POINT('',(1.27500000000165,25.2880000000191,0.15));
#14243=CARTESIAN_POINT('',(0.293468162112463,25.3705848122424,0.15));
#14244=CARTESIAN_POINT('',(1.23999999994118,25.0979999997956,0.15));
#14245=CARTESIAN_POINT('',(0.3798476460621,25.3453113988788,0.15));
#14246=CARTESIAN_POINT('',(1.14799999999467,24.8859999999912,0.15));
#14247=CARTESIAN_POINT('',(0.760802543648801,25.1211321538944,0.15));
#14248=CARTESIAN_POINT('',(1.05999999999898,24.7809999999991,0.15));
#14249=CARTESIAN_POINT('',(0.820840946675946,25.0487385799861,0.15));
#14250=CARTESIAN_POINT('',(0.975999999988115,24.7249999999943,0.15));
#14251=CARTESIAN_POINT('',(0.694137541124945,25.3184665570001,0.15));
#14252=CARTESIAN_POINT('',(0.871999999991943,24.6859999999977,0.15));
#14253=CARTESIAN_POINT('',(0.678833895517247,25.3629806910693,0.15));
#14254=CARTESIAN_POINT('',(0.777999999995044,24.6659999999993,0.15));
#14255=CARTESIAN_POINT('',(0.707999999999992,25.1671347124278,0.15));
#14256=CARTESIAN_POINT('',(0.637999999762347,24.6660000000332,0.15));
#14257=CARTESIAN_POINT('',(0.735186214946944,25.3632595209981,0.15));
#14258=CARTESIAN_POINT('',(0.543000000038025,24.6859999999893,0.15));
#14259=CARTESIAN_POINT('',(0.720862458874965,25.3184665569997,0.15));
#14260=CARTESIAN_POINT('',(0.439000000012281,24.7249999999941,0.15));
#14261=CARTESIAN_POINT('',(0.594159053324312,25.0487385799865,0.15));
#14262=CARTESIAN_POINT('',(0.354999999983332,24.7810000000149,0.15));
#14263=CARTESIAN_POINT('',(0.656346313468592,25.1192298025883,0.15));
#14264=CARTESIAN_POINT('',(0.26800000000245,24.885999999996,0.15));
#14265=CARTESIAN_POINT('',(1.0342220738097,25.3485243059637,0.15));
#14266=CARTESIAN_POINT('',(0.174999999994148,25.0980000000202,0.15));
#14267=CARTESIAN_POINT('',(1.12153183788766,25.3705848122424,0.15));
#14268=CARTESIAN_POINT('',(-9.45,27.4,0.15));
#14269=CARTESIAN_POINT('',(-9.45,27.4,0.15));
#14270=CARTESIAN_POINT('',(-9.45,27.4,0.15));
#14271=CARTESIAN_POINT('',(-9.45,27.4,0.15));
#14272=CARTESIAN_POINT('',(-9.45,27.4,0.15));
#14273=CARTESIAN_POINT('',(-9.45,27.4,0.15));
#14274=CARTESIAN_POINT('',(-9.45,27.4,0.15));
#14275=CARTESIAN_POINT('',(-9.45,27.4,0.15));
#14276=CARTESIAN_POINT('',(-9.45,27.4,0.15));
#14277=CARTESIAN_POINT('',(1.07931645969047,25.4317318274833,0.25));
#14278=CARTESIAN_POINT('',(0.140000000001243,25.5150000000143,0.25));
#14279=CARTESIAN_POINT('',(0.140000000001243,25.5150000000143,0.25));
#14280=CARTESIAN_POINT('',(1.07931645969047,25.4317318274833,0.25));
#14281=CARTESIAN_POINT('',(0.178000000005017,25.7090000000164,0.25));
#14282=CARTESIAN_POINT('',(0.178000000005017,25.7090000000164,0.25));
#14283=CARTESIAN_POINT('',(1.45310386108623,25.4015,0.25));
#14284=CARTESIAN_POINT('',(0.139999999998353,25.2880000000191,0.25));
#14285=CARTESIAN_POINT('',(0.139999999998353,25.2880000000191,0.25));
#14286=CARTESIAN_POINT('',(1.45310386108623,25.4015,0.25));
#14287=CARTESIAN_POINT('',(1.12153183788766,25.3705848122424,0.25));
#14288=CARTESIAN_POINT('',(0.174999999994148,25.0980000000202,0.25));
#14289=CARTESIAN_POINT('',(0.174999999994148,25.0980000000202,0.25));
#14290=CARTESIAN_POINT('',(1.12153183788766,25.3705848122424,0.25));
#14291=CARTESIAN_POINT('',(1.0342220738097,25.3485243059637,0.25));
#14292=CARTESIAN_POINT('',(0.26800000000245,24.885999999996,0.25));
#14293=CARTESIAN_POINT('',(0.26800000000245,24.885999999996,0.25));
#14294=CARTESIAN_POINT('',(1.0342220738097,25.3485243059637,0.25));
#14295=CARTESIAN_POINT('',(0.656346313468592,25.1192298025883,0.25));
#14296=CARTESIAN_POINT('',(0.354999999983332,24.7810000000149,0.25));
#14297=CARTESIAN_POINT('',(0.354999999983332,24.7810000000149,0.25));
#14298=CARTESIAN_POINT('',(0.656346313468592,25.1192298025883,0.25));
#14299=CARTESIAN_POINT('',(0.594159053324312,25.0487385799865,0.25));
#14300=CARTESIAN_POINT('',(0.439000000012281,24.7249999999941,0.25));
#14301=CARTESIAN_POINT('',(0.439000000012281,24.7249999999941,0.25));
#14302=CARTESIAN_POINT('',(0.594159053324312,25.0487385799865,0.25));
#14303=CARTESIAN_POINT('',(0.720862458874965,25.3184665569997,0.25));
#14304=CARTESIAN_POINT('',(0.543000000038025,24.6859999999893,0.25));
#14305=CARTESIAN_POINT('',(0.543000000038025,24.6859999999893,0.25));
#14306=CARTESIAN_POINT('',(0.720862458874965,25.3184665569997,0.25));
#14307=CARTESIAN_POINT('',(0.735186214946944,25.3632595209981,0.25));
#14308=CARTESIAN_POINT('',(0.637999999762347,24.6660000000332,0.25));
#14309=CARTESIAN_POINT('',(0.637999999762347,24.6660000000332,0.25));
#14310=CARTESIAN_POINT('',(0.735186214946944,25.3632595209981,0.25));
#14311=CARTESIAN_POINT('',(0.707999999999992,25.1671347124278,0.25));
#14312=CARTESIAN_POINT('',(0.777999999995044,24.6659999999993,0.25));
#14313=CARTESIAN_POINT('',(0.777999999995044,24.6659999999993,0.25));
#14314=CARTESIAN_POINT('',(0.707999999999992,25.1671347124278,0.25));
#14315=CARTESIAN_POINT('',(0.678833895517247,25.3629806910693,0.25));
#14316=CARTESIAN_POINT('',(0.871999999991943,24.6859999999977,0.25));
#14317=CARTESIAN_POINT('',(0.871999999991943,24.6859999999977,0.25));
#14318=CARTESIAN_POINT('',(0.678833895517247,25.3629806910693,0.25));
#14319=CARTESIAN_POINT('',(0.694137541124945,25.3184665570001,0.25));
#14320=CARTESIAN_POINT('',(0.975999999988115,24.7249999999943,0.25));
#14321=CARTESIAN_POINT('',(0.975999999988115,24.7249999999943,0.25));
#14322=CARTESIAN_POINT('',(0.694137541124945,25.3184665570001,0.25));
#14323=CARTESIAN_POINT('',(0.820840946675946,25.0487385799861,0.25));
#14324=CARTESIAN_POINT('',(1.05999999999898,24.7809999999991,0.25));
#14325=CARTESIAN_POINT('',(1.05999999999898,24.7809999999991,0.25));
#14326=CARTESIAN_POINT('',(0.820840946675946,25.0487385799861,0.25));
#14327=CARTESIAN_POINT('',(0.760802543648801,25.1211321538944,0.25));
#14328=CARTESIAN_POINT('',(1.14799999999467,24.8859999999912,0.25));
#14329=CARTESIAN_POINT('',(1.14799999999467,24.8859999999912,0.25));
#14330=CARTESIAN_POINT('',(0.760802543648801,25.1211321538944,0.25));
#14331=CARTESIAN_POINT('',(0.3798476460621,25.3453113988788,0.25));
#14332=CARTESIAN_POINT('',(1.23999999994118,25.0979999997956,0.25));
#14333=CARTESIAN_POINT('',(1.23999999994118,25.0979999997956,0.25));
#14334=CARTESIAN_POINT('',(0.3798476460621,25.3453113988788,0.25));
#14335=CARTESIAN_POINT('',(0.293468162112463,25.3705848122424,0.25));
#14336=CARTESIAN_POINT('',(1.27500000000165,25.2880000000191,0.25));
#14337=CARTESIAN_POINT('',(1.27500000000165,25.2880000000191,0.25));
#14338=CARTESIAN_POINT('',(0.293468162112463,25.3705848122424,0.25));
#14339=CARTESIAN_POINT('',(-0.0381038610859921,25.4015,0.25));
#14340=CARTESIAN_POINT('',(1.27499999999899,25.5150000000117,0.25));
#14341=CARTESIAN_POINT('',(1.27499999999899,25.5150000000117,0.25));
#14342=CARTESIAN_POINT('',(-0.0381038610859921,25.4015,0.25));
#14343=CARTESIAN_POINT('',(0.335289339306984,25.4363051832699,0.25));
#14344=CARTESIAN_POINT('',(1.23799999999641,25.7090000000118,0.25));
#14345=CARTESIAN_POINT('',(1.23799999999641,25.7090000000118,0.25));
#14346=CARTESIAN_POINT('',(0.335289339306984,25.4363051832699,0.25));
#14347=CARTESIAN_POINT('',(0.396574207767471,25.4513129103624,0.25));
#14348=CARTESIAN_POINT('',(1.10600000003249,25.9719999999557,0.25));
#14349=CARTESIAN_POINT('',(1.10600000003249,25.9719999999557,0.25));
#14350=CARTESIAN_POINT('',(0.396574207767471,25.4513129103624,0.25));
#14351=CARTESIAN_POINT('',(0.747230848280903,25.708732653421,0.25));
#14352=CARTESIAN_POINT('',(0.708,26.152,0.25));
#14353=CARTESIAN_POINT('',(0.708,26.152,0.25));
#14354=CARTESIAN_POINT('',(0.747230848280903,25.708732653421,0.25));
#14355=CARTESIAN_POINT('',(0.668769151719098,25.708732653421,0.25));
#14356=CARTESIAN_POINT('',(0.309999999967884,25.9719999999563,0.25));
#14357=CARTESIAN_POINT('',(0.309999999967884,25.9719999999563,0.25));
#14358=CARTESIAN_POINT('',(0.668769151719098,25.708732653421,0.25));
#14359=CARTESIAN_POINT('',(1.01942579223249,25.4513129103624,0.25));
#14360=CARTESIAN_POINT('',(1.01942579223249,25.4513129103624,0.25));
#14361=CARTESIAN_POINT('',(1.26621016038835,25.4166159137417,0.25));
#14362=CARTESIAN_POINT('',(5.95,4.88301270189222,10.));
#14363=CARTESIAN_POINT('',(5.95,4.01698729810778,10.));
#14364=CARTESIAN_POINT('',(5.95,4.88301270189222,10.));
#14365=CARTESIAN_POINT('',(5.95,4.01698729810778,10.));
#14366=CARTESIAN_POINT('',(6.7,3.58397459621556,10.));
#14367=CARTESIAN_POINT('',(6.7,3.58397459621556,10.));
#14368=CARTESIAN_POINT('',(7.45,4.01698729810778,10.));
#14369=CARTESIAN_POINT('',(7.45,4.01698729810778,10.));
#14370=CARTESIAN_POINT('',(7.45,4.88301270189222,10.));
#14371=CARTESIAN_POINT('',(7.45,4.88301270189222,10.));
#14372=CARTESIAN_POINT('',(6.7,5.31602540378444,10.));
#14373=CARTESIAN_POINT('',(6.7,5.31602540378444,10.));
#14374=CARTESIAN_POINT('',(26.65,-50.,0.));
#14375=CARTESIAN_POINT('',(-3.75,32.5,-1.60000000000001));
#14376=CARTESIAN_POINT('',(-3.75,29.,-1.60000000000002));
#14377=CARTESIAN_POINT('',(-5.75,29.,-1.60000000000002));
#14378=CARTESIAN_POINT('',(-3.75,29.,-1.60000000000001));
#14379=CARTESIAN_POINT('',(-1.1,29.,-1.60000000000001));
#14380=CARTESIAN_POINT('',(-3.75,21.5000000000001,-1.60000000000001));
#14381=CARTESIAN_POINT('',(-3.75,18.,-1.60000000000002));
#14382=CARTESIAN_POINT('',(-5.75,18.,-1.60000000000002));
#14383=CARTESIAN_POINT('',(-3.75,18.,-1.60000000000001));
#14384=CARTESIAN_POINT('',(-1.1,18.,-1.60000000000001));
#14385=CARTESIAN_POINT('',(-8.46715728752538,33.5,-43.));
#14386=CARTESIAN_POINT('',(-8.46715728752538,33.5,-43.));
#14387=CARTESIAN_POINT('',(-8.46715728752538,33.5,-10.2171572875254));
#14388=CARTESIAN_POINT('',(-8.46715728752538,33.5,0.));
#14389=CARTESIAN_POINT('',(-19.3947715250169,22.5723857625085,-21.1447715250169));
#14390=CARTESIAN_POINT('',(-8.75,33.2171572875254,-10.5));
#14391=CARTESIAN_POINT('',(-8.75,33.2171572875254,-43.));
#14392=CARTESIAN_POINT('',(-8.75,33.2171572875254,0.));
#14393=CARTESIAN_POINT('',(-8.46715728752538,33.5,0.));
#14394=CARTESIAN_POINT('',(-8.75,33.2171572875254,-43.));
#14395=CARTESIAN_POINT('',(-8.75,33.2171572875254,-8.45));
#14396=CARTESIAN_POINT('',(-8.75,15.5356296013484,-8.45));
#14397=CARTESIAN_POINT('',(-8.75,30.9643703986516,-8.45));
#14398=CARTESIAN_POINT('',(-8.75,31.45,-8.05));
#14399=CARTESIAN_POINT('',(-8.75,31.2881234662172,-8.18333333333333));
#14400=CARTESIAN_POINT('',(-8.75,31.1262469324344,-8.31666666666666));
#14401=CARTESIAN_POINT('',(-8.75,30.9643703986516,-8.45));
#14402=CARTESIAN_POINT('',(-8.75,31.45,-8.05));
#14403=CARTESIAN_POINT('',(-8.75,31.45,-43.));
#14404=CARTESIAN_POINT('',(-8.75,31.45,-2.45));
#14405=CARTESIAN_POINT('',(-8.75,30.9643703986516,-2.05));
#14406=CARTESIAN_POINT('',(-8.75,31.1262469324344,-2.18333333333334));
#14407=CARTESIAN_POINT('',(-8.75,31.2881234662172,-2.31666666666667));
#14408=CARTESIAN_POINT('',(-8.75,31.45,-2.45));
#14409=CARTESIAN_POINT('',(-8.75,30.9643703986516,-2.05));
#14410=CARTESIAN_POINT('',(-8.75,15.25,-2.05));
#14411=CARTESIAN_POINT('',(-8.75,15.5356296013484,-2.05));
#14412=CARTESIAN_POINT('',(-8.75,15.05,-2.45));
#14413=CARTESIAN_POINT('',(-8.75,15.2118765337828,-2.31666666666667));
#14414=CARTESIAN_POINT('',(-8.75,15.3737530675656,-2.18333333333334));
#14415=CARTESIAN_POINT('',(-8.75,15.5356296013484,-2.05));
#14416=CARTESIAN_POINT('',(-8.75,15.05,-2.45));
#14417=CARTESIAN_POINT('',(-8.75,15.05,-43.));
#14418=CARTESIAN_POINT('',(-8.75,15.05,-8.05));
#14419=CARTESIAN_POINT('',(-8.75,15.5356296013484,-8.45));
#14420=CARTESIAN_POINT('',(-8.75,15.3737530675656,-8.31666666666667));
#14421=CARTESIAN_POINT('',(-8.75,15.2118765337828,-8.18333333333333));
#14422=CARTESIAN_POINT('',(-8.75,15.05,-8.05));
#14423=CARTESIAN_POINT('',(-8.75,33.2171572875254,-10.5));
#14424=CARTESIAN_POINT('',(-8.75,13.2828427124746,-10.5));
#14425=CARTESIAN_POINT('',(-8.75,13.2828427124746,-43.));
#14426=CARTESIAN_POINT('',(-8.75,13.2828427124746,0.));
#14427=CARTESIAN_POINT('',(-8.75,33.2171572875254,0.));
#14428=CARTESIAN_POINT('',(-8.75,13.2828427124746,-43.));
#14429=CARTESIAN_POINT('',(-8.75,13.2828427124746,-10.5));
#14430=CARTESIAN_POINT('',(-8.46715728752538,13.,-10.5));
#14431=CARTESIAN_POINT('',(-8.46715728752538,13.,-43.));
#14432=CARTESIAN_POINT('',(-8.46715728752538,13.,0.));
#14433=CARTESIAN_POINT('',(-8.75,13.2828427124746,0.));
#14434=CARTESIAN_POINT('',(-8.46715728752538,13.,-43.));
#14435=CARTESIAN_POINT('',(-8.46715728752538,13.,-10.5));
#14436=CARTESIAN_POINT('',(-4.45710678118655,13.,-10.5));
#14437=CARTESIAN_POINT('',(-4.45710678118655,13.,-43.));
#14438=CARTESIAN_POINT('',(-4.45710678118655,13.,0.));
#14439=CARTESIAN_POINT('',(-8.46715728752538,13.,0.));
#14440=CARTESIAN_POINT('',(-4.45710678118655,13.,-43.));
#14441=CARTESIAN_POINT('',(-4.45710678118655,13.,-10.5));
#14442=CARTESIAN_POINT('',(-4.16421356237309,12.7071067811865,-10.5));
#14443=CARTESIAN_POINT('',(6.4738576250846,2.06903559372885,-21.1380711874577));
#14444=CARTESIAN_POINT('',(-3.75,12.2928932188134,-10.9142135623731));
#14445=CARTESIAN_POINT('',(-3.75,12.2928932188135,-43.));
#14446=CARTESIAN_POINT('',(-3.75,12.2928932188135,0.));
#14447=CARTESIAN_POINT('',(-4.45710678118655,13.,0.));
#14448=CARTESIAN_POINT('',(-3.75,12.2928932188135,-43.));
#14449=CARTESIAN_POINT('',(-3.75,-3.75,-26.9571067811865));
#14450=CARTESIAN_POINT('',(-3.75,12.,-11.2071067811865));
#14451=CARTESIAN_POINT('',(-3.75,12.,-43.));
#14452=CARTESIAN_POINT('',(-3.75,12.,-43.));
#14453=CARTESIAN_POINT('',(-3.75,12.2928932188135,-43.));
#14454=CARTESIAN_POINT('',(-3.75,0.282842712474619,-43.));
#14455=CARTESIAN_POINT('',(-3.75,0.282842712474619,-43.));
#14456=CARTESIAN_POINT('',(-3.75,0.282842712474619,0.));
#14457=CARTESIAN_POINT('',(-3.75,12.2928932188135,0.));
#14458=CARTESIAN_POINT('',(1.95710678118655,12.,-43.));
#14459=CARTESIAN_POINT('',(1.95710678118655,12.,-43.));
#14460=CARTESIAN_POINT('',(1.95710678118655,12.,-11.2071067811865));
#14461=CARTESIAN_POINT('',(1.95710678118655,12.,0.));
#14462=CARTESIAN_POINT('',(12.5547378541244,1.40236892706217,-21.8047378541244));
#14463=CARTESIAN_POINT('',(1.25,12.7071067811865,-10.5));
#14464=CARTESIAN_POINT('',(1.25,12.7071067811865,-43.));
#14465=CARTESIAN_POINT('',(1.25,12.7071067811865,0.));
#14466=CARTESIAN_POINT('',(1.95710678118655,12.,0.));
#14467=CARTESIAN_POINT('',(1.25,12.7071067811865,-43.));
#14468=CARTESIAN_POINT('',(1.25,15.05,-43.));
#14469=CARTESIAN_POINT('',(1.25,15.05,-8.05));
#14470=CARTESIAN_POINT('',(1.25,15.05,-2.45));
#14471=CARTESIAN_POINT('',(1.25,15.5356296013484,-2.05));
#14472=CARTESIAN_POINT('',(1.25,15.3737530675656,-2.18333333333334));
#14473=CARTESIAN_POINT('',(1.25,15.2118765337828,-2.31666666666667));
#14474=CARTESIAN_POINT('',(1.25,15.05,-2.45));
#14475=CARTESIAN_POINT('',(1.25,15.5356296013484,-2.05));
#14476=CARTESIAN_POINT('',(1.25,31.25,-2.05));
#14477=CARTESIAN_POINT('',(1.25,30.9643703986516,-2.05));
#14478=CARTESIAN_POINT('',(1.25,31.45,-2.45));
#14479=CARTESIAN_POINT('',(1.25,31.2881234662172,-2.31666666666667));
#14480=CARTESIAN_POINT('',(1.25,31.1262469324344,-2.18333333333334));
#14481=CARTESIAN_POINT('',(1.25,30.9643703986516,-2.05));
#14482=CARTESIAN_POINT('',(1.25,31.45,-2.45));
#14483=CARTESIAN_POINT('',(1.25,31.45,-43.));
#14484=CARTESIAN_POINT('',(1.25,31.45,-8.05));
#14485=CARTESIAN_POINT('',(1.25,30.9643703986516,-8.45));
#14486=CARTESIAN_POINT('',(1.25,31.1262469324344,-8.31666666666666));
#14487=CARTESIAN_POINT('',(1.25,31.2881234662172,-8.18333333333333));
#14488=CARTESIAN_POINT('',(1.25,31.45,-8.05));
#14489=CARTESIAN_POINT('',(1.25,30.9643703986516,-8.45));
#14490=CARTESIAN_POINT('',(1.25,12.7071067811865,-8.45));
#14491=CARTESIAN_POINT('',(1.25,15.5356296013484,-8.45));
#14492=CARTESIAN_POINT('',(1.25,15.05,-8.05));
#14493=CARTESIAN_POINT('',(1.25,15.2118765337828,-8.18333333333333));
#14494=CARTESIAN_POINT('',(1.25,15.3737530675656,-8.31666666666667));
#14495=CARTESIAN_POINT('',(1.25,15.5356296013484,-8.45));
#14496=CARTESIAN_POINT('',(1.25,12.7071067811865,-10.5));
#14497=CARTESIAN_POINT('',(1.25000000000001,33.2171572875254,-10.5));
#14498=CARTESIAN_POINT('',(1.25,33.2171572875254,-43.));
#14499=CARTESIAN_POINT('',(1.25,33.2171572875254,0.));
#14500=CARTESIAN_POINT('',(1.25,12.7071067811865,0.));
#14501=CARTESIAN_POINT('',(1.25,33.2171572875254,-43.));
#14502=CARTESIAN_POINT('',(12.0833333333333,22.383823954192,-21.3333333333333));
#14503=CARTESIAN_POINT('',(0.967157287525382,33.5,-10.2171572875254));
#14504=CARTESIAN_POINT('',(0.967157287525381,33.5,-43.));
#14505=CARTESIAN_POINT('',(0.967157287525381,33.5,0.));
#14506=CARTESIAN_POINT('',(1.25,33.2171572875254,0.));
#14507=CARTESIAN_POINT('',(0.967157287525381,33.5,-43.));
#14508=CARTESIAN_POINT('',(50.,33.5,-10.2171572875254));
#14509=CARTESIAN_POINT('',(0.967157287525381,33.5,0.));
#14510=CARTESIAN_POINT('',(0.,0.,-43.));
#14511=CARTESIAN_POINT('',(3.46715728752538,12.,-43.));
#14512=CARTESIAN_POINT('',(3.46715728752538,12.,-43.));
#14513=CARTESIAN_POINT('',(3.75,11.7171572875254,-43.));
#14514=CARTESIAN_POINT('',(3.75,11.7171572875254,-43.));
#14515=CARTESIAN_POINT('',(3.75,9.06568542494924,-43.));
#14516=CARTESIAN_POINT('',(3.75,9.06568542494924,-43.));
#14517=CARTESIAN_POINT('',(3.18431457505076,8.5,-43.));
#14518=CARTESIAN_POINT('',(3.18431457505076,8.5,-43.));
#14519=CARTESIAN_POINT('',(1.43284271247462,8.5,-43.));
#14520=CARTESIAN_POINT('',(1.43284271247462,8.5,-43.));
#14521=CARTESIAN_POINT('',(1.15,8.21715728752538,-43.));
#14522=CARTESIAN_POINT('',(1.15,8.21715728752538,-43.));
#14523=CARTESIAN_POINT('',(1.15,3.78284271247462,-43.));
#14524=CARTESIAN_POINT('',(1.15,3.78284271247462,-43.));
#14525=CARTESIAN_POINT('',(1.43284271247462,3.5,-43.));
#14526=CARTESIAN_POINT('',(1.43284271247462,3.5,-43.));
#14527=CARTESIAN_POINT('',(3.18431457505076,3.5,-43.));
#14528=CARTESIAN_POINT('',(3.18431457505076,3.5,-43.));
#14529=CARTESIAN_POINT('',(3.75,2.93431457505076,-43.));
#14530=CARTESIAN_POINT('',(3.75,2.93431457505076,-43.));
#14531=CARTESIAN_POINT('',(3.75,0.282842712474619,-43.));
#14532=CARTESIAN_POINT('',(3.75,0.282842712474619,-43.));
#14533=CARTESIAN_POINT('',(3.46715728752538,0.,-43.));
#14534=CARTESIAN_POINT('',(3.46715728752538,0.,-43.));
#14535=CARTESIAN_POINT('',(-3.46715728752538,0.,-43.));
#14536=CARTESIAN_POINT('',(-3.46715728752538,0.,-43.));
#14537=CARTESIAN_POINT('',(-3.75,0.282842712474618,-43.));
#14538=CARTESIAN_POINT('',(-3.75,0.282842712474618,-43.));
#14539=CARTESIAN_POINT('',(-3.75,0.282842712474618,0.));
#14540=CARTESIAN_POINT('',(-3.46715728752538,0.,0.));
#14541=CARTESIAN_POINT('',(-3.46715728752538,0.,-43.));
#14542=CARTESIAN_POINT('',(-3.46715728752538,0.,-43.));
#14543=CARTESIAN_POINT('',(-3.46715728752538,0.,0.));
#14544=CARTESIAN_POINT('',(3.46715728752538,0.,0.));
#14545=CARTESIAN_POINT('',(3.46715728752538,0.,-43.));
#14546=CARTESIAN_POINT('',(3.46715728752538,0.,-43.));
#14547=CARTESIAN_POINT('',(3.46715728752538,0.,0.));
#14548=CARTESIAN_POINT('',(3.75,0.282842712474619,0.));
#14549=CARTESIAN_POINT('',(3.75,0.282842712474619,-43.));
#14550=CARTESIAN_POINT('',(3.75,0.282842712474619,-43.));
#14551=CARTESIAN_POINT('',(3.75,0.282842712474619,0.));
#14552=CARTESIAN_POINT('',(3.75,2.93431457505076,0.));
#14553=CARTESIAN_POINT('',(3.75,2.93431457505076,-43.));
#14554=CARTESIAN_POINT('',(3.75,2.93431457505076,-43.));
#14555=CARTESIAN_POINT('',(3.75,2.93431457505076,0.));
#14556=CARTESIAN_POINT('',(3.18431457505076,3.5,0.));
#14557=CARTESIAN_POINT('',(3.18431457505076,3.5,-43.));
#14558=CARTESIAN_POINT('',(3.18431457505076,3.5,-43.));
#14559=CARTESIAN_POINT('',(3.18431457505076,3.5,0.));
#14560=CARTESIAN_POINT('',(1.43284271247462,3.5,0.));
#14561=CARTESIAN_POINT('',(1.43284271247462,3.5,-43.));
#14562=CARTESIAN_POINT('',(1.43284271247462,3.5,-43.));
#14563=CARTESIAN_POINT('',(1.43284271247462,3.5,0.));
#14564=CARTESIAN_POINT('',(1.15,3.78284271247462,0.));
#14565=CARTESIAN_POINT('',(1.15,3.78284271247462,-43.));
#14566=CARTESIAN_POINT('',(1.15,3.78284271247462,-43.));
#14567=CARTESIAN_POINT('',(1.15,3.78284271247462,0.));
#14568=CARTESIAN_POINT('',(1.15,8.21715728752538,0.));
#14569=CARTESIAN_POINT('',(1.15,8.21715728752538,-43.));
#14570=CARTESIAN_POINT('',(1.15,8.21715728752538,-43.));
#14571=CARTESIAN_POINT('',(1.15,8.21715728752538,0.));
#14572=CARTESIAN_POINT('',(1.43284271247462,8.5,0.));
#14573=CARTESIAN_POINT('',(1.43284271247462,8.5,-43.));
#14574=CARTESIAN_POINT('',(1.43284271247462,8.5,-43.));
#14575=CARTESIAN_POINT('',(1.43284271247462,8.5,0.));
#14576=CARTESIAN_POINT('',(3.18431457505076,8.5,0.));
#14577=CARTESIAN_POINT('',(3.18431457505076,8.5,-43.));
#14578=CARTESIAN_POINT('',(3.18431457505076,8.5,-43.));
#14579=CARTESIAN_POINT('',(3.18431457505076,8.5,0.));
#14580=CARTESIAN_POINT('',(3.75,9.06568542494924,0.));
#14581=CARTESIAN_POINT('',(3.75,9.06568542494924,-43.));
#14582=CARTESIAN_POINT('',(3.75,9.06568542494924,-43.));
#14583=CARTESIAN_POINT('',(3.75,9.06568542494924,0.));
#14584=CARTESIAN_POINT('',(3.75,11.7171572875254,0.));
#14585=CARTESIAN_POINT('',(3.75,11.7171572875254,-43.));
#14586=CARTESIAN_POINT('',(3.75,11.7171572875254,-43.));
#14587=CARTESIAN_POINT('',(3.75,11.7171572875254,0.));
#14588=CARTESIAN_POINT('',(3.46715728752538,12.,0.));
#14589=CARTESIAN_POINT('',(3.46715728752538,12.,-43.));
#14590=CARTESIAN_POINT('',(3.46715728752538,12.,-43.));
#14591=CARTESIAN_POINT('',(50.,12.,-11.2071067811865));
#14592=CARTESIAN_POINT('',(3.46715728752538,12.,0.));
#14593=CARTESIAN_POINT('',(0.,0.,0.));
#14594=CARTESIAN_POINT('',(-3.75,23.5,0.));
#14595=CARTESIAN_POINT('',(-5.25,23.5,0.));
#14596=CARTESIAN_POINT('',(-3.75,29.,0.));
#14597=CARTESIAN_POINT('',(-0.25,29.,0.));
#14598=CARTESIAN_POINT('',(-3.75,18.,0.));
#14599=CARTESIAN_POINT('',(-0.249999999999945,18.,0.));
#14600=CARTESIAN_POINT('',(50.,33.5,-10.2171572875254));
#14601=CARTESIAN_POINT('',(50.,33.2171572875254,-10.5));
#14602=CARTESIAN_POINT('',(50.,33.2171572875254,-10.5));
#14603=CARTESIAN_POINT('',(-3.75,23.5,-10.5));
#14604=CARTESIAN_POINT('',(-5.25,23.5,-10.5));
#14605=CARTESIAN_POINT('',(-3.75,29.,-10.5));
#14606=CARTESIAN_POINT('',(-5.371,29.,-10.5));
#14607=CARTESIAN_POINT('',(-3.75,18.,-10.5));
#14608=CARTESIAN_POINT('',(-5.371,18.,-10.5));
#14609=CARTESIAN_POINT('',(50.,12.7071067811865,-10.5));
#14610=CARTESIAN_POINT('',(50.,12.7071067811865,-10.5));
#14611=CARTESIAN_POINT('',(-3.75,18.,-1.60000000000002));
#14612=CARTESIAN_POINT('',(-3.75,18.,-1.97900000000003));
#14613=CARTESIAN_POINT('',(-5.371,18.,-1.97900000000003));
#14614=CARTESIAN_POINT('',(-3.75,18.,-10.5));
#14615=CARTESIAN_POINT('',(-3.75,29.,-1.60000000000002));
#14616=CARTESIAN_POINT('',(-3.75,29.,-1.97900000000003));
#14617=CARTESIAN_POINT('',(-5.371,29.,-1.97900000000003));
#14618=CARTESIAN_POINT('',(-3.75,29.,-10.5));
#14619=CARTESIAN_POINT('',(-3.75,23.5,-10.5));
#14620=CARTESIAN_POINT('',(-6.75,30.5220595314676,-2.25));
#14621=CARTESIAN_POINT('',(-6.75,30.5220595314676,-2.45));
#14622=CARTESIAN_POINT('',(-6.93793852415718,30.5904635601327,-2.45));
#14623=CARTESIAN_POINT('',(-8.56206147584282,31.1815959713349,-2.45));
#14624=CARTESIAN_POINT('',(-8.56206147584282,31.1815959713349,-2.25));
#14625=CARTESIAN_POINT('',(-8.56206147584282,31.1815959713349,-8.05));
#14626=CARTESIAN_POINT('',(-6.75,30.5220595314676,-8.05));
#14627=CARTESIAN_POINT('',(-6.93793852415718,30.5904635601327,-8.05));
#14628=CARTESIAN_POINT('',(-6.93793852415718,30.5904635601327,-2.25));
#14629=CARTESIAN_POINT('',(-8.75,15.25,-2.25));
#14630=CARTESIAN_POINT('',(-8.75,15.25,-8.05));
#14631=CARTESIAN_POINT('',(-6.93793852415718,15.9095364398673,-8.05));
#14632=CARTESIAN_POINT('',(-8.56206147584282,15.3184040286651,-8.05));
#14633=CARTESIAN_POINT('',(-8.56206147584282,15.3184040286651,-2.25));
#14634=CARTESIAN_POINT('',(-8.56206147584282,15.3184040286651,-2.45));
#14635=CARTESIAN_POINT('',(-8.75,15.25,-2.45));
#14636=CARTESIAN_POINT('',(-6.93793852415718,15.9095364398673,-2.45));
#14637=CARTESIAN_POINT('',(-6.93793852415718,15.9095364398673,-8.25));
#14638=CARTESIAN_POINT('',(-6.75,15.9779404685324,-2.25));
#14639=CARTESIAN_POINT('',(-6.75,15.9779404685324,-2.45));
#14640=CARTESIAN_POINT('',(-6.75,16.1779404685324,-2.45));
#14641=CARTESIAN_POINT('',(-6.75,30.3220595314676,-2.45));
#14642=CARTESIAN_POINT('',(-6.75,30.3220595314676,-8.25));
#14643=CARTESIAN_POINT('',(-6.75,30.3220595314676,-8.05));
#14644=CARTESIAN_POINT('',(-6.75,15.9779404685324,-8.05));
#14645=CARTESIAN_POINT('',(-6.75,16.1779404685324,-8.05));
#14646=CARTESIAN_POINT('',(-6.75,16.1779404685324,-2.25));
#14647=CARTESIAN_POINT('',(0.,0.,-2.25));
#14648=CARTESIAN_POINT('',(-5.99321511387946,16.466223195318,-2.25));
#14649=CARTESIAN_POINT('',(-6.95,16.1179819761743,-2.25));
#14650=CARTESIAN_POINT('',(-8.55,15.5356296013484,-2.25));
#14651=CARTESIAN_POINT('',(-8.55,31.25,-2.25));
#14652=CARTESIAN_POINT('',(-8.55,30.9643703986516,-2.25));
#14653=CARTESIAN_POINT('',(8.95159681133256,24.5943101071983,-2.25));
#14654=CARTESIAN_POINT('',(-6.95,30.3820180238257,-2.25));
#14655=CARTESIAN_POINT('',(-6.95,0.,-2.25));
#14656=CARTESIAN_POINT('',(0.,0.,-8.25));
#14657=CARTESIAN_POINT('',(-8.81840402866514,31.0620614758428,-8.25));
#14658=CARTESIAN_POINT('',(-6.95,30.3820180238257,-8.25));
#14659=CARTESIAN_POINT('',(-8.55,30.9643703986516,-8.25));
#14660=CARTESIAN_POINT('',(-8.55,0.,-8.25));
#14661=CARTESIAN_POINT('',(-8.55,15.5356296013484,-8.25));
#14662=CARTESIAN_POINT('',(-6.81840402866513,16.1658789926896,-8.25));
#14663=CARTESIAN_POINT('',(-6.95,16.1179819761743,-8.25));
#14664=CARTESIAN_POINT('',(-6.95,30.5220595314676,-8.25));
#14665=CARTESIAN_POINT('',(1.25,31.25,-2.25));
#14666=CARTESIAN_POINT('',(1.25,31.25,-8.05));
#14667=CARTESIAN_POINT('',(-0.562061475842822,30.5904635601326,-8.05));
#14668=CARTESIAN_POINT('',(1.06206147584282,31.1815959713349,-8.05));
#14669=CARTESIAN_POINT('',(1.06206147584282,31.1815959713349,-2.25));
#14670=CARTESIAN_POINT('',(1.06206147584282,31.1815959713349,-2.45));
#14671=CARTESIAN_POINT('',(1.25,31.25,-2.45));
#14672=CARTESIAN_POINT('',(-0.562061475842822,30.5904635601326,-2.45));
#14673=CARTESIAN_POINT('',(-0.562061475842822,30.5904635601326,-8.25));
#14674=CARTESIAN_POINT('',(-0.75,30.5220595314675,-2.25));
#14675=CARTESIAN_POINT('',(-0.75,30.5220595314675,-8.05));
#14676=CARTESIAN_POINT('',(-0.75,16.1779404685325,-8.05));
#14677=CARTESIAN_POINT('',(-0.75,30.3220595314675,-8.05));
#14678=CARTESIAN_POINT('',(-0.75,30.3220595314675,-2.25));
#14679=CARTESIAN_POINT('',(-0.75,30.3220595314675,-2.45));
#14680=CARTESIAN_POINT('',(-0.75,30.5220595314675,-2.45));
#14681=CARTESIAN_POINT('',(-0.75,16.1779404685325,-2.45));
#14682=CARTESIAN_POINT('',(-0.75,16.1779404685325,-8.25));
#14683=CARTESIAN_POINT('',(-0.75,15.9779404685325,-2.25));
#14684=CARTESIAN_POINT('',(-0.75,15.9779404685325,-2.45));
#14685=CARTESIAN_POINT('',(-0.562061475842822,15.9095364398674,-2.45));
#14686=CARTESIAN_POINT('',(1.06206147584282,15.3184040286651,-2.45));
#14687=CARTESIAN_POINT('',(1.06206147584282,15.3184040286651,-2.25));
#14688=CARTESIAN_POINT('',(1.06206147584282,15.3184040286651,-8.05));
#14689=CARTESIAN_POINT('',(-0.75,15.9779404685325,-8.05));
#14690=CARTESIAN_POINT('',(-0.562061475842822,15.9095364398674,-8.05));
#14691=CARTESIAN_POINT('',(-0.562061475842822,15.9095364398674,-2.25));
#14692=CARTESIAN_POINT('',(0.,0.,-2.25));
#14693=CARTESIAN_POINT('',(-9.82893014963776,27.0047636435215,-2.25));
#14694=CARTESIAN_POINT('',(-0.55,30.3820180238255,-2.25));
#14695=CARTESIAN_POINT('',(1.05,30.9643703986516,-2.25));
#14696=CARTESIAN_POINT('',(1.05,15.25,-2.25));
#14697=CARTESIAN_POINT('',(1.05,15.5356296013484,-2.25));
#14698=CARTESIAN_POINT('',(5.11588177557642,14.0557696589929,-2.25));
#14699=CARTESIAN_POINT('',(-0.55,16.1179819761745,-2.25));
#14700=CARTESIAN_POINT('',(-0.55,0.,-2.25));
#14701=CARTESIAN_POINT('',(0.,0.,-8.25));
#14702=CARTESIAN_POINT('',(1.31840402866515,15.4379385241572,-8.25));
#14703=CARTESIAN_POINT('',(-0.55,16.1179819761745,-8.25));
#14704=CARTESIAN_POINT('',(1.05,15.5356296013484,-8.25));
#14705=CARTESIAN_POINT('',(1.05,0.,-8.25));
#14706=CARTESIAN_POINT('',(1.05,30.9643703986516,-8.25));
#14707=CARTESIAN_POINT('',(-0.681595971334855,30.3341210073103,-8.25));
#14708=CARTESIAN_POINT('',(-0.55,30.3820180238255,-8.25));
#14709=CARTESIAN_POINT('',(-0.55,15.9779404685325,-8.25));
#14710=CARTESIAN_POINT('',(-3.75,18.,-1.60000000000005));
#14711=CARTESIAN_POINT('',(-3.75,18.,1.4));
#14712=CARTESIAN_POINT('',(-7.25000000000006,18.,1.4));
#14713=CARTESIAN_POINT('',(-3.75,21.5000000000001,1.39999999999999));
#14714=CARTESIAN_POINT('',(-3.75,18.,1.39999999999999));
#14715=CARTESIAN_POINT('',(-6.4,18.,1.39999999999999));
#14716=CARTESIAN_POINT('',(-3.75,18.,-1.60000000000005));
#14717=CARTESIAN_POINT('',(-3.75,29.,-1.60000000000005));
#14718=CARTESIAN_POINT('',(-3.75,29.,1.4));
#14719=CARTESIAN_POINT('',(-7.25,29.,1.4));
#14720=CARTESIAN_POINT('',(-3.75,32.5,1.39999999999999));
#14721=CARTESIAN_POINT('',(-3.75,29.,1.39999999999999));
#14722=CARTESIAN_POINT('',(-6.4,29.,1.39999999999999));
#14723=CARTESIAN_POINT('',(-3.75,29.,-1.60000000000005));
#14724=CARTESIAN_POINT('',(-0.55,0.,-8.25));
#14725=CARTESIAN_POINT('',(-0.621569370482722,16.1394379339403,-8.17843062951728));
#14726=CARTESIAN_POINT('',(-0.55,30.3820180238255,-8.25));
#14727=CARTESIAN_POINT('',(-0.562061475842823,15.9095364398674,-8.05));
#14728=CARTESIAN_POINT('',(-0.562061475842822,15.9095364398674,-8.05));
#14729=CARTESIAN_POINT('',(-0.562061475842823,15.9095364398674,-8.05));
#14730=CARTESIAN_POINT('',(-0.55,30.3820180238255,-8.25));
#14731=CARTESIAN_POINT('',(-0.656030737921411,30.4562615458,-8.05));
#14732=CARTESIAN_POINT('',(-0.55,30.3820180238255,-8.25));
#14733=CARTESIAN_POINT('',(-0.75,16.1779404685325,-2.25));
#14734=CARTESIAN_POINT('',(-0.656030737921411,16.0437384542,-2.45));
#14735=CARTESIAN_POINT('',(5.11588177557642,14.0557696589929,-8.25));
#14736=CARTESIAN_POINT('',(1.05,15.5356296013484,-8.25));
#14737=CARTESIAN_POINT('',(1.05402049194761,15.4632210771207,-8.18333333333333));
#14738=CARTESIAN_POINT('',(1.05804098389521,15.3908125528929,-8.11666666666667));
#14739=CARTESIAN_POINT('',(1.06206147584282,15.3184040286651,-8.05));
#14740=CARTESIAN_POINT('',(1.05,0.,-8.25));
#14741=CARTESIAN_POINT('',(1.05,30.9643703986516,-8.25));
#14742=CARTESIAN_POINT('',(1.25,15.5356296013484,-8.45));
#14743=CARTESIAN_POINT('',(-9.82893014963776,27.0047636435215,-8.25));
#14744=CARTESIAN_POINT('',(1.06206147584282,31.1815959713349,-8.05));
#14745=CARTESIAN_POINT('',(1.05804098389522,31.1091874471071,-8.11666666666667));
#14746=CARTESIAN_POINT('',(1.05402049194761,31.0367789228793,-8.18333333333333));
#14747=CARTESIAN_POINT('',(1.05,30.9643703986516,-8.25));
#14748=CARTESIAN_POINT('',(-0.562061475842823,30.5904635601326,-2.25));
#14749=CARTESIAN_POINT('',(-0.562061475842823,30.5904635601326,-2.45));
#14750=CARTESIAN_POINT('',(-0.75,30.5220595314675,-2.45));
#14751=CARTESIAN_POINT('',(-0.55,16.1179819761745,-2.25));
#14752=CARTESIAN_POINT('',(-0.62156937048272,30.3605620660597,-2.32156937048272));
#14753=CARTESIAN_POINT('',(-0.55,16.1179819761745,-2.25));
#14754=CARTESIAN_POINT('',(-0.550000000000002,16.1179819761745,-2.25));
#14755=CARTESIAN_POINT('',(1.06206147584282,15.3184040286651,-8.05));
#14756=CARTESIAN_POINT('',(1.05,15.5356296013484,-8.25));
#14757=CARTESIAN_POINT('',(1.25,15.05,-8.05));
#14758=CARTESIAN_POINT('',(1.25,15.5356296013484,-8.45));
#14759=CARTESIAN_POINT('',(1.06206147584282,15.3184040286651,-8.05));
#14760=CARTESIAN_POINT('',(1.05,30.9643703986516,-8.25));
#14761=CARTESIAN_POINT('',(1.06206147584282,31.1815959713349,-8.05));
#14762=CARTESIAN_POINT('',(1.25,30.9643703986516,-8.45));
#14763=CARTESIAN_POINT('',(1.25,31.45,-8.05));
#14764=CARTESIAN_POINT('',(1.25,31.45,-8.05));
#14765=CARTESIAN_POINT('',(-0.562061475842822,30.5904635601326,-2.45));
#14766=CARTESIAN_POINT('',(-0.562061475842821,30.5904635601326,-2.45));
#14767=CARTESIAN_POINT('',(-0.75,15.9779404685325,-2.45));
#14768=CARTESIAN_POINT('',(1.06206147584282,15.3184040286651,-2.45));
#14769=CARTESIAN_POINT('',(1.05804098389522,15.3908125528929,-2.38333333333333));
#14770=CARTESIAN_POINT('',(1.05402049194761,15.4632210771207,-2.31666666666667));
#14771=CARTESIAN_POINT('',(1.05,15.5356296013484,-2.25));
#14772=CARTESIAN_POINT('',(1.06206147584282,15.3184040286651,-2.25));
#14773=CARTESIAN_POINT('',(1.25,15.05,-2.45));
#14774=CARTESIAN_POINT('',(1.25,31.45,-43.));
#14775=CARTESIAN_POINT('',(1.06206147584282,31.1815959713349,-2.45));
#14776=CARTESIAN_POINT('',(1.25,31.25,-2.45));
#14777=CARTESIAN_POINT('',(1.05,30.9643703986516,-2.25));
#14778=CARTESIAN_POINT('',(1.05402049194761,31.0367789228793,-2.31666666666667));
#14779=CARTESIAN_POINT('',(1.05804098389521,31.1091874471071,-2.38333333333333));
#14780=CARTESIAN_POINT('',(1.06206147584282,31.1815959713349,-2.45));
#14781=CARTESIAN_POINT('',(1.05,15.5356296013484,-2.25));
#14782=CARTESIAN_POINT('',(1.06206147584282,15.3184040286651,-2.45));
#14783=CARTESIAN_POINT('',(1.25,15.5356296013484,-2.05));
#14784=CARTESIAN_POINT('',(1.25,15.05,-2.45));
#14785=CARTESIAN_POINT('',(1.05,15.5356296013484,-2.25));
#14786=CARTESIAN_POINT('',(1.06206147584282,31.1815959713349,-2.45));
#14787=CARTESIAN_POINT('',(1.05,30.9643703986516,-2.25));
#14788=CARTESIAN_POINT('',(1.25,31.45,-2.45));
#14789=CARTESIAN_POINT('',(1.25,30.9643703986516,-2.05));
#14790=CARTESIAN_POINT('',(1.25,30.9643703986516,-2.05));
#14791=CARTESIAN_POINT('',(1.25,12.7071067811865,-2.05));
#14792=CARTESIAN_POINT('',(-6.75,30.3220595314676,-2.25));
#14793=CARTESIAN_POINT('',(-6.84396926207859,30.4562615458002,-2.45));
#14794=CARTESIAN_POINT('',(-6.93793852415718,30.5904635601327,-8.05));
#14795=CARTESIAN_POINT('',(-6.95,30.3820180238257,-2.25));
#14796=CARTESIAN_POINT('',(-6.95,30.3820180238257,-2.25));
#14797=CARTESIAN_POINT('',(-6.95,30.3820180238257,-2.25));
#14798=CARTESIAN_POINT('',(-6.93793852415718,30.5904635601327,-8.05));
#14799=CARTESIAN_POINT('',(-6.87843062951728,30.3605620660599,-8.17843062951728));
#14800=CARTESIAN_POINT('',(-6.93793852415718,30.5904635601327,-8.05));
#14801=CARTESIAN_POINT('',(-6.75,15.9779404685324,-2.45));
#14802=CARTESIAN_POINT('',(-6.87843062951727,16.1394379339401,-2.32156937048273));
#14803=CARTESIAN_POINT('',(-6.75,30.5220595314676,-2.45));
#14804=CARTESIAN_POINT('',(-8.56206147584282,31.1815959713349,-2.45));
#14805=CARTESIAN_POINT('',(-8.55804098389521,31.1091874471071,-2.38333333333333));
#14806=CARTESIAN_POINT('',(-8.55402049194761,31.0367789228793,-2.31666666666667));
#14807=CARTESIAN_POINT('',(-8.55,30.9643703986516,-2.25));
#14808=CARTESIAN_POINT('',(-8.56206147584282,31.1815959713349,-2.25));
#14809=CARTESIAN_POINT('',(-8.56206147584282,31.1815959713349,-8.05));
#14810=CARTESIAN_POINT('',(-8.75,31.45,-2.45));
#14811=CARTESIAN_POINT('',(8.95159681133256,24.5943101071983,-8.25));
#14812=CARTESIAN_POINT('',(-8.55,30.9643703986516,-8.25));
#14813=CARTESIAN_POINT('',(-8.55402049194761,31.0367789228793,-8.18333333333333));
#14814=CARTESIAN_POINT('',(-8.55804098389521,31.1091874471071,-8.11666666666667));
#14815=CARTESIAN_POINT('',(-8.56206147584282,31.1815959713349,-8.05));
#14816=CARTESIAN_POINT('',(-6.95,0.,-8.25));
#14817=CARTESIAN_POINT('',(-6.95,16.1179819761743,-8.25));
#14818=CARTESIAN_POINT('',(-6.93793852415718,15.9095364398673,-2.25));
#14819=CARTESIAN_POINT('',(-6.93793852415718,15.9095364398673,-2.45));
#14820=CARTESIAN_POINT('',(-6.84396926207859,16.0437384541998,-8.05));
#14821=CARTESIAN_POINT('',(-6.93793852415718,15.9095364398673,-2.45));
#14822=CARTESIAN_POINT('',(-6.93793852415718,15.9095364398673,-2.45));
#14823=CARTESIAN_POINT('',(-8.55,30.9643703986516,-2.25));
#14824=CARTESIAN_POINT('',(-8.56206147584282,31.1815959713349,-2.45));
#14825=CARTESIAN_POINT('',(-8.75,30.9643703986516,-2.05));
#14826=CARTESIAN_POINT('',(-8.75,31.45,-2.45));
#14827=CARTESIAN_POINT('',(-8.55,30.9643703986516,-2.25));
#14828=CARTESIAN_POINT('',(-8.56206147584282,31.1815959713349,-8.05));
#14829=CARTESIAN_POINT('',(-8.55,30.9643703986516,-8.25));
#14830=CARTESIAN_POINT('',(-8.75,31.45,-8.05));
#14831=CARTESIAN_POINT('',(-8.75,30.9643703986516,-8.45));
#14832=CARTESIAN_POINT('',(-8.75,30.9643703986516,-8.45));
#14833=CARTESIAN_POINT('',(-6.95,16.1179819761743,-8.25));
#14834=CARTESIAN_POINT('',(-6.95,16.1179819761743,-8.25));
#14835=CARTESIAN_POINT('',(-8.75,15.25,-2.45));
#14836=CARTESIAN_POINT('',(-8.55,15.5356296013484,-2.25));
#14837=CARTESIAN_POINT('',(-8.55402049194761,15.4632210771207,-2.31666666666667));
#14838=CARTESIAN_POINT('',(-8.55804098389521,15.3908125528929,-2.38333333333333));
#14839=CARTESIAN_POINT('',(-8.56206147584282,15.3184040286651,-2.45));
#14840=CARTESIAN_POINT('',(-8.75,33.2171572875254,-2.05));
#14841=CARTESIAN_POINT('',(-8.75,15.5356296013484,-2.05));
#14842=CARTESIAN_POINT('',(-8.55,0.,-8.25));
#14843=CARTESIAN_POINT('',(-8.55,15.5356296013484,-8.25));
#14844=CARTESIAN_POINT('',(-5.99321511387946,16.466223195318,-8.25));
#14845=CARTESIAN_POINT('',(-8.56206147584282,15.3184040286651,-8.05));
#14846=CARTESIAN_POINT('',(-8.55804098389521,15.3908125528929,-8.11666666666667));
#14847=CARTESIAN_POINT('',(-8.55402049194761,15.4632210771207,-8.18333333333333));
#14848=CARTESIAN_POINT('',(-8.55,15.5356296013484,-8.25));
#14849=CARTESIAN_POINT('',(-8.56206147584282,15.3184040286651,-2.45));
#14850=CARTESIAN_POINT('',(-8.55,15.5356296013484,-2.25));
#14851=CARTESIAN_POINT('',(-8.75,15.05,-2.45));
#14852=CARTESIAN_POINT('',(-8.75,15.5356296013484,-2.05));
#14853=CARTESIAN_POINT('',(-8.56206147584282,15.3184040286651,-2.45));
#14854=CARTESIAN_POINT('',(-8.55,15.5356296013484,-8.25));
#14855=CARTESIAN_POINT('',(-8.56206147584282,15.3184040286651,-8.05));
#14856=CARTESIAN_POINT('',(-8.75,15.5356296013484,-8.45));
#14857=CARTESIAN_POINT('',(-8.75,15.05,-8.05));
#14858=CARTESIAN_POINT('',(-8.75,15.05,-8.05));
#14859=CARTESIAN_POINT('',(-8.75,15.05,-43.));
#14860=CARTESIAN_POINT('',(26.9,-66.,3.75));
#14861=CARTESIAN_POINT('',(-26.9,-66.,-3.75));
#14862=MECHANICAL_DESIGN_GEOMETRIC_PRESENTATION_REPRESENTATION('',(#8703,
#8704,#8705,#8706),#14863);
#14863=(
GEOMETRIC_REPRESENTATION_CONTEXT(3)
GLOBAL_UNCERTAINTY_ASSIGNED_CONTEXT((#14868))
GLOBAL_UNIT_ASSIGNED_CONTEXT((#14875,#14874,#14873))
REPRESENTATION_CONTEXT('GEP2010IL-00-B(01CSTE008461)',
'TOP_LEVEL_ASSEMBLY_PART')
);
#14864=(
GEOMETRIC_REPRESENTATION_CONTEXT(3)
GLOBAL_UNCERTAINTY_ASSIGNED_CONTEXT((#14869))
GLOBAL_UNIT_ASSIGNED_CONTEXT((#14875,#14874,#14873))
REPRESENTATION_CONTEXT('GEP2010IL-00-B1_ZYL','COMPONENT_PART')
);
#14865=(
GEOMETRIC_REPRESENTATION_CONTEXT(3)
GLOBAL_UNCERTAINTY_ASSIGNED_CONTEXT((#14870))
GLOBAL_UNIT_ASSIGNED_CONTEXT((#14875,#14874,#14873))
REPRESENTATION_CONTEXT('CSTE00846_Stecker-','COMPONENT_PART')
);
#14866=(
GEOMETRIC_REPRESENTATION_CONTEXT(3)
GLOBAL_UNCERTAINTY_ASSIGNED_CONTEXT((#14871))
GLOBAL_UNIT_ASSIGNED_CONTEXT((#14875,#14874,#14873))
REPRESENTATION_CONTEXT('CTYP00096_Etikett','COMPONENT_PART')
);
#14867=(
GEOMETRIC_REPRESENTATION_CONTEXT(3)
GLOBAL_UNCERTAINTY_ASSIGNED_CONTEXT((#14872))
GLOBAL_UNIT_ASSIGNED_CONTEXT((#14875,#14874,#14873))
REPRESENTATION_CONTEXT('GEP2010IL-00-B_bac 1','COMPONENT_PART')
);
#14868=UNCERTAINTY_MEASURE_WITH_UNIT(LENGTH_MEASURE(1.E-5),#14875,
'DISTANCE_ACCURACY_VALUE','Maximum Tolerance applied to model');
#14869=UNCERTAINTY_MEASURE_WITH_UNIT(LENGTH_MEASURE(1.E-5),#14875,
'DISTANCE_ACCURACY_VALUE','Maximum Tolerance applied to model');
#14870=UNCERTAINTY_MEASURE_WITH_UNIT(LENGTH_MEASURE(1.E-5),#14875,
'DISTANCE_ACCURACY_VALUE','Maximum Tolerance applied to model');
#14871=UNCERTAINTY_MEASURE_WITH_UNIT(LENGTH_MEASURE(1.E-5),#14875,
'DISTANCE_ACCURACY_VALUE','Maximum Tolerance applied to model');
#14872=UNCERTAINTY_MEASURE_WITH_UNIT(LENGTH_MEASURE(1.E-5),#14875,
'DISTANCE_ACCURACY_VALUE','Maximum Tolerance applied to model');
#14873=(
NAMED_UNIT(*)
SI_UNIT($,.STERADIAN.)
SOLID_ANGLE_UNIT()
);
#14874=(
NAMED_UNIT(*)
PLANE_ANGLE_UNIT()
SI_UNIT($,.RADIAN.)
);
#14875=(
LENGTH_UNIT()
NAMED_UNIT(*)
SI_UNIT(.MILLI.,.METRE.)
);
#14876=PRODUCT_DEFINITION_SHAPE('','',#14886);
#14877=PRODUCT_DEFINITION_SHAPE('','',#14887);
#14878=PRODUCT_DEFINITION_SHAPE(' ','NAUO PRDDFN',#34);
#14879=PRODUCT_DEFINITION_SHAPE('','',#14888);
#14880=PRODUCT_DEFINITION_SHAPE(' ','NAUO PRDDFN',#35);
#14881=PRODUCT_DEFINITION_SHAPE('','',#14889);
#14882=PRODUCT_DEFINITION_SHAPE(' ','NAUO PRDDFN',#36);
#14883=PRODUCT_DEFINITION_SHAPE('','',#14890);
#14884=PRODUCT_DEFINITION_SHAPE(' ','NAUO PRDDFN',#37);
#14885=PRODUCT_DEFINITION_SHAPE(' ','NAUO PRDDFN',#38);
#14886=PRODUCT_DEFINITION('','',#14896,#14891);
#14887=PRODUCT_DEFINITION('','',#14897,#14892);
#14888=PRODUCT_DEFINITION('','',#14898,#14893);
#14889=PRODUCT_DEFINITION('','',#14899,#14894);
#14890=PRODUCT_DEFINITION('','',#14900,#14895);
#14891=PRODUCT_DEFINITION_CONTEXT('',#14922,'design');
#14892=PRODUCT_DEFINITION_CONTEXT('',#14922,'design');
#14893=PRODUCT_DEFINITION_CONTEXT('',#14922,'design');
#14894=PRODUCT_DEFINITION_CONTEXT('',#14922,'design');
#14895=PRODUCT_DEFINITION_CONTEXT('',#14922,'design');
#14896=PRODUCT_DEFINITION_FORMATION_WITH_SPECIFIED_SOURCE('','',#14906,
 .NOT_KNOWN.);
#14897=PRODUCT_DEFINITION_FORMATION_WITH_SPECIFIED_SOURCE('','',#14907,
 .NOT_KNOWN.);
#14898=PRODUCT_DEFINITION_FORMATION_WITH_SPECIFIED_SOURCE('','',#14908,
 .NOT_KNOWN.);
#14899=PRODUCT_DEFINITION_FORMATION_WITH_SPECIFIED_SOURCE('','',#14909,
 .NOT_KNOWN.);
#14900=PRODUCT_DEFINITION_FORMATION_WITH_SPECIFIED_SOURCE('','',#14910,
 .NOT_KNOWN.);
#14901=PRODUCT_RELATED_PRODUCT_CATEGORY('','',(#14906));
#14902=PRODUCT_RELATED_PRODUCT_CATEGORY('','',(#14907));
#14903=PRODUCT_RELATED_PRODUCT_CATEGORY('','',(#14908));
#14904=PRODUCT_RELATED_PRODUCT_CATEGORY('','',(#14909));
#14905=PRODUCT_RELATED_PRODUCT_CATEGORY('','',(#14910));
#14906=PRODUCT('GEP2010IL-00-B(01CSTE008461)',
'GEP2010IL-00-B(01CSTE008461)','GEP2010IL-00-B(01CSTE008461)',(#14916));
#14907=PRODUCT('GEP2010IL-00-B1_ZYL','GEP2010IL-00-B1_ZYL',
'GEP2010IL-00-B1_ZYL',(#14917));
#14908=PRODUCT('CSTE00846_Stecker-','CSTE00846_Stecker-',
'CSTE00846_Stecker-',(#14918));
#14909=PRODUCT('CTYP00096_Etikett','CTYP00096_Etikett',
'CTYP00096_Etikett',(#14919));
#14910=PRODUCT('GEP2010IL-00-B_bac 1','GEP2010IL-00-B_bac 1',
'GEP2010IL-00-B_bac 1',(#14920));
#14911=PRODUCT_CATEGORY('','');
#14912=PRODUCT_CATEGORY('','');
#14913=PRODUCT_CATEGORY('','');
#14914=PRODUCT_CATEGORY('','');
#14915=PRODUCT_CATEGORY('','');
#14916=PRODUCT_CONTEXT('',#14922,'mechanical');
#14917=PRODUCT_CONTEXT('',#14922,'mechanical');
#14918=PRODUCT_CONTEXT('',#14922,'mechanical');
#14919=PRODUCT_CONTEXT('',#14922,'mechanical');
#14920=PRODUCT_CONTEXT('',#14922,'mechanical');
#14921=APPLICATION_PROTOCOL_DEFINITION('international standard',
'automotive_design',2010,#14922);
#14922=APPLICATION_CONTEXT(
'core data for automotive mechanical design processes');
ENDSEC;
END-ISO-10303-21;
